switch_id,register,index,value
7,port_flow_count,0,0
7,port_flow_count,1,0
7,port_flow_count,2,0
7,port_flow_count,3,0
7,port_flow_count,4,0
7,port_flow_count,5,0
7,port_flow_count,6,0
7,port_flow_count,7,0
7,port_flow_count,8,0
7,port_flow_count,9,0
7,port_flow_count,10,0
7,port_flow_count,11,0
7,port_flow_count,12,0
7,port_flow_count,13,0
7,port_flow_count,14,0
7,port_flow_count,15,0
7,port_flow_count,16,0
7,port_flow_count,17,0
7,port_flow_count,18,0
7,port_flow_count,19,0
7,port_flow_count,20,0
7,port_flow_count,21,0
7,port_flow_count,22,0
7,port_flow_count,23,0
7,port_flow_count,24,0
7,port_flow_count,25,0
7,port_flow_count,26,0
7,port_flow_count,27,0
7,port_flow_count,28,0
7,port_flow_count,29,0
7,port_flow_count,30,0
7,port_flow_count,31,0
7,port_flow_count,32,0
7,port_flow_count,33,0
7,port_flow_count,34,0
7,port_flow_count,35,0
7,port_flow_count,36,0
7,port_flow_count,37,0
7,port_flow_count,38,0
7,port_flow_count,39,0
7,port_flow_count,40,0
7,port_flow_count,41,0
7,port_flow_count,42,0
7,port_flow_count,43,0
7,port_flow_count,44,0
7,port_flow_count,45,0
7,port_flow_count,46,0
7,port_flow_count,47,0
7,port_flow_count,48,0
7,port_flow_count,49,0
7,port_flow_count,50,0
7,port_flow_count,51,0
7,port_flow_count,52,0
7,port_flow_count,53,0
7,port_flow_count,54,0
7,port_flow_count,55,0
7,port_flow_count,56,0
7,port_flow_count,57,0
7,port_flow_count,58,0
7,port_flow_count,59,0
7,port_flow_count,60,0
7,port_flow_count,61,0
7,port_flow_count,62,0
7,port_flow_count,63,0
7,port_flow_count,64,0
7,port_flow_count,65,0
7,port_flow_count,66,0
7,port_flow_count,67,0
7,port_flow_count,68,0
7,port_flow_count,69,0
7,port_flow_count,70,0
7,port_flow_count,71,0
7,port_flow_count,72,0
7,port_flow_count,73,0
7,port_flow_count,74,0
7,port_flow_count,75,0
7,port_flow_count,76,0
7,port_flow_count,77,0
7,port_flow_count,78,0
7,port_flow_count,79,0
7,port_flow_count,80,0
7,port_flow_count,81,0
7,port_flow_count,82,0
7,port_flow_count,83,0
7,port_flow_count,84,0
7,port_flow_count,85,0
7,port_flow_count,86,0
7,port_flow_count,87,0
7,port_flow_count,88,0
7,port_flow_count,89,0
7,port_flow_count,90,0
7,port_flow_count,91,0
7,port_flow_count,92,0
7,port_flow_count,93,0
7,port_flow_count,94,0
7,port_flow_count,95,0
7,port_flow_count,96,0
7,port_flow_count,97,0
7,port_flow_count,98,0
7,port_flow_count,99,0
7,port_flow_count,100,0
7,port_flow_count,101,0
7,port_flow_count,102,0
7,port_flow_count,103,0
7,port_flow_count,104,0
7,port_flow_count,105,0
7,port_flow_count,106,0
7,port_flow_count,107,0
7,port_flow_count,108,0
7,port_flow_count,109,0
7,port_flow_count,110,0
7,port_flow_count,111,0
7,port_flow_count,112,0
7,port_flow_count,113,0
7,port_flow_count,114,0
7,port_flow_count,115,0
7,port_flow_count,116,0
7,port_flow_count,117,0
7,port_flow_count,118,0
7,port_flow_count,119,0
7,port_flow_count,120,0
7,port_flow_count,121,0
7,port_flow_count,122,0
7,port_flow_count,123,0
7,port_flow_count,124,0
7,port_flow_count,125,0
7,port_flow_count,126,0
7,port_flow_count,127,0
7,port_flow_count,128,0
7,port_flow_count,129,0
7,port_flow_count,130,0
7,port_flow_count,131,0
7,port_flow_count,132,0
7,port_flow_count,133,0
7,port_flow_count,134,0
7,port_flow_count,135,0
7,port_flow_count,136,0
7,port_flow_count,137,0
7,port_flow_count,138,0
7,port_flow_count,139,0
7,port_flow_count,140,0
7,port_flow_count,141,0
7,port_flow_count,142,0
7,port_flow_count,143,0
7,port_flow_count,144,0
7,port_flow_count,145,0
7,port_flow_count,146,0
7,port_flow_count,147,0
7,port_flow_count,148,0
7,port_flow_count,149,0
7,port_flow_count,150,0
7,port_flow_count,151,0
7,port_flow_count,152,0
7,port_flow_count,153,0
7,port_flow_count,154,0
7,port_flow_count,155,0
7,port_flow_count,156,0
7,port_flow_count,157,0
7,port_flow_count,158,0
7,port_flow_count,159,0
7,port_flow_count,160,0
7,port_flow_count,161,0
7,port_flow_count,162,0
7,port_flow_count,163,0
7,port_flow_count,164,0
7,port_flow_count,165,0
7,port_flow_count,166,0
7,port_flow_count,167,0
7,port_flow_count,168,0
7,port_flow_count,169,0
7,port_flow_count,170,0
7,port_flow_count,171,0
7,port_flow_count,172,0
7,port_flow_count,173,0
7,port_flow_count,174,0
7,port_flow_count,175,0
7,port_flow_count,176,0
7,port_flow_count,177,0
7,port_flow_count,178,0
7,port_flow_count,179,0
7,port_flow_count,180,0
7,port_flow_count,181,0
7,port_flow_count,182,0
7,port_flow_count,183,0
7,port_flow_count,184,0
7,port_flow_count,185,0
7,port_flow_count,186,0
7,port_flow_count,187,0
7,port_flow_count,188,0
7,port_flow_count,189,0
7,port_flow_count,190,0
7,port_flow_count,191,0
7,port_flow_count,192,0
7,port_flow_count,193,0
7,port_flow_count,194,0
7,port_flow_count,195,0
7,port_flow_count,196,0
7,port_flow_count,197,0
7,port_flow_count,198,0
7,port_flow_count,199,0
7,port_flow_count,200,0
7,port_flow_count,201,0
7,port_flow_count,202,0
7,port_flow_count,203,0
7,port_flow_count,204,0
7,port_flow_count,205,0
7,port_flow_count,206,0
7,port_flow_count,207,0
7,port_flow_count,208,0
7,port_flow_count,209,0
7,port_flow_count,210,0
7,port_flow_count,211,0
7,port_flow_count,212,0
7,port_flow_count,213,0
7,port_flow_count,214,0
7,port_flow_count,215,0
7,port_flow_count,216,0
7,port_flow_count,217,0
7,port_flow_count,218,0
7,port_flow_count,219,0
7,port_flow_count,220,0
7,port_flow_count,221,0
7,port_flow_count,222,0
7,port_flow_count,223,0
7,port_flow_count,224,0
7,port_flow_count,225,0
7,port_flow_count,226,0
7,port_flow_count,227,0
7,port_flow_count,228,0
7,port_flow_count,229,0
7,port_flow_count,230,0
7,port_flow_count,231,0
7,port_flow_count,232,0
7,port_flow_count,233,0
7,port_flow_count,234,0
7,port_flow_count,235,0
7,port_flow_count,236,0
7,port_flow_count,237,0
7,port_flow_count,238,0
7,port_flow_count,239,0
7,port_flow_count,240,0
7,port_flow_count,241,0
7,port_flow_count,242,0
7,port_flow_count,243,0
7,port_flow_count,244,0
7,port_flow_count,245,0
7,port_flow_count,246,0
7,port_flow_count,247,0
7,port_flow_count,248,0
7,port_flow_count,249,0
7,port_flow_count,250,0
7,port_flow_count,251,0
7,port_flow_count,252,0
7,port_flow_count,253,0
7,port_flow_count,254,0
7,port_flow_count,255,0
7,port_flow_count,256,0
7,port_flow_count,257,0
7,port_flow_count,258,0
7,port_flow_count,259,0
7,port_flow_count,260,0
7,port_flow_count,261,0
7,port_flow_count,262,0
7,port_flow_count,263,0
7,port_flow_count,264,0
7,port_flow_count,265,0
7,port_flow_count,266,0
7,port_flow_count,267,0
7,port_flow_count,268,0
7,port_flow_count,269,0
7,port_flow_count,270,0
7,port_flow_count,271,0
7,port_flow_count,272,0
7,port_flow_count,273,0
7,port_flow_count,274,0
7,port_flow_count,275,0
7,port_flow_count,276,0
7,port_flow_count,277,0
7,port_flow_count,278,0
7,port_flow_count,279,0
7,port_flow_count,280,0
7,port_flow_count,281,0
7,port_flow_count,282,0
7,port_flow_count,283,0
7,port_flow_count,284,0
7,port_flow_count,285,0
7,port_flow_count,286,0
7,port_flow_count,287,0
7,port_flow_count,288,0
7,port_flow_count,289,0
7,port_flow_count,290,0
7,port_flow_count,291,0
7,port_flow_count,292,0
7,port_flow_count,293,0
7,port_flow_count,294,0
7,port_flow_count,295,0
7,port_flow_count,296,0
7,port_flow_count,297,0
7,port_flow_count,298,0
7,port_flow_count,299,0
7,port_flow_count,300,0
7,port_flow_count,301,0
7,port_flow_count,302,0
7,port_flow_count,303,0
7,port_flow_count,304,0
7,port_flow_count,305,0
7,port_flow_count,306,0
7,port_flow_count,307,0
7,port_flow_count,308,0
7,port_flow_count,309,0
7,port_flow_count,310,0
7,port_flow_count,311,0
7,port_flow_count,312,0
7,port_flow_count,313,0
7,port_flow_count,314,0
7,port_flow_count,315,0
7,port_flow_count,316,0
7,port_flow_count,317,0
7,port_flow_count,318,0
7,port_flow_count,319,0
7,port_flow_count,320,0
7,port_flow_count,321,0
7,port_flow_count,322,0
7,port_flow_count,323,0
7,port_flow_count,324,0
7,port_flow_count,325,0
7,port_flow_count,326,0
7,port_flow_count,327,0
7,port_flow_count,328,0
7,port_flow_count,329,0
7,port_flow_count,330,0
7,port_flow_count,331,0
7,port_flow_count,332,0
7,port_flow_count,333,0
7,port_flow_count,334,0
7,port_flow_count,335,0
7,port_flow_count,336,0
7,port_flow_count,337,0
7,port_flow_count,338,0
7,port_flow_count,339,0
7,port_flow_count,340,0
7,port_flow_count,341,0
7,port_flow_count,342,0
7,port_flow_count,343,0
7,port_flow_count,344,0
7,port_flow_count,345,0
7,port_flow_count,346,0
7,port_flow_count,347,0
7,port_flow_count,348,0
7,port_flow_count,349,0
7,port_flow_count,350,0
7,port_flow_count,351,0
7,port_flow_count,352,0
7,port_flow_count,353,0
7,port_flow_count,354,0
7,port_flow_count,355,0
7,port_flow_count,356,0
7,port_flow_count,357,0
7,port_flow_count,358,0
7,port_flow_count,359,0
7,port_flow_count,360,0
7,port_flow_count,361,0
7,port_flow_count,362,0
7,port_flow_count,363,0
7,port_flow_count,364,0
7,port_flow_count,365,0
7,port_flow_count,366,0
7,port_flow_count,367,0
7,port_flow_count,368,0
7,port_flow_count,369,0
7,port_flow_count,370,0
7,port_flow_count,371,0
7,port_flow_count,372,0
7,port_flow_count,373,0
7,port_flow_count,374,0
7,port_flow_count,375,0
7,port_flow_count,376,0
7,port_flow_count,377,0
7,port_flow_count,378,0
7,port_flow_count,379,0
7,port_flow_count,380,0
7,port_flow_count,381,0
7,port_flow_count,382,0
7,port_flow_count,383,0
7,port_flow_count,384,0
7,port_flow_count,385,0
7,port_flow_count,386,0
7,port_flow_count,387,0
7,port_flow_count,388,0
7,port_flow_count,389,0
7,port_flow_count,390,0
7,port_flow_count,391,0
7,port_flow_count,392,0
7,port_flow_count,393,0
7,port_flow_count,394,0
7,port_flow_count,395,0
7,port_flow_count,396,0
7,port_flow_count,397,0
7,port_flow_count,398,0
7,port_flow_count,399,0
7,port_flow_count,400,0
7,port_flow_count,401,0
7,port_flow_count,402,0
7,port_flow_count,403,0
7,port_flow_count,404,0
7,port_flow_count,405,0
7,port_flow_count,406,0
7,port_flow_count,407,0
7,port_flow_count,408,0
7,port_flow_count,409,0
7,port_flow_count,410,0
7,port_flow_count,411,0
7,port_flow_count,412,0
7,port_flow_count,413,0
7,port_flow_count,414,0
7,port_flow_count,415,0
7,port_flow_count,416,0
7,port_flow_count,417,0
7,port_flow_count,418,0
7,port_flow_count,419,0
7,port_flow_count,420,0
7,port_flow_count,421,0
7,port_flow_count,422,0
7,port_flow_count,423,0
7,port_flow_count,424,0
7,port_flow_count,425,0
7,port_flow_count,426,0
7,port_flow_count,427,0
7,port_flow_count,428,0
7,port_flow_count,429,0
7,port_flow_count,430,0
7,port_flow_count,431,0
7,port_flow_count,432,0
7,port_flow_count,433,0
7,port_flow_count,434,0
7,port_flow_count,435,0
7,port_flow_count,436,0
7,port_flow_count,437,0
7,port_flow_count,438,0
7,port_flow_count,439,0
7,port_flow_count,440,0
7,port_flow_count,441,0
7,port_flow_count,442,0
7,port_flow_count,443,0
7,port_flow_count,444,0
7,port_flow_count,445,0
7,port_flow_count,446,0
7,port_flow_count,447,0
7,port_flow_count,448,0
7,port_flow_count,449,0
7,port_flow_count,450,0
7,port_flow_count,451,0
7,port_flow_count,452,0
7,port_flow_count,453,0
7,port_flow_count,454,0
7,port_flow_count,455,0
7,port_flow_count,456,0
7,port_flow_count,457,0
7,port_flow_count,458,0
7,port_flow_count,459,0
7,port_flow_count,460,0
7,port_flow_count,461,0
7,port_flow_count,462,0
7,port_flow_count,463,0
7,port_flow_count,464,0
7,port_flow_count,465,0
7,port_flow_count,466,0
7,port_flow_count,467,0
7,port_flow_count,468,0
7,port_flow_count,469,0
7,port_flow_count,470,0
7,port_flow_count,471,0
7,port_flow_count,472,0
7,port_flow_count,473,0
7,port_flow_count,474,0
7,port_flow_count,475,0
7,port_flow_count,476,0
7,port_flow_count,477,0
7,port_flow_count,478,0
7,port_flow_count,479,0
7,port_flow_count,480,0
7,port_flow_count,481,0
7,port_flow_count,482,0
7,port_flow_count,483,0
7,port_flow_count,484,0
7,port_flow_count,485,0
7,port_flow_count,486,0
7,port_flow_count,487,0
7,port_flow_count,488,0
7,port_flow_count,489,0
7,port_flow_count,490,0
7,port_flow_count,491,0
7,port_flow_count,492,0
7,port_flow_count,493,0
7,port_flow_count,494,0
7,port_flow_count,495,0
7,port_flow_count,496,0
7,port_flow_count,497,0
7,port_flow_count,498,0
7,port_flow_count,499,0
7,port_flow_count,500,0
7,port_flow_count,501,0
7,port_flow_count,502,0
7,port_flow_count,503,0
7,port_flow_count,504,0
7,port_flow_count,505,0
7,port_flow_count,506,0
7,port_flow_count,507,0
7,port_flow_count,508,0
7,port_flow_count,509,0
7,port_flow_count,510,0
7,port_flow_count,511,0
7,port_flow_count,512,0
7,port_flow_count,513,0
7,port_flow_count,514,0
7,port_flow_count,515,0
7,port_flow_count,516,0
7,port_flow_count,517,0
7,port_flow_count,518,0
7,port_flow_count,519,0
7,port_flow_count,520,0
7,port_flow_count,521,0
7,port_flow_count,522,0
7,port_flow_count,523,0
7,port_flow_count,524,0
7,port_flow_count,525,0
7,port_flow_count,526,0
7,port_flow_count,527,0
7,port_flow_count,528,0
7,port_flow_count,529,0
7,port_flow_count,530,0
7,port_flow_count,531,0
7,port_flow_count,532,0
7,port_flow_count,533,0
7,port_flow_count,534,0
7,port_flow_count,535,0
7,port_flow_count,536,0
7,port_flow_count,537,0
7,port_flow_count,538,0
7,port_flow_count,539,0
7,port_flow_count,540,0
7,port_flow_count,541,0
7,port_flow_count,542,0
7,port_flow_count,543,0
7,port_flow_count,544,0
7,port_flow_count,545,0
7,port_flow_count,546,0
7,port_flow_count,547,0
7,port_flow_count,548,0
7,port_flow_count,549,0
7,port_flow_count,550,0
7,port_flow_count,551,0
7,port_flow_count,552,0
7,port_flow_count,553,0
7,port_flow_count,554,0
7,port_flow_count,555,0
7,port_flow_count,556,0
7,port_flow_count,557,0
7,port_flow_count,558,0
7,port_flow_count,559,0
7,port_flow_count,560,0
7,port_flow_count,561,0
7,port_flow_count,562,0
7,port_flow_count,563,0
7,port_flow_count,564,0
7,port_flow_count,565,0
7,port_flow_count,566,0
7,port_flow_count,567,0
7,port_flow_count,568,0
7,port_flow_count,569,0
7,port_flow_count,570,0
7,port_flow_count,571,0
7,port_flow_count,572,0
7,port_flow_count,573,0
7,port_flow_count,574,0
7,port_flow_count,575,0
7,port_flow_count,576,0
7,port_flow_count,577,0
7,port_flow_count,578,0
7,port_flow_count,579,0
7,port_flow_count,580,0
7,port_flow_count,581,0
7,port_flow_count,582,0
7,port_flow_count,583,0
7,port_flow_count,584,0
7,port_flow_count,585,0
7,port_flow_count,586,0
7,port_flow_count,587,0
7,port_flow_count,588,0
7,port_flow_count,589,0
7,port_flow_count,590,0
7,port_flow_count,591,0
7,port_flow_count,592,0
7,port_flow_count,593,0
7,port_flow_count,594,0
7,port_flow_count,595,0
7,port_flow_count,596,0
7,port_flow_count,597,0
7,port_flow_count,598,0
7,port_flow_count,599,0
7,port_flow_count,600,0
7,port_flow_count,601,0
7,port_flow_count,602,0
7,port_flow_count,603,0
7,port_flow_count,604,0
7,port_flow_count,605,0
7,port_flow_count,606,0
7,port_flow_count,607,0
7,port_flow_count,608,0
7,port_flow_count,609,0
7,port_flow_count,610,0
7,port_flow_count,611,0
7,port_flow_count,612,0
7,port_flow_count,613,0
7,port_flow_count,614,0
7,port_flow_count,615,0
7,port_flow_count,616,0
7,port_flow_count,617,0
7,port_flow_count,618,0
7,port_flow_count,619,0
7,port_flow_count,620,0
7,port_flow_count,621,0
7,port_flow_count,622,0
7,port_flow_count,623,0
7,port_flow_count,624,0
7,port_flow_count,625,0
7,port_flow_count,626,0
7,port_flow_count,627,0
7,port_flow_count,628,0
7,port_flow_count,629,0
7,port_flow_count,630,0
7,port_flow_count,631,0
7,port_flow_count,632,0
7,port_flow_count,633,0
7,port_flow_count,634,0
7,port_flow_count,635,0
7,port_flow_count,636,0
7,port_flow_count,637,0
7,port_flow_count,638,0
7,port_flow_count,639,0
7,port_flow_count,640,0
7,port_flow_count,641,0
7,port_flow_count,642,0
7,port_flow_count,643,0
7,port_flow_count,644,0
7,port_flow_count,645,0
7,port_flow_count,646,0
7,port_flow_count,647,0
7,port_flow_count,648,0
7,port_flow_count,649,0
7,port_flow_count,650,0
7,port_flow_count,651,0
7,port_flow_count,652,0
7,port_flow_count,653,0
7,port_flow_count,654,0
7,port_flow_count,655,0
7,port_flow_count,656,0
7,port_flow_count,657,0
7,port_flow_count,658,0
7,port_flow_count,659,0
7,port_flow_count,660,0
7,port_flow_count,661,0
7,port_flow_count,662,0
7,port_flow_count,663,0
7,port_flow_count,664,0
7,port_flow_count,665,0
7,port_flow_count,666,0
7,port_flow_count,667,0
7,port_flow_count,668,0
7,port_flow_count,669,0
7,port_flow_count,670,0
7,port_flow_count,671,0
7,port_flow_count,672,0
7,port_flow_count,673,0
7,port_flow_count,674,0
7,port_flow_count,675,0
7,port_flow_count,676,0
7,port_flow_count,677,0
7,port_flow_count,678,0
7,port_flow_count,679,0
7,port_flow_count,680,0
7,port_flow_count,681,0
7,port_flow_count,682,0
7,port_flow_count,683,0
7,port_flow_count,684,0
7,port_flow_count,685,0
7,port_flow_count,686,0
7,port_flow_count,687,0
7,port_flow_count,688,0
7,port_flow_count,689,0
7,port_flow_count,690,0
7,port_flow_count,691,0
7,port_flow_count,692,0
7,port_flow_count,693,0
7,port_flow_count,694,0
7,port_flow_count,695,0
7,port_flow_count,696,0
7,port_flow_count,697,0
7,port_flow_count,698,0
7,port_flow_count,699,0
7,port_flow_count,700,0
7,port_flow_count,701,0
7,port_flow_count,702,0
7,port_flow_count,703,0
7,port_flow_count,704,0
7,port_flow_count,705,0
7,port_flow_count,706,0
7,port_flow_count,707,0
7,port_flow_count,708,0
7,port_flow_count,709,0
7,port_flow_count,710,0
7,port_flow_count,711,0
7,port_flow_count,712,0
7,port_flow_count,713,0
7,port_flow_count,714,0
7,port_flow_count,715,0
7,port_flow_count,716,0
7,port_flow_count,717,0
7,port_flow_count,718,0
7,port_flow_count,719,0
7,port_flow_count,720,0
7,port_flow_count,721,0
7,port_flow_count,722,0
7,port_flow_count,723,0
7,port_flow_count,724,0
7,port_flow_count,725,0
7,port_flow_count,726,0
7,port_flow_count,727,0
7,port_flow_count,728,0
7,port_flow_count,729,0
7,port_flow_count,730,0
7,port_flow_count,731,0
7,port_flow_count,732,0
7,port_flow_count,733,0
7,port_flow_count,734,0
7,port_flow_count,735,0
7,port_flow_count,736,0
7,port_flow_count,737,0
7,port_flow_count,738,0
7,port_flow_count,739,0
7,port_flow_count,740,0
7,port_flow_count,741,0
7,port_flow_count,742,0
7,port_flow_count,743,0
7,port_flow_count,744,0
7,port_flow_count,745,0
7,port_flow_count,746,0
7,port_flow_count,747,0
7,port_flow_count,748,0
7,port_flow_count,749,0
7,port_flow_count,750,0
7,port_flow_count,751,0
7,port_flow_count,752,0
7,port_flow_count,753,0
7,port_flow_count,754,0
7,port_flow_count,755,0
7,port_flow_count,756,0
7,port_flow_count,757,0
7,port_flow_count,758,0
7,port_flow_count,759,0
7,port_flow_count,760,0
7,port_flow_count,761,0
7,port_flow_count,762,0
7,port_flow_count,763,0
7,port_flow_count,764,0
7,port_flow_count,765,0
7,port_flow_count,766,0
7,port_flow_count,767,0
7,port_flow_count,768,0
7,port_flow_count,769,0
7,port_flow_count,770,0
7,port_flow_count,771,0
7,port_flow_count,772,0
7,port_flow_count,773,0
7,port_flow_count,774,0
7,port_flow_count,775,0
7,port_flow_count,776,0
7,port_flow_count,777,0
7,port_flow_count,778,0
7,port_flow_count,779,0
7,port_flow_count,780,0
7,port_flow_count,781,0
7,port_flow_count,782,0
7,port_flow_count,783,0
7,port_flow_count,784,0
7,port_flow_count,785,0
7,port_flow_count,786,0
7,port_flow_count,787,0
7,port_flow_count,788,0
7,port_flow_count,789,0
7,port_flow_count,790,0
7,port_flow_count,791,0
7,port_flow_count,792,0
7,port_flow_count,793,0
7,port_flow_count,794,0
7,port_flow_count,795,0
7,port_flow_count,796,0
7,port_flow_count,797,0
7,port_flow_count,798,0
7,port_flow_count,799,0
7,port_flow_count,800,0
7,port_flow_count,801,0
7,port_flow_count,802,0
7,port_flow_count,803,0
7,port_flow_count,804,0
7,port_flow_count,805,0
7,port_flow_count,806,0
7,port_flow_count,807,0
7,port_flow_count,808,0
7,port_flow_count,809,0
7,port_flow_count,810,0
7,port_flow_count,811,0
7,port_flow_count,812,0
7,port_flow_count,813,0
7,port_flow_count,814,0
7,port_flow_count,815,0
7,port_flow_count,816,0
7,port_flow_count,817,0
7,port_flow_count,818,0
7,port_flow_count,819,0
7,port_flow_count,820,0
7,port_flow_count,821,0
7,port_flow_count,822,0
7,port_flow_count,823,0
7,port_flow_count,824,0
7,port_flow_count,825,0
7,port_flow_count,826,0
7,port_flow_count,827,0
7,port_flow_count,828,0
7,port_flow_count,829,0
7,port_flow_count,830,0
7,port_flow_count,831,0
7,port_flow_count,832,0
7,port_flow_count,833,0
7,port_flow_count,834,0
7,port_flow_count,835,0
7,port_flow_count,836,0
7,port_flow_count,837,0
7,port_flow_count,838,0
7,port_flow_count,839,0
7,port_flow_count,840,0
7,port_flow_count,841,0
7,port_flow_count,842,0
7,port_flow_count,843,0
7,port_flow_count,844,0
7,port_flow_count,845,0
7,port_flow_count,846,0
7,port_flow_count,847,0
7,port_flow_count,848,0
7,port_flow_count,849,0
7,port_flow_count,850,0
7,port_flow_count,851,0
7,port_flow_count,852,0
7,port_flow_count,853,0
7,port_flow_count,854,0
7,port_flow_count,855,0
7,port_flow_count,856,0
7,port_flow_count,857,0
7,port_flow_count,858,0
7,port_flow_count,859,0
7,port_flow_count,860,0
7,port_flow_count,861,0
7,port_flow_count,862,0
7,port_flow_count,863,0
7,port_flow_count,864,0
7,port_flow_count,865,0
7,port_flow_count,866,0
7,port_flow_count,867,0
7,port_flow_count,868,0
7,port_flow_count,869,0
7,port_flow_count,870,0
7,port_flow_count,871,0
7,port_flow_count,872,0
7,port_flow_count,873,0
7,port_flow_count,874,0
7,port_flow_count,875,0
7,port_flow_count,876,0
7,port_flow_count,877,0
7,port_flow_count,878,0
7,port_flow_count,879,0
7,port_flow_count,880,0
7,port_flow_count,881,0
7,port_flow_count,882,0
7,port_flow_count,883,0
7,port_flow_count,884,0
7,port_flow_count,885,0
7,port_flow_count,886,0
7,port_flow_count,887,0
7,port_flow_count,888,0
7,port_flow_count,889,0
7,port_flow_count,890,0
7,port_flow_count,891,0
7,port_flow_count,892,0
7,port_flow_count,893,0
7,port_flow_count,894,0
7,port_flow_count,895,0
7,port_flow_count,896,0
7,port_flow_count,897,0
7,port_flow_count,898,0
7,port_flow_count,899,0
7,port_flow_count,900,0
7,port_flow_count,901,0
7,port_flow_count,902,0
7,port_flow_count,903,0
7,port_flow_count,904,0
7,port_flow_count,905,0
7,port_flow_count,906,0
7,port_flow_count,907,0
7,port_flow_count,908,0
7,port_flow_count,909,0
7,port_flow_count,910,0
7,port_flow_count,911,0
7,port_flow_count,912,0
7,port_flow_count,913,0
7,port_flow_count,914,0
7,port_flow_count,915,0
7,port_flow_count,916,0
7,port_flow_count,917,0
7,port_flow_count,918,0
7,port_flow_count,919,0
7,port_flow_count,920,0
7,port_flow_count,921,0
7,port_flow_count,922,0
7,port_flow_count,923,0
7,port_flow_count,924,0
7,port_flow_count,925,0
7,port_flow_count,926,0
7,port_flow_count,927,0
7,port_flow_count,928,0
7,port_flow_count,929,0
7,port_flow_count,930,0
7,port_flow_count,931,0
7,port_flow_count,932,0
7,port_flow_count,933,0
7,port_flow_count,934,0
7,port_flow_count,935,0
7,port_flow_count,936,0
7,port_flow_count,937,0
7,port_flow_count,938,0
7,port_flow_count,939,0
7,port_flow_count,940,0
7,port_flow_count,941,0
7,port_flow_count,942,0
7,port_flow_count,943,0
7,port_flow_count,944,0
7,port_flow_count,945,0
7,port_flow_count,946,0
7,port_flow_count,947,0
7,port_flow_count,948,0
7,port_flow_count,949,0
7,port_flow_count,950,0
7,port_flow_count,951,0
7,port_flow_count,952,0
7,port_flow_count,953,0
7,port_flow_count,954,0
7,port_flow_count,955,0
7,port_flow_count,956,0
7,port_flow_count,957,0
7,port_flow_count,958,0
7,port_flow_count,959,0
7,port_flow_count,960,0
7,port_flow_count,961,0
7,port_flow_count,962,0
7,port_flow_count,963,0
7,port_flow_count,964,0
7,port_flow_count,965,0
7,port_flow_count,966,0
7,port_flow_count,967,0
7,port_flow_count,968,0
7,port_flow_count,969,0
7,port_flow_count,970,0
7,port_flow_count,971,0
7,port_flow_count,972,0
7,port_flow_count,973,0
7,port_flow_count,974,0
7,port_flow_count,975,0
7,port_flow_count,976,0
7,port_flow_count,977,0
7,port_flow_count,978,0
7,port_flow_count,979,0
7,port_flow_count,980,0
7,port_flow_count,981,0
7,port_flow_count,982,0
7,port_flow_count,983,0
7,port_flow_count,984,0
7,port_flow_count,985,0
7,port_flow_count,986,0
7,port_flow_count,987,0
7,port_flow_count,988,0
7,port_flow_count,989,0
7,port_flow_count,990,0
7,port_flow_count,991,0
7,port_flow_count,992,0
7,port_flow_count,993,0
7,port_flow_count,994,0
7,port_flow_count,995,0
7,port_flow_count,996,0
7,port_flow_count,997,0
7,port_flow_count,998,0
7,port_flow_count,999,0
7,port_flow_count,1000,0
7,port_flow_count,1001,0
7,port_flow_count,1002,0
7,port_flow_count,1003,0
7,port_flow_count,1004,0
7,port_flow_count,1005,0
7,port_flow_count,1006,0
7,port_flow_count,1007,0
7,port_flow_count,1008,0
7,port_flow_count,1009,0
7,port_flow_count,1010,0
7,port_flow_count,1011,0
7,port_flow_count,1012,0
7,port_flow_count,1013,0
7,port_flow_count,1014,0
7,port_flow_count,1015,0
7,port_flow_count,1016,0
7,port_flow_count,1017,0
7,port_flow_count,1018,0
7,port_flow_count,1019,0
7,port_flow_count,1020,0
7,port_flow_count,1021,0
7,port_flow_count,1022,0
7,port_flow_count,1023,0
7,port_flow_count,1024,0
7,port_flow_count,1025,0
7,port_flow_count,1026,0
7,port_flow_count,1027,0
7,port_flow_count,1028,0
7,port_flow_count,1029,0
7,port_flow_count,1030,0
7,port_flow_count,1031,0
7,port_flow_count,1032,0
7,port_flow_count,1033,0
7,port_flow_count,1034,0
7,port_flow_count,1035,0
7,port_flow_count,1036,0
7,port_flow_count,1037,0
7,port_flow_count,1038,0
7,port_flow_count,1039,0
7,port_flow_count,1040,0
7,port_flow_count,1041,0
7,port_flow_count,1042,0
7,port_flow_count,1043,0
7,port_flow_count,1044,0
7,port_flow_count,1045,0
7,port_flow_count,1046,0
7,port_flow_count,1047,0
7,port_flow_count,1048,0
7,port_flow_count,1049,0
7,port_flow_count,1050,0
7,port_flow_count,1051,0
7,port_flow_count,1052,0
7,port_flow_count,1053,0
7,port_flow_count,1054,0
7,port_flow_count,1055,0
7,port_flow_count,1056,0
7,port_flow_count,1057,0
7,port_flow_count,1058,0
7,port_flow_count,1059,0
7,port_flow_count,1060,0
7,port_flow_count,1061,0
7,port_flow_count,1062,0
7,port_flow_count,1063,0
7,port_flow_count,1064,0
7,port_flow_count,1065,0
7,port_flow_count,1066,0
7,port_flow_count,1067,0
7,port_flow_count,1068,0
7,port_flow_count,1069,0
7,port_flow_count,1070,0
7,port_flow_count,1071,0
7,port_flow_count,1072,0
7,port_flow_count,1073,0
7,port_flow_count,1074,0
7,port_flow_count,1075,0
7,port_flow_count,1076,0
7,port_flow_count,1077,0
7,port_flow_count,1078,0
7,port_flow_count,1079,0
7,port_flow_count,1080,0
7,port_flow_count,1081,0
7,port_flow_count,1082,0
7,port_flow_count,1083,0
7,port_flow_count,1084,0
7,port_flow_count,1085,0
7,port_flow_count,1086,0
7,port_flow_count,1087,0
7,port_flow_count,1088,0
7,port_flow_count,1089,0
7,port_flow_count,1090,0
7,port_flow_count,1091,0
7,port_flow_count,1092,0
7,port_flow_count,1093,0
7,port_flow_count,1094,0
7,port_flow_count,1095,0
7,port_flow_count,1096,0
7,port_flow_count,1097,0
7,port_flow_count,1098,0
7,port_flow_count,1099,0
7,port_flow_count,1100,0
7,port_flow_count,1101,0
7,port_flow_count,1102,0
7,port_flow_count,1103,0
7,port_flow_count,1104,0
7,port_flow_count,1105,0
7,port_flow_count,1106,0
7,port_flow_count,1107,0
7,port_flow_count,1108,0
7,port_flow_count,1109,0
7,port_flow_count,1110,0
7,port_flow_count,1111,0
7,port_flow_count,1112,0
7,port_flow_count,1113,0
7,port_flow_count,1114,0
7,port_flow_count,1115,0
7,port_flow_count,1116,0
7,port_flow_count,1117,0
7,port_flow_count,1118,0
7,port_flow_count,1119,0
7,port_flow_count,1120,0
7,port_flow_count,1121,0
7,port_flow_count,1122,0
7,port_flow_count,1123,0
7,port_flow_count,1124,0
7,port_flow_count,1125,0
7,port_flow_count,1126,0
7,port_flow_count,1127,0
7,port_flow_count,1128,0
7,port_flow_count,1129,0
7,port_flow_count,1130,0
7,port_flow_count,1131,0
7,port_flow_count,1132,0
7,port_flow_count,1133,0
7,port_flow_count,1134,0
7,port_flow_count,1135,0
7,port_flow_count,1136,0
7,port_flow_count,1137,0
7,port_flow_count,1138,0
7,port_flow_count,1139,0
7,port_flow_count,1140,0
7,port_flow_count,1141,0
7,port_flow_count,1142,0
7,port_flow_count,1143,0
7,port_flow_count,1144,0
7,port_flow_count,1145,0
7,port_flow_count,1146,0
7,port_flow_count,1147,0
7,port_flow_count,1148,0
7,port_flow_count,1149,0
7,port_flow_count,1150,0
7,port_flow_count,1151,0
7,port_flow_count,1152,0
7,port_flow_count,1153,0
7,port_flow_count,1154,0
7,port_flow_count,1155,0
7,port_flow_count,1156,0
7,port_flow_count,1157,0
7,port_flow_count,1158,0
7,port_flow_count,1159,0
7,port_flow_count,1160,0
7,port_flow_count,1161,0
7,port_flow_count,1162,0
7,port_flow_count,1163,0
7,port_flow_count,1164,0
7,port_flow_count,1165,0
7,port_flow_count,1166,0
7,port_flow_count,1167,0
7,port_flow_count,1168,0
7,port_flow_count,1169,0
7,port_flow_count,1170,0
7,port_flow_count,1171,0
7,port_flow_count,1172,0
7,port_flow_count,1173,0
7,port_flow_count,1174,0
7,port_flow_count,1175,0
7,port_flow_count,1176,0
7,port_flow_count,1177,0
7,port_flow_count,1178,0
7,port_flow_count,1179,0
7,port_flow_count,1180,0
7,port_flow_count,1181,0
7,port_flow_count,1182,0
7,port_flow_count,1183,0
7,port_flow_count,1184,0
7,port_flow_count,1185,0
7,port_flow_count,1186,0
7,port_flow_count,1187,0
7,port_flow_count,1188,0
7,port_flow_count,1189,0
7,port_flow_count,1190,0
7,port_flow_count,1191,0
7,port_flow_count,1192,0
7,port_flow_count,1193,0
7,port_flow_count,1194,0
7,port_flow_count,1195,0
7,port_flow_count,1196,0
7,port_flow_count,1197,0
7,port_flow_count,1198,0
7,port_flow_count,1199,0
7,port_flow_count,1200,0
7,port_flow_count,1201,0
7,port_flow_count,1202,0
7,port_flow_count,1203,0
7,port_flow_count,1204,0
7,port_flow_count,1205,0
7,port_flow_count,1206,0
7,port_flow_count,1207,0
7,port_flow_count,1208,0
7,port_flow_count,1209,0
7,port_flow_count,1210,0
7,port_flow_count,1211,0
7,port_flow_count,1212,0
7,port_flow_count,1213,0
7,port_flow_count,1214,0
7,port_flow_count,1215,0
7,port_flow_count,1216,0
7,port_flow_count,1217,0
7,port_flow_count,1218,0
7,port_flow_count,1219,0
7,port_flow_count,1220,0
7,port_flow_count,1221,0
7,port_flow_count,1222,0
7,port_flow_count,1223,0
7,port_flow_count,1224,0
7,port_flow_count,1225,0
7,port_flow_count,1226,0
7,port_flow_count,1227,0
7,port_flow_count,1228,0
7,port_flow_count,1229,0
7,port_flow_count,1230,0
7,port_flow_count,1231,0
7,port_flow_count,1232,0
7,port_flow_count,1233,0
7,port_flow_count,1234,0
7,port_flow_count,1235,0
7,port_flow_count,1236,0
7,port_flow_count,1237,0
7,port_flow_count,1238,0
7,port_flow_count,1239,0
7,port_flow_count,1240,0
7,port_flow_count,1241,0
7,port_flow_count,1242,0
7,port_flow_count,1243,0
7,port_flow_count,1244,0
7,port_flow_count,1245,0
7,port_flow_count,1246,0
7,port_flow_count,1247,0
7,port_flow_count,1248,0
7,port_flow_count,1249,0
7,port_flow_count,1250,0
7,port_flow_count,1251,0
7,port_flow_count,1252,0
7,port_flow_count,1253,0
7,port_flow_count,1254,0
7,port_flow_count,1255,0
7,port_flow_count,1256,0
7,port_flow_count,1257,0
7,port_flow_count,1258,0
7,port_flow_count,1259,0
7,port_flow_count,1260,0
7,port_flow_count,1261,0
7,port_flow_count,1262,0
7,port_flow_count,1263,0
7,port_flow_count,1264,0
7,port_flow_count,1265,0
7,port_flow_count,1266,0
7,port_flow_count,1267,0
7,port_flow_count,1268,0
7,port_flow_count,1269,0
7,port_flow_count,1270,0
7,port_flow_count,1271,0
7,port_flow_count,1272,0
7,port_flow_count,1273,0
7,port_flow_count,1274,0
7,port_flow_count,1275,0
7,port_flow_count,1276,0
7,port_flow_count,1277,0
7,port_flow_count,1278,0
7,port_flow_count,1279,0
7,port_flow_count,1280,0
7,port_flow_count,1281,0
7,port_flow_count,1282,0
7,port_flow_count,1283,0
7,port_flow_count,1284,0
7,port_flow_count,1285,0
7,port_flow_count,1286,0
7,port_flow_count,1287,0
7,port_flow_count,1288,0
7,port_flow_count,1289,0
7,port_flow_count,1290,0
7,port_flow_count,1291,0
7,port_flow_count,1292,0
7,port_flow_count,1293,0
7,port_flow_count,1294,0
7,port_flow_count,1295,0
7,port_flow_count,1296,0
7,port_flow_count,1297,0
7,port_flow_count,1298,0
7,port_flow_count,1299,0
7,port_flow_count,1300,0
7,port_flow_count,1301,0
7,port_flow_count,1302,0
7,port_flow_count,1303,0
7,port_flow_count,1304,0
7,port_flow_count,1305,0
7,port_flow_count,1306,0
7,port_flow_count,1307,0
7,port_flow_count,1308,0
7,port_flow_count,1309,0
7,port_flow_count,1310,0
7,port_flow_count,1311,0
7,port_flow_count,1312,0
7,port_flow_count,1313,0
7,port_flow_count,1314,0
7,port_flow_count,1315,0
7,port_flow_count,1316,0
7,port_flow_count,1317,0
7,port_flow_count,1318,0
7,port_flow_count,1319,0
7,port_flow_count,1320,0
7,port_flow_count,1321,0
7,port_flow_count,1322,0
7,port_flow_count,1323,0
7,port_flow_count,1324,0
7,port_flow_count,1325,0
7,port_flow_count,1326,0
7,port_flow_count,1327,0
7,port_flow_count,1328,0
7,port_flow_count,1329,0
7,port_flow_count,1330,0
7,port_flow_count,1331,0
7,port_flow_count,1332,0
7,port_flow_count,1333,0
7,port_flow_count,1334,0
7,port_flow_count,1335,0
7,port_flow_count,1336,0
7,port_flow_count,1337,0
7,port_flow_count,1338,0
7,port_flow_count,1339,0
7,port_flow_count,1340,0
7,port_flow_count,1341,0
7,port_flow_count,1342,0
7,port_flow_count,1343,0
7,port_flow_count,1344,0
7,port_flow_count,1345,0
7,port_flow_count,1346,0
7,port_flow_count,1347,0
7,port_flow_count,1348,0
7,port_flow_count,1349,0
7,port_flow_count,1350,0
7,port_flow_count,1351,0
7,port_flow_count,1352,0
7,port_flow_count,1353,0
7,port_flow_count,1354,0
7,port_flow_count,1355,0
7,port_flow_count,1356,0
7,port_flow_count,1357,0
7,port_flow_count,1358,0
7,port_flow_count,1359,0
7,port_flow_count,1360,0
7,port_flow_count,1361,0
7,port_flow_count,1362,0
7,port_flow_count,1363,0
7,port_flow_count,1364,0
7,port_flow_count,1365,0
7,port_flow_count,1366,0
7,port_flow_count,1367,0
7,port_flow_count,1368,0
7,port_flow_count,1369,0
7,port_flow_count,1370,0
7,port_flow_count,1371,0
7,port_flow_count,1372,0
7,port_flow_count,1373,0
7,port_flow_count,1374,0
7,port_flow_count,1375,0
7,port_flow_count,1376,0
7,port_flow_count,1377,0
7,port_flow_count,1378,0
7,port_flow_count,1379,0
7,port_flow_count,1380,0
7,port_flow_count,1381,0
7,port_flow_count,1382,0
7,port_flow_count,1383,0
7,port_flow_count,1384,0
7,port_flow_count,1385,0
7,port_flow_count,1386,0
7,port_flow_count,1387,0
7,port_flow_count,1388,0
7,port_flow_count,1389,0
7,port_flow_count,1390,0
7,port_flow_count,1391,0
7,port_flow_count,1392,0
7,port_flow_count,1393,0
7,port_flow_count,1394,0
7,port_flow_count,1395,0
7,port_flow_count,1396,0
7,port_flow_count,1397,0
7,port_flow_count,1398,0
7,port_flow_count,1399,0
7,port_flow_count,1400,0
7,port_flow_count,1401,0
7,port_flow_count,1402,0
7,port_flow_count,1403,0
7,port_flow_count,1404,0
7,port_flow_count,1405,0
7,port_flow_count,1406,0
7,port_flow_count,1407,0
7,port_flow_count,1408,0
7,port_flow_count,1409,0
7,port_flow_count,1410,0
7,port_flow_count,1411,0
7,port_flow_count,1412,0
7,port_flow_count,1413,0
7,port_flow_count,1414,0
7,port_flow_count,1415,0
7,port_flow_count,1416,0
7,port_flow_count,1417,0
7,port_flow_count,1418,0
7,port_flow_count,1419,0
7,port_flow_count,1420,0
7,port_flow_count,1421,0
7,port_flow_count,1422,0
7,port_flow_count,1423,0
7,port_flow_count,1424,0
7,port_flow_count,1425,0
7,port_flow_count,1426,0
7,port_flow_count,1427,0
7,port_flow_count,1428,0
7,port_flow_count,1429,0
7,port_flow_count,1430,0
7,port_flow_count,1431,0
7,port_flow_count,1432,0
7,port_flow_count,1433,0
7,port_flow_count,1434,0
7,port_flow_count,1435,0
7,port_flow_count,1436,0
7,port_flow_count,1437,0
7,port_flow_count,1438,0
7,port_flow_count,1439,0
7,port_flow_count,1440,0
7,port_flow_count,1441,0
7,port_flow_count,1442,0
7,port_flow_count,1443,0
7,port_flow_count,1444,0
7,port_flow_count,1445,0
7,port_flow_count,1446,0
7,port_flow_count,1447,0
7,port_flow_count,1448,0
7,port_flow_count,1449,0
7,port_flow_count,1450,0
7,port_flow_count,1451,0
7,port_flow_count,1452,0
7,port_flow_count,1453,0
7,port_flow_count,1454,0
7,port_flow_count,1455,0
7,port_flow_count,1456,0
7,port_flow_count,1457,0
7,port_flow_count,1458,0
7,port_flow_count,1459,0
7,port_flow_count,1460,0
7,port_flow_count,1461,0
7,port_flow_count,1462,0
7,port_flow_count,1463,0
7,port_flow_count,1464,0
7,port_flow_count,1465,0
7,port_flow_count,1466,0
7,port_flow_count,1467,0
7,port_flow_count,1468,0
7,port_flow_count,1469,0
7,port_flow_count,1470,0
7,port_flow_count,1471,0
7,port_flow_count,1472,0
7,port_flow_count,1473,0
7,port_flow_count,1474,0
7,port_flow_count,1475,0
7,port_flow_count,1476,0
7,port_flow_count,1477,0
7,port_flow_count,1478,0
7,port_flow_count,1479,0
7,port_flow_count,1480,0
7,port_flow_count,1481,0
7,port_flow_count,1482,0
7,port_flow_count,1483,0
7,port_flow_count,1484,0
7,port_flow_count,1485,0
7,port_flow_count,1486,0
7,port_flow_count,1487,0
7,port_flow_count,1488,0
7,port_flow_count,1489,0
7,port_flow_count,1490,0
7,port_flow_count,1491,0
7,port_flow_count,1492,0
7,port_flow_count,1493,0
7,port_flow_count,1494,0
7,port_flow_count,1495,0
7,port_flow_count,1496,0
7,port_flow_count,1497,0
7,port_flow_count,1498,0
7,port_flow_count,1499,0
7,port_flow_count,1500,0
7,port_flow_count,1501,0
7,port_flow_count,1502,0
7,port_flow_count,1503,0
7,port_flow_count,1504,0
7,port_flow_count,1505,0
7,port_flow_count,1506,0
7,port_flow_count,1507,0
7,port_flow_count,1508,0
7,port_flow_count,1509,0
7,port_flow_count,1510,0
7,port_flow_count,1511,0
7,port_flow_count,1512,0
7,port_flow_count,1513,0
7,port_flow_count,1514,0
7,port_flow_count,1515,0
7,port_flow_count,1516,0
7,port_flow_count,1517,0
7,port_flow_count,1518,0
7,port_flow_count,1519,0
7,port_flow_count,1520,0
7,port_flow_count,1521,0
7,port_flow_count,1522,0
7,port_flow_count,1523,0
7,port_flow_count,1524,0
7,port_flow_count,1525,0
7,port_flow_count,1526,0
7,port_flow_count,1527,0
7,port_flow_count,1528,0
7,port_flow_count,1529,0
7,port_flow_count,1530,0
7,port_flow_count,1531,0
7,port_flow_count,1532,0
7,port_flow_count,1533,0
7,port_flow_count,1534,0
7,port_flow_count,1535,0
7,port_flow_count,1536,0
7,port_flow_count,1537,0
7,port_flow_count,1538,0
7,port_flow_count,1539,0
7,port_flow_count,1540,0
7,port_flow_count,1541,0
7,port_flow_count,1542,0
7,port_flow_count,1543,0
7,port_flow_count,1544,0
7,port_flow_count,1545,0
7,port_flow_count,1546,0
7,port_flow_count,1547,0
7,port_flow_count,1548,0
7,port_flow_count,1549,0
7,port_flow_count,1550,0
7,port_flow_count,1551,0
7,port_flow_count,1552,0
7,port_flow_count,1553,0
7,port_flow_count,1554,0
7,port_flow_count,1555,0
7,port_flow_count,1556,0
7,port_flow_count,1557,0
7,port_flow_count,1558,0
7,port_flow_count,1559,0
7,port_flow_count,1560,0
7,port_flow_count,1561,0
7,port_flow_count,1562,0
7,port_flow_count,1563,0
7,port_flow_count,1564,0
7,port_flow_count,1565,0
7,port_flow_count,1566,0
7,port_flow_count,1567,0
7,port_flow_count,1568,0
7,port_flow_count,1569,0
7,port_flow_count,1570,0
7,port_flow_count,1571,0
7,port_flow_count,1572,0
7,port_flow_count,1573,0
7,port_flow_count,1574,0
7,port_flow_count,1575,0
7,port_flow_count,1576,0
7,port_flow_count,1577,0
7,port_flow_count,1578,0
7,port_flow_count,1579,0
7,port_flow_count,1580,0
7,port_flow_count,1581,0
7,port_flow_count,1582,0
7,port_flow_count,1583,0
7,port_flow_count,1584,0
7,port_flow_count,1585,0
7,port_flow_count,1586,0
7,port_flow_count,1587,0
7,port_flow_count,1588,0
7,port_flow_count,1589,0
7,port_flow_count,1590,0
7,port_flow_count,1591,0
7,port_flow_count,1592,0
7,port_flow_count,1593,0
7,port_flow_count,1594,0
7,port_flow_count,1595,0
7,port_flow_count,1596,0
7,port_flow_count,1597,0
7,port_flow_count,1598,0
7,port_flow_count,1599,0
7,port_flow_count,1600,0
7,port_flow_count,1601,0
7,port_flow_count,1602,0
7,port_flow_count,1603,0
7,port_flow_count,1604,0
7,port_flow_count,1605,0
7,port_flow_count,1606,0
7,port_flow_count,1607,0
7,port_flow_count,1608,0
7,port_flow_count,1609,0
7,port_flow_count,1610,0
7,port_flow_count,1611,0
7,port_flow_count,1612,0
7,port_flow_count,1613,0
7,port_flow_count,1614,0
7,port_flow_count,1615,0
7,port_flow_count,1616,0
7,port_flow_count,1617,0
7,port_flow_count,1618,0
7,port_flow_count,1619,0
7,port_flow_count,1620,0
7,port_flow_count,1621,0
7,port_flow_count,1622,0
7,port_flow_count,1623,0
7,port_flow_count,1624,0
7,port_flow_count,1625,0
7,port_flow_count,1626,0
7,port_flow_count,1627,0
7,port_flow_count,1628,0
7,port_flow_count,1629,0
7,port_flow_count,1630,0
7,port_flow_count,1631,0
7,port_flow_count,1632,0
7,port_flow_count,1633,0
7,port_flow_count,1634,0
7,port_flow_count,1635,0
7,port_flow_count,1636,0
7,port_flow_count,1637,0
7,port_flow_count,1638,0
7,port_flow_count,1639,0
7,port_flow_count,1640,0
7,port_flow_count,1641,0
7,port_flow_count,1642,0
7,port_flow_count,1643,0
7,port_flow_count,1644,0
7,port_flow_count,1645,0
7,port_flow_count,1646,0
7,port_flow_count,1647,0
7,port_flow_count,1648,0
7,port_flow_count,1649,0
7,port_flow_count,1650,0
7,port_flow_count,1651,0
7,port_flow_count,1652,0
7,port_flow_count,1653,0
7,port_flow_count,1654,0
7,port_flow_count,1655,0
7,port_flow_count,1656,0
7,port_flow_count,1657,0
7,port_flow_count,1658,0
7,port_flow_count,1659,0
7,port_flow_count,1660,0
7,port_flow_count,1661,0
7,port_flow_count,1662,0
7,port_flow_count,1663,0
7,port_flow_count,1664,0
7,port_flow_count,1665,0
7,port_flow_count,1666,0
7,port_flow_count,1667,0
7,port_flow_count,1668,0
7,port_flow_count,1669,0
7,port_flow_count,1670,0
7,port_flow_count,1671,0
7,port_flow_count,1672,0
7,port_flow_count,1673,0
7,port_flow_count,1674,0
7,port_flow_count,1675,0
7,port_flow_count,1676,0
7,port_flow_count,1677,0
7,port_flow_count,1678,0
7,port_flow_count,1679,0
7,port_flow_count,1680,0
7,port_flow_count,1681,0
7,port_flow_count,1682,0
7,port_flow_count,1683,0
7,port_flow_count,1684,0
7,port_flow_count,1685,0
7,port_flow_count,1686,0
7,port_flow_count,1687,0
7,port_flow_count,1688,0
7,port_flow_count,1689,0
7,port_flow_count,1690,0
7,port_flow_count,1691,0
7,port_flow_count,1692,0
7,port_flow_count,1693,0
7,port_flow_count,1694,0
7,port_flow_count,1695,0
7,port_flow_count,1696,0
7,port_flow_count,1697,0
7,port_flow_count,1698,0
7,port_flow_count,1699,0
7,port_flow_count,1700,0
7,port_flow_count,1701,0
7,port_flow_count,1702,0
7,port_flow_count,1703,0
7,port_flow_count,1704,0
7,port_flow_count,1705,0
7,port_flow_count,1706,0
7,port_flow_count,1707,0
7,port_flow_count,1708,0
7,port_flow_count,1709,0
7,port_flow_count,1710,0
7,port_flow_count,1711,0
7,port_flow_count,1712,0
7,port_flow_count,1713,0
7,port_flow_count,1714,0
7,port_flow_count,1715,0
7,port_flow_count,1716,0
7,port_flow_count,1717,0
7,port_flow_count,1718,0
7,port_flow_count,1719,0
7,port_flow_count,1720,0
7,port_flow_count,1721,0
7,port_flow_count,1722,0
7,port_flow_count,1723,0
7,port_flow_count,1724,0
7,port_flow_count,1725,0
7,port_flow_count,1726,0
7,port_flow_count,1727,0
7,port_flow_count,1728,0
7,port_flow_count,1729,0
7,port_flow_count,1730,0
7,port_flow_count,1731,0
7,port_flow_count,1732,0
7,port_flow_count,1733,0
7,port_flow_count,1734,0
7,port_flow_count,1735,0
7,port_flow_count,1736,0
7,port_flow_count,1737,0
7,port_flow_count,1738,0
7,port_flow_count,1739,0
7,port_flow_count,1740,0
7,port_flow_count,1741,0
7,port_flow_count,1742,0
7,port_flow_count,1743,0
7,port_flow_count,1744,0
7,port_flow_count,1745,0
7,port_flow_count,1746,0
7,port_flow_count,1747,0
7,port_flow_count,1748,0
7,port_flow_count,1749,0
7,port_flow_count,1750,0
7,port_flow_count,1751,0
7,port_flow_count,1752,0
7,port_flow_count,1753,0
7,port_flow_count,1754,0
7,port_flow_count,1755,0
7,port_flow_count,1756,0
7,port_flow_count,1757,0
7,port_flow_count,1758,0
7,port_flow_count,1759,0
7,port_flow_count,1760,0
7,port_flow_count,1761,0
7,port_flow_count,1762,0
7,port_flow_count,1763,0
7,port_flow_count,1764,0
7,port_flow_count,1765,0
7,port_flow_count,1766,0
7,port_flow_count,1767,0
7,port_flow_count,1768,0
7,port_flow_count,1769,0
7,port_flow_count,1770,0
7,port_flow_count,1771,0
7,port_flow_count,1772,0
7,port_flow_count,1773,0
7,port_flow_count,1774,0
7,port_flow_count,1775,0
7,port_flow_count,1776,0
7,port_flow_count,1777,0
7,port_flow_count,1778,0
7,port_flow_count,1779,0
7,port_flow_count,1780,0
7,port_flow_count,1781,0
7,port_flow_count,1782,0
7,port_flow_count,1783,0
7,port_flow_count,1784,0
7,port_flow_count,1785,0
7,port_flow_count,1786,0
7,port_flow_count,1787,0
7,port_flow_count,1788,0
7,port_flow_count,1789,0
7,port_flow_count,1790,0
7,port_flow_count,1791,0
7,port_flow_count,1792,0
7,port_flow_count,1793,0
7,port_flow_count,1794,0
7,port_flow_count,1795,0
7,port_flow_count,1796,0
7,port_flow_count,1797,0
7,port_flow_count,1798,0
7,port_flow_count,1799,0
7,port_flow_count,1800,0
7,port_flow_count,1801,0
7,port_flow_count,1802,0
7,port_flow_count,1803,0
7,port_flow_count,1804,0
7,port_flow_count,1805,0
7,port_flow_count,1806,0
7,port_flow_count,1807,0
7,port_flow_count,1808,0
7,port_flow_count,1809,0
7,port_flow_count,1810,0
7,port_flow_count,1811,0
7,port_flow_count,1812,0
7,port_flow_count,1813,0
7,port_flow_count,1814,0
7,port_flow_count,1815,0
7,port_flow_count,1816,0
7,port_flow_count,1817,0
7,port_flow_count,1818,0
7,port_flow_count,1819,0
7,port_flow_count,1820,0
7,port_flow_count,1821,0
7,port_flow_count,1822,0
7,port_flow_count,1823,0
7,port_flow_count,1824,0
7,port_flow_count,1825,0
7,port_flow_count,1826,0
7,port_flow_count,1827,0
7,port_flow_count,1828,0
7,port_flow_count,1829,0
7,port_flow_count,1830,0
7,port_flow_count,1831,0
7,port_flow_count,1832,0
7,port_flow_count,1833,0
7,port_flow_count,1834,0
7,port_flow_count,1835,0
7,port_flow_count,1836,0
7,port_flow_count,1837,0
7,port_flow_count,1838,0
7,port_flow_count,1839,0
7,port_flow_count,1840,0
7,port_flow_count,1841,0
7,port_flow_count,1842,0
7,port_flow_count,1843,0
7,port_flow_count,1844,0
7,port_flow_count,1845,0
7,port_flow_count,1846,0
7,port_flow_count,1847,0
7,port_flow_count,1848,0
7,port_flow_count,1849,0
7,port_flow_count,1850,0
7,port_flow_count,1851,0
7,port_flow_count,1852,0
7,port_flow_count,1853,0
7,port_flow_count,1854,0
7,port_flow_count,1855,0
7,port_flow_count,1856,0
7,port_flow_count,1857,0
7,port_flow_count,1858,0
7,port_flow_count,1859,0
7,port_flow_count,1860,0
7,port_flow_count,1861,0
7,port_flow_count,1862,0
7,port_flow_count,1863,0
7,port_flow_count,1864,0
7,port_flow_count,1865,0
7,port_flow_count,1866,0
7,port_flow_count,1867,0
7,port_flow_count,1868,0
7,port_flow_count,1869,0
7,port_flow_count,1870,0
7,port_flow_count,1871,0
7,port_flow_count,1872,0
7,port_flow_count,1873,0
7,port_flow_count,1874,0
7,port_flow_count,1875,0
7,port_flow_count,1876,0
7,port_flow_count,1877,0
7,port_flow_count,1878,0
7,port_flow_count,1879,0
7,port_flow_count,1880,0
7,port_flow_count,1881,0
7,port_flow_count,1882,0
7,port_flow_count,1883,0
7,port_flow_count,1884,0
7,port_flow_count,1885,0
7,port_flow_count,1886,0
7,port_flow_count,1887,0
7,port_flow_count,1888,0
7,port_flow_count,1889,0
7,port_flow_count,1890,0
7,port_flow_count,1891,0
7,port_flow_count,1892,0
7,port_flow_count,1893,0
7,port_flow_count,1894,0
7,port_flow_count,1895,0
7,port_flow_count,1896,0
7,port_flow_count,1897,0
7,port_flow_count,1898,0
7,port_flow_count,1899,0
7,port_flow_count,1900,0
7,port_flow_count,1901,0
7,port_flow_count,1902,0
7,port_flow_count,1903,0
7,port_flow_count,1904,0
7,port_flow_count,1905,0
7,port_flow_count,1906,0
7,port_flow_count,1907,0
7,port_flow_count,1908,0
7,port_flow_count,1909,0
7,port_flow_count,1910,0
7,port_flow_count,1911,0
7,port_flow_count,1912,0
7,port_flow_count,1913,0
7,port_flow_count,1914,0
7,port_flow_count,1915,0
7,port_flow_count,1916,0
7,port_flow_count,1917,0
7,port_flow_count,1918,0
7,port_flow_count,1919,0
7,port_flow_count,1920,0
7,port_flow_count,1921,0
7,port_flow_count,1922,0
7,port_flow_count,1923,0
7,port_flow_count,1924,0
7,port_flow_count,1925,0
7,port_flow_count,1926,0
7,port_flow_count,1927,0
7,port_flow_count,1928,0
7,port_flow_count,1929,0
7,port_flow_count,1930,0
7,port_flow_count,1931,0
7,port_flow_count,1932,0
7,port_flow_count,1933,0
7,port_flow_count,1934,0
7,port_flow_count,1935,0
7,port_flow_count,1936,0
7,port_flow_count,1937,0
7,port_flow_count,1938,0
7,port_flow_count,1939,0
7,port_flow_count,1940,0
7,port_flow_count,1941,0
7,port_flow_count,1942,0
7,port_flow_count,1943,0
7,port_flow_count,1944,0
7,port_flow_count,1945,0
7,port_flow_count,1946,0
7,port_flow_count,1947,0
7,port_flow_count,1948,0
7,port_flow_count,1949,0
7,port_flow_count,1950,0
7,port_flow_count,1951,0
7,port_flow_count,1952,0
7,port_flow_count,1953,0
7,port_flow_count,1954,0
7,port_flow_count,1955,0
7,port_flow_count,1956,0
7,port_flow_count,1957,0
7,port_flow_count,1958,0
7,port_flow_count,1959,0
7,port_flow_count,1960,0
7,port_flow_count,1961,0
7,port_flow_count,1962,0
7,port_flow_count,1963,0
7,port_flow_count,1964,0
7,port_flow_count,1965,0
7,port_flow_count,1966,0
7,port_flow_count,1967,0
7,port_flow_count,1968,0
7,port_flow_count,1969,0
7,port_flow_count,1970,0
7,port_flow_count,1971,0
7,port_flow_count,1972,0
7,port_flow_count,1973,0
7,port_flow_count,1974,0
7,port_flow_count,1975,0
7,port_flow_count,1976,0
7,port_flow_count,1977,0
7,port_flow_count,1978,0
7,port_flow_count,1979,0
7,port_flow_count,1980,0
7,port_flow_count,1981,0
7,port_flow_count,1982,0
7,port_flow_count,1983,0
7,port_flow_count,1984,0
7,port_flow_count,1985,0
7,port_flow_count,1986,0
7,port_flow_count,1987,0
7,port_flow_count,1988,0
7,port_flow_count,1989,0
7,port_flow_count,1990,0
7,port_flow_count,1991,0
7,port_flow_count,1992,0
7,port_flow_count,1993,0
7,port_flow_count,1994,0
7,port_flow_count,1995,0
7,port_flow_count,1996,0
7,port_flow_count,1997,0
7,port_flow_count,1998,0
7,port_flow_count,1999,0
7,port_flow_count,2000,0
7,port_flow_count,2001,0
7,port_flow_count,2002,0
7,port_flow_count,2003,0
7,port_flow_count,2004,0
7,port_flow_count,2005,0
7,port_flow_count,2006,0
7,port_flow_count,2007,0
7,port_flow_count,2008,0
7,port_flow_count,2009,0
7,port_flow_count,2010,0
7,port_flow_count,2011,0
7,port_flow_count,2012,0
7,port_flow_count,2013,0
7,port_flow_count,2014,0
7,port_flow_count,2015,0
7,port_flow_count,2016,0
7,port_flow_count,2017,0
7,port_flow_count,2018,0
7,port_flow_count,2019,0
7,port_flow_count,2020,0
7,port_flow_count,2021,0
7,port_flow_count,2022,0
7,port_flow_count,2023,0
7,port_flow_count,2024,0
7,port_flow_count,2025,0
7,port_flow_count,2026,0
7,port_flow_count,2027,0
7,port_flow_count,2028,0
7,port_flow_count,2029,0
7,port_flow_count,2030,0
7,port_flow_count,2031,0
7,port_flow_count,2032,0
7,port_flow_count,2033,0
7,port_flow_count,2034,0
7,port_flow_count,2035,0
7,port_flow_count,2036,0
7,port_flow_count,2037,0
7,port_flow_count,2038,0
7,port_flow_count,2039,0
7,port_flow_count,2040,0
7,port_flow_count,2041,0
7,port_flow_count,2042,0
7,port_flow_count,2043,0
7,port_flow_count,2044,0
7,port_flow_count,2045,0
7,port_flow_count,2046,0
7,port_flow_count,2047,0
7,port_flow_count,2048,0
7,port_flow_count,2049,0
7,port_flow_count,2050,0
7,port_flow_count,2051,0
7,port_flow_count,2052,0
7,port_flow_count,2053,0
7,port_flow_count,2054,0
7,port_flow_count,2055,0
7,port_flow_count,2056,0
7,port_flow_count,2057,0
7,port_flow_count,2058,0
7,port_flow_count,2059,0
7,port_flow_count,2060,0
7,port_flow_count,2061,0
7,port_flow_count,2062,0
7,port_flow_count,2063,0
7,port_flow_count,2064,0
7,port_flow_count,2065,0
7,port_flow_count,2066,0
7,port_flow_count,2067,0
7,port_flow_count,2068,0
7,port_flow_count,2069,0
7,port_flow_count,2070,0
7,port_flow_count,2071,0
7,port_flow_count,2072,0
7,port_flow_count,2073,0
7,port_flow_count,2074,0
7,port_flow_count,2075,0
7,port_flow_count,2076,0
7,port_flow_count,2077,0
7,port_flow_count,2078,0
7,port_flow_count,2079,0
7,port_flow_count,2080,0
7,port_flow_count,2081,0
7,port_flow_count,2082,0
7,port_flow_count,2083,0
7,port_flow_count,2084,0
7,port_flow_count,2085,0
7,port_flow_count,2086,0
7,port_flow_count,2087,0
7,port_flow_count,2088,0
7,port_flow_count,2089,0
7,port_flow_count,2090,0
7,port_flow_count,2091,0
7,port_flow_count,2092,0
7,port_flow_count,2093,0
7,port_flow_count,2094,0
7,port_flow_count,2095,0
7,port_flow_count,2096,0
7,port_flow_count,2097,0
7,port_flow_count,2098,0
7,port_flow_count,2099,0
7,port_flow_count,2100,0
7,port_flow_count,2101,0
7,port_flow_count,2102,0
7,port_flow_count,2103,0
7,port_flow_count,2104,0
7,port_flow_count,2105,0
7,port_flow_count,2106,0
7,port_flow_count,2107,0
7,port_flow_count,2108,0
7,port_flow_count,2109,0
7,port_flow_count,2110,0
7,port_flow_count,2111,0
7,port_flow_count,2112,0
7,port_flow_count,2113,0
7,port_flow_count,2114,0
7,port_flow_count,2115,0
7,port_flow_count,2116,0
7,port_flow_count,2117,0
7,port_flow_count,2118,0
7,port_flow_count,2119,0
7,port_flow_count,2120,0
7,port_flow_count,2121,0
7,port_flow_count,2122,0
7,port_flow_count,2123,0
7,port_flow_count,2124,0
7,port_flow_count,2125,0
7,port_flow_count,2126,0
7,port_flow_count,2127,0
7,port_flow_count,2128,0
7,port_flow_count,2129,0
7,port_flow_count,2130,0
7,port_flow_count,2131,0
7,port_flow_count,2132,0
7,port_flow_count,2133,0
7,port_flow_count,2134,0
7,port_flow_count,2135,0
7,port_flow_count,2136,0
7,port_flow_count,2137,0
7,port_flow_count,2138,0
7,port_flow_count,2139,0
7,port_flow_count,2140,0
7,port_flow_count,2141,0
7,port_flow_count,2142,0
7,port_flow_count,2143,0
7,port_flow_count,2144,0
7,port_flow_count,2145,0
7,port_flow_count,2146,0
7,port_flow_count,2147,0
7,port_flow_count,2148,0
7,port_flow_count,2149,0
7,port_flow_count,2150,0
7,port_flow_count,2151,0
7,port_flow_count,2152,0
7,port_flow_count,2153,0
7,port_flow_count,2154,0
7,port_flow_count,2155,0
7,port_flow_count,2156,0
7,port_flow_count,2157,0
7,port_flow_count,2158,0
7,port_flow_count,2159,0
7,port_flow_count,2160,0
7,port_flow_count,2161,0
7,port_flow_count,2162,0
7,port_flow_count,2163,0
7,port_flow_count,2164,0
7,port_flow_count,2165,0
7,port_flow_count,2166,0
7,port_flow_count,2167,0
7,port_flow_count,2168,0
7,port_flow_count,2169,0
7,port_flow_count,2170,0
7,port_flow_count,2171,0
7,port_flow_count,2172,0
7,port_flow_count,2173,0
7,port_flow_count,2174,0
7,port_flow_count,2175,0
7,port_flow_count,2176,0
7,port_flow_count,2177,0
7,port_flow_count,2178,0
7,port_flow_count,2179,0
7,port_flow_count,2180,0
7,port_flow_count,2181,0
7,port_flow_count,2182,0
7,port_flow_count,2183,0
7,port_flow_count,2184,0
7,port_flow_count,2185,0
7,port_flow_count,2186,0
7,port_flow_count,2187,0
7,port_flow_count,2188,0
7,port_flow_count,2189,0
7,port_flow_count,2190,0
7,port_flow_count,2191,0
7,port_flow_count,2192,0
7,port_flow_count,2193,0
7,port_flow_count,2194,0
7,port_flow_count,2195,0
7,port_flow_count,2196,0
7,port_flow_count,2197,0
7,port_flow_count,2198,0
7,port_flow_count,2199,0
7,port_flow_count,2200,0
7,port_flow_count,2201,0
7,port_flow_count,2202,0
7,port_flow_count,2203,0
7,port_flow_count,2204,0
7,port_flow_count,2205,0
7,port_flow_count,2206,0
7,port_flow_count,2207,0
7,port_flow_count,2208,0
7,port_flow_count,2209,0
7,port_flow_count,2210,0
7,port_flow_count,2211,0
7,port_flow_count,2212,0
7,port_flow_count,2213,0
7,port_flow_count,2214,0
7,port_flow_count,2215,0
7,port_flow_count,2216,0
7,port_flow_count,2217,0
7,port_flow_count,2218,0
7,port_flow_count,2219,0
7,port_flow_count,2220,0
7,port_flow_count,2221,0
7,port_flow_count,2222,0
7,port_flow_count,2223,0
7,port_flow_count,2224,0
7,port_flow_count,2225,0
7,port_flow_count,2226,0
7,port_flow_count,2227,0
7,port_flow_count,2228,0
7,port_flow_count,2229,0
7,port_flow_count,2230,0
7,port_flow_count,2231,0
7,port_flow_count,2232,0
7,port_flow_count,2233,0
7,port_flow_count,2234,0
7,port_flow_count,2235,0
7,port_flow_count,2236,0
7,port_flow_count,2237,0
7,port_flow_count,2238,0
7,port_flow_count,2239,0
7,port_flow_count,2240,0
7,port_flow_count,2241,0
7,port_flow_count,2242,0
7,port_flow_count,2243,0
7,port_flow_count,2244,0
7,port_flow_count,2245,0
7,port_flow_count,2246,0
7,port_flow_count,2247,0
7,port_flow_count,2248,0
7,port_flow_count,2249,0
7,port_flow_count,2250,0
7,port_flow_count,2251,0
7,port_flow_count,2252,0
7,port_flow_count,2253,0
7,port_flow_count,2254,0
7,port_flow_count,2255,0
7,port_flow_count,2256,0
7,port_flow_count,2257,0
7,port_flow_count,2258,0
7,port_flow_count,2259,0
7,port_flow_count,2260,0
7,port_flow_count,2261,0
7,port_flow_count,2262,0
7,port_flow_count,2263,0
7,port_flow_count,2264,0
7,port_flow_count,2265,0
7,port_flow_count,2266,0
7,port_flow_count,2267,0
7,port_flow_count,2268,0
7,port_flow_count,2269,0
7,port_flow_count,2270,0
7,port_flow_count,2271,0
7,port_flow_count,2272,0
7,port_flow_count,2273,0
7,port_flow_count,2274,0
7,port_flow_count,2275,0
7,port_flow_count,2276,0
7,port_flow_count,2277,0
7,port_flow_count,2278,0
7,port_flow_count,2279,0
7,port_flow_count,2280,0
7,port_flow_count,2281,0
7,port_flow_count,2282,0
7,port_flow_count,2283,0
7,port_flow_count,2284,0
7,port_flow_count,2285,0
7,port_flow_count,2286,0
7,port_flow_count,2287,0
7,port_flow_count,2288,0
7,port_flow_count,2289,0
7,port_flow_count,2290,0
7,port_flow_count,2291,0
7,port_flow_count,2292,0
7,port_flow_count,2293,0
7,port_flow_count,2294,0
7,port_flow_count,2295,0
7,port_flow_count,2296,0
7,port_flow_count,2297,0
7,port_flow_count,2298,0
7,port_flow_count,2299,0
7,port_flow_count,2300,0
7,port_flow_count,2301,0
7,port_flow_count,2302,0
7,port_flow_count,2303,0
7,port_flow_count,2304,0
7,port_flow_count,2305,0
7,port_flow_count,2306,0
7,port_flow_count,2307,0
7,port_flow_count,2308,0
7,port_flow_count,2309,0
7,port_flow_count,2310,0
7,port_flow_count,2311,0
7,port_flow_count,2312,0
7,port_flow_count,2313,0
7,port_flow_count,2314,0
7,port_flow_count,2315,0
7,port_flow_count,2316,0
7,port_flow_count,2317,0
7,port_flow_count,2318,0
7,port_flow_count,2319,0
7,port_flow_count,2320,0
7,port_flow_count,2321,0
7,port_flow_count,2322,0
7,port_flow_count,2323,0
7,port_flow_count,2324,0
7,port_flow_count,2325,0
7,port_flow_count,2326,0
7,port_flow_count,2327,0
7,port_flow_count,2328,0
7,port_flow_count,2329,0
7,port_flow_count,2330,0
7,port_flow_count,2331,0
7,port_flow_count,2332,0
7,port_flow_count,2333,0
7,port_flow_count,2334,0
7,port_flow_count,2335,0
7,port_flow_count,2336,0
7,port_flow_count,2337,0
7,port_flow_count,2338,0
7,port_flow_count,2339,0
7,port_flow_count,2340,0
7,port_flow_count,2341,0
7,port_flow_count,2342,0
7,port_flow_count,2343,0
7,port_flow_count,2344,0
7,port_flow_count,2345,0
7,port_flow_count,2346,0
7,port_flow_count,2347,0
7,port_flow_count,2348,0
7,port_flow_count,2349,0
7,port_flow_count,2350,0
7,port_flow_count,2351,0
7,port_flow_count,2352,0
7,port_flow_count,2353,0
7,port_flow_count,2354,0
7,port_flow_count,2355,0
7,port_flow_count,2356,0
7,port_flow_count,2357,0
7,port_flow_count,2358,0
7,port_flow_count,2359,0
7,port_flow_count,2360,0
7,port_flow_count,2361,0
7,port_flow_count,2362,0
7,port_flow_count,2363,0
7,port_flow_count,2364,0
7,port_flow_count,2365,0
7,port_flow_count,2366,0
7,port_flow_count,2367,0
7,port_flow_count,2368,0
7,port_flow_count,2369,0
7,port_flow_count,2370,0
7,port_flow_count,2371,0
7,port_flow_count,2372,0
7,port_flow_count,2373,0
7,port_flow_count,2374,0
7,port_flow_count,2375,0
7,port_flow_count,2376,0
7,port_flow_count,2377,0
7,port_flow_count,2378,0
7,port_flow_count,2379,0
7,port_flow_count,2380,0
7,port_flow_count,2381,0
7,port_flow_count,2382,0
7,port_flow_count,2383,0
7,port_flow_count,2384,0
7,port_flow_count,2385,0
7,port_flow_count,2386,0
7,port_flow_count,2387,0
7,port_flow_count,2388,0
7,port_flow_count,2389,0
7,port_flow_count,2390,0
7,port_flow_count,2391,0
7,port_flow_count,2392,0
7,port_flow_count,2393,0
7,port_flow_count,2394,0
7,port_flow_count,2395,0
7,port_flow_count,2396,0
7,port_flow_count,2397,0
7,port_flow_count,2398,0
7,port_flow_count,2399,0
7,port_flow_count,2400,0
7,port_flow_count,2401,0
7,port_flow_count,2402,0
7,port_flow_count,2403,0
7,port_flow_count,2404,0
7,port_flow_count,2405,0
7,port_flow_count,2406,0
7,port_flow_count,2407,0
7,port_flow_count,2408,0
7,port_flow_count,2409,0
7,port_flow_count,2410,0
7,port_flow_count,2411,0
7,port_flow_count,2412,0
7,port_flow_count,2413,0
7,port_flow_count,2414,0
7,port_flow_count,2415,0
7,port_flow_count,2416,0
7,port_flow_count,2417,0
7,port_flow_count,2418,0
7,port_flow_count,2419,0
7,port_flow_count,2420,0
7,port_flow_count,2421,0
7,port_flow_count,2422,0
7,port_flow_count,2423,0
7,port_flow_count,2424,0
7,port_flow_count,2425,0
7,port_flow_count,2426,0
7,port_flow_count,2427,0
7,port_flow_count,2428,0
7,port_flow_count,2429,0
7,port_flow_count,2430,0
7,port_flow_count,2431,0
7,port_flow_count,2432,0
7,port_flow_count,2433,0
7,port_flow_count,2434,0
7,port_flow_count,2435,0
7,port_flow_count,2436,0
7,port_flow_count,2437,0
7,port_flow_count,2438,0
7,port_flow_count,2439,0
7,port_flow_count,2440,0
7,port_flow_count,2441,0
7,port_flow_count,2442,0
7,port_flow_count,2443,0
7,port_flow_count,2444,0
7,port_flow_count,2445,0
7,port_flow_count,2446,0
7,port_flow_count,2447,0
7,port_flow_count,2448,0
7,port_flow_count,2449,0
7,port_flow_count,2450,0
7,port_flow_count,2451,0
7,port_flow_count,2452,0
7,port_flow_count,2453,0
7,port_flow_count,2454,0
7,port_flow_count,2455,0
7,port_flow_count,2456,0
7,port_flow_count,2457,0
7,port_flow_count,2458,0
7,port_flow_count,2459,0
7,port_flow_count,2460,0
7,port_flow_count,2461,0
7,port_flow_count,2462,0
7,port_flow_count,2463,0
7,port_flow_count,2464,0
7,port_flow_count,2465,0
7,port_flow_count,2466,0
7,port_flow_count,2467,0
7,port_flow_count,2468,0
7,port_flow_count,2469,0
7,port_flow_count,2470,0
7,port_flow_count,2471,0
7,port_flow_count,2472,0
7,port_flow_count,2473,0
7,port_flow_count,2474,0
7,port_flow_count,2475,0
7,port_flow_count,2476,0
7,port_flow_count,2477,0
7,port_flow_count,2478,0
7,port_flow_count,2479,0
7,port_flow_count,2480,0
7,port_flow_count,2481,0
7,port_flow_count,2482,0
7,port_flow_count,2483,0
7,port_flow_count,2484,0
7,port_flow_count,2485,0
7,port_flow_count,2486,0
7,port_flow_count,2487,0
7,port_flow_count,2488,0
7,port_flow_count,2489,0
7,port_flow_count,2490,0
7,port_flow_count,2491,0
7,port_flow_count,2492,0
7,port_flow_count,2493,0
7,port_flow_count,2494,0
7,port_flow_count,2495,0
7,port_flow_count,2496,0
7,port_flow_count,2497,0
7,port_flow_count,2498,0
7,port_flow_count,2499,0
7,port_flow_count,2500,0
7,port_flow_count,2501,0
7,port_flow_count,2502,0
7,port_flow_count,2503,0
7,port_flow_count,2504,0
7,port_flow_count,2505,0
7,port_flow_count,2506,0
7,port_flow_count,2507,0
7,port_flow_count,2508,0
7,port_flow_count,2509,0
7,port_flow_count,2510,0
7,port_flow_count,2511,0
7,port_flow_count,2512,0
7,port_flow_count,2513,0
7,port_flow_count,2514,0
7,port_flow_count,2515,0
7,port_flow_count,2516,0
7,port_flow_count,2517,0
7,port_flow_count,2518,0
7,port_flow_count,2519,0
7,port_flow_count,2520,0
7,port_flow_count,2521,0
7,port_flow_count,2522,0
7,port_flow_count,2523,0
7,port_flow_count,2524,0
7,port_flow_count,2525,0
7,port_flow_count,2526,0
7,port_flow_count,2527,0
7,port_flow_count,2528,0
7,port_flow_count,2529,0
7,port_flow_count,2530,0
7,port_flow_count,2531,0
7,port_flow_count,2532,0
7,port_flow_count,2533,0
7,port_flow_count,2534,0
7,port_flow_count,2535,0
7,port_flow_count,2536,0
7,port_flow_count,2537,0
7,port_flow_count,2538,0
7,port_flow_count,2539,0
7,port_flow_count,2540,0
7,port_flow_count,2541,0
7,port_flow_count,2542,0
7,port_flow_count,2543,0
7,port_flow_count,2544,0
7,port_flow_count,2545,0
7,port_flow_count,2546,0
7,port_flow_count,2547,0
7,port_flow_count,2548,0
7,port_flow_count,2549,0
7,port_flow_count,2550,0
7,port_flow_count,2551,0
7,port_flow_count,2552,0
7,port_flow_count,2553,0
7,port_flow_count,2554,0
7,port_flow_count,2555,0
7,port_flow_count,2556,0
7,port_flow_count,2557,0
7,port_flow_count,2558,0
7,port_flow_count,2559,0
7,port_flow_count,2560,0
7,port_flow_count,2561,0
7,port_flow_count,2562,0
7,port_flow_count,2563,0
7,port_flow_count,2564,0
7,port_flow_count,2565,0
7,port_flow_count,2566,0
7,port_flow_count,2567,0
7,port_flow_count,2568,0
7,port_flow_count,2569,0
7,port_flow_count,2570,0
7,port_flow_count,2571,0
7,port_flow_count,2572,0
7,port_flow_count,2573,0
7,port_flow_count,2574,0
7,port_flow_count,2575,0
7,port_flow_count,2576,0
7,port_flow_count,2577,0
7,port_flow_count,2578,0
7,port_flow_count,2579,0
7,port_flow_count,2580,0
7,port_flow_count,2581,0
7,port_flow_count,2582,0
7,port_flow_count,2583,0
7,port_flow_count,2584,0
7,port_flow_count,2585,0
7,port_flow_count,2586,0
7,port_flow_count,2587,0
7,port_flow_count,2588,0
7,port_flow_count,2589,0
7,port_flow_count,2590,0
7,port_flow_count,2591,0
7,port_flow_count,2592,0
7,port_flow_count,2593,0
7,port_flow_count,2594,0
7,port_flow_count,2595,0
7,port_flow_count,2596,0
7,port_flow_count,2597,0
7,port_flow_count,2598,0
7,port_flow_count,2599,0
7,port_flow_count,2600,0
7,port_flow_count,2601,0
7,port_flow_count,2602,0
7,port_flow_count,2603,0
7,port_flow_count,2604,0
7,port_flow_count,2605,0
7,port_flow_count,2606,0
7,port_flow_count,2607,0
7,port_flow_count,2608,0
7,port_flow_count,2609,0
7,port_flow_count,2610,0
7,port_flow_count,2611,0
7,port_flow_count,2612,0
7,port_flow_count,2613,0
7,port_flow_count,2614,0
7,port_flow_count,2615,0
7,port_flow_count,2616,0
7,port_flow_count,2617,0
7,port_flow_count,2618,0
7,port_flow_count,2619,0
7,port_flow_count,2620,0
7,port_flow_count,2621,0
7,port_flow_count,2622,0
7,port_flow_count,2623,0
7,port_flow_count,2624,0
7,port_flow_count,2625,0
7,port_flow_count,2626,0
7,port_flow_count,2627,0
7,port_flow_count,2628,0
7,port_flow_count,2629,0
7,port_flow_count,2630,0
7,port_flow_count,2631,0
7,port_flow_count,2632,0
7,port_flow_count,2633,0
7,port_flow_count,2634,0
7,port_flow_count,2635,0
7,port_flow_count,2636,0
7,port_flow_count,2637,0
7,port_flow_count,2638,0
7,port_flow_count,2639,0
7,port_flow_count,2640,0
7,port_flow_count,2641,0
7,port_flow_count,2642,0
7,port_flow_count,2643,0
7,port_flow_count,2644,0
7,port_flow_count,2645,0
7,port_flow_count,2646,0
7,port_flow_count,2647,0
7,port_flow_count,2648,0
7,port_flow_count,2649,0
7,port_flow_count,2650,0
7,port_flow_count,2651,0
7,port_flow_count,2652,0
7,port_flow_count,2653,0
7,port_flow_count,2654,0
7,port_flow_count,2655,0
7,port_flow_count,2656,0
7,port_flow_count,2657,0
7,port_flow_count,2658,0
7,port_flow_count,2659,0
7,port_flow_count,2660,0
7,port_flow_count,2661,0
7,port_flow_count,2662,0
7,port_flow_count,2663,0
7,port_flow_count,2664,0
7,port_flow_count,2665,0
7,port_flow_count,2666,0
7,port_flow_count,2667,0
7,port_flow_count,2668,0
7,port_flow_count,2669,0
7,port_flow_count,2670,0
7,port_flow_count,2671,0
7,port_flow_count,2672,0
7,port_flow_count,2673,0
7,port_flow_count,2674,0
7,port_flow_count,2675,0
7,port_flow_count,2676,0
7,port_flow_count,2677,0
7,port_flow_count,2678,0
7,port_flow_count,2679,0
7,port_flow_count,2680,0
7,port_flow_count,2681,0
7,port_flow_count,2682,0
7,port_flow_count,2683,0
7,port_flow_count,2684,0
7,port_flow_count,2685,0
7,port_flow_count,2686,0
7,port_flow_count,2687,0
7,port_flow_count,2688,0
7,port_flow_count,2689,0
7,port_flow_count,2690,0
7,port_flow_count,2691,0
7,port_flow_count,2692,0
7,port_flow_count,2693,0
7,port_flow_count,2694,0
7,port_flow_count,2695,0
7,port_flow_count,2696,0
7,port_flow_count,2697,0
7,port_flow_count,2698,0
7,port_flow_count,2699,0
7,port_flow_count,2700,0
7,port_flow_count,2701,0
7,port_flow_count,2702,0
7,port_flow_count,2703,0
7,port_flow_count,2704,0
7,port_flow_count,2705,0
7,port_flow_count,2706,0
7,port_flow_count,2707,0
7,port_flow_count,2708,0
7,port_flow_count,2709,0
7,port_flow_count,2710,0
7,port_flow_count,2711,0
7,port_flow_count,2712,0
7,port_flow_count,2713,0
7,port_flow_count,2714,0
7,port_flow_count,2715,0
7,port_flow_count,2716,0
7,port_flow_count,2717,0
7,port_flow_count,2718,0
7,port_flow_count,2719,0
7,port_flow_count,2720,0
7,port_flow_count,2721,0
7,port_flow_count,2722,0
7,port_flow_count,2723,0
7,port_flow_count,2724,0
7,port_flow_count,2725,0
7,port_flow_count,2726,0
7,port_flow_count,2727,0
7,port_flow_count,2728,0
7,port_flow_count,2729,0
7,port_flow_count,2730,0
7,port_flow_count,2731,0
7,port_flow_count,2732,0
7,port_flow_count,2733,0
7,port_flow_count,2734,0
7,port_flow_count,2735,0
7,port_flow_count,2736,0
7,port_flow_count,2737,0
7,port_flow_count,2738,0
7,port_flow_count,2739,0
7,port_flow_count,2740,0
7,port_flow_count,2741,0
7,port_flow_count,2742,0
7,port_flow_count,2743,0
7,port_flow_count,2744,0
7,port_flow_count,2745,0
7,port_flow_count,2746,0
7,port_flow_count,2747,0
7,port_flow_count,2748,0
7,port_flow_count,2749,0
7,port_flow_count,2750,0
7,port_flow_count,2751,0
7,port_flow_count,2752,0
7,port_flow_count,2753,0
7,port_flow_count,2754,0
7,port_flow_count,2755,0
7,port_flow_count,2756,0
7,port_flow_count,2757,0
7,port_flow_count,2758,0
7,port_flow_count,2759,0
7,port_flow_count,2760,0
7,port_flow_count,2761,0
7,port_flow_count,2762,0
7,port_flow_count,2763,0
7,port_flow_count,2764,0
7,port_flow_count,2765,0
7,port_flow_count,2766,0
7,port_flow_count,2767,0
7,port_flow_count,2768,0
7,port_flow_count,2769,0
7,port_flow_count,2770,0
7,port_flow_count,2771,0
7,port_flow_count,2772,0
7,port_flow_count,2773,0
7,port_flow_count,2774,0
7,port_flow_count,2775,0
7,port_flow_count,2776,0
7,port_flow_count,2777,0
7,port_flow_count,2778,0
7,port_flow_count,2779,0
7,port_flow_count,2780,0
7,port_flow_count,2781,0
7,port_flow_count,2782,0
7,port_flow_count,2783,0
7,port_flow_count,2784,0
7,port_flow_count,2785,0
7,port_flow_count,2786,0
7,port_flow_count,2787,0
7,port_flow_count,2788,0
7,port_flow_count,2789,0
7,port_flow_count,2790,0
7,port_flow_count,2791,0
7,port_flow_count,2792,0
7,port_flow_count,2793,0
7,port_flow_count,2794,0
7,port_flow_count,2795,0
7,port_flow_count,2796,0
7,port_flow_count,2797,0
7,port_flow_count,2798,0
7,port_flow_count,2799,0
7,port_flow_count,2800,0
7,port_flow_count,2801,0
7,port_flow_count,2802,0
7,port_flow_count,2803,0
7,port_flow_count,2804,0
7,port_flow_count,2805,0
7,port_flow_count,2806,0
7,port_flow_count,2807,0
7,port_flow_count,2808,0
7,port_flow_count,2809,0
7,port_flow_count,2810,0
7,port_flow_count,2811,0
7,port_flow_count,2812,0
7,port_flow_count,2813,0
7,port_flow_count,2814,0
7,port_flow_count,2815,0
7,port_flow_count,2816,0
7,port_flow_count,2817,0
7,port_flow_count,2818,0
7,port_flow_count,2819,0
7,port_flow_count,2820,0
7,port_flow_count,2821,0
7,port_flow_count,2822,0
7,port_flow_count,2823,0
7,port_flow_count,2824,0
7,port_flow_count,2825,0
7,port_flow_count,2826,0
7,port_flow_count,2827,0
7,port_flow_count,2828,0
7,port_flow_count,2829,0
7,port_flow_count,2830,0
7,port_flow_count,2831,0
7,port_flow_count,2832,0
7,port_flow_count,2833,0
7,port_flow_count,2834,0
7,port_flow_count,2835,0
7,port_flow_count,2836,0
7,port_flow_count,2837,0
7,port_flow_count,2838,0
7,port_flow_count,2839,0
7,port_flow_count,2840,0
7,port_flow_count,2841,0
7,port_flow_count,2842,0
7,port_flow_count,2843,0
7,port_flow_count,2844,0
7,port_flow_count,2845,0
7,port_flow_count,2846,0
7,port_flow_count,2847,0
7,port_flow_count,2848,0
7,port_flow_count,2849,0
7,port_flow_count,2850,0
7,port_flow_count,2851,0
7,port_flow_count,2852,0
7,port_flow_count,2853,0
7,port_flow_count,2854,0
7,port_flow_count,2855,0
7,port_flow_count,2856,0
7,port_flow_count,2857,0
7,port_flow_count,2858,0
7,port_flow_count,2859,0
7,port_flow_count,2860,0
7,port_flow_count,2861,0
7,port_flow_count,2862,0
7,port_flow_count,2863,0
7,port_flow_count,2864,0
7,port_flow_count,2865,0
7,port_flow_count,2866,0
7,port_flow_count,2867,0
7,port_flow_count,2868,0
7,port_flow_count,2869,0
7,port_flow_count,2870,0
7,port_flow_count,2871,0
7,port_flow_count,2872,0
7,port_flow_count,2873,0
7,port_flow_count,2874,0
7,port_flow_count,2875,0
7,port_flow_count,2876,0
7,port_flow_count,2877,0
7,port_flow_count,2878,0
7,port_flow_count,2879,0
7,port_flow_count,2880,0
7,port_flow_count,2881,0
7,port_flow_count,2882,0
7,port_flow_count,2883,0
7,port_flow_count,2884,0
7,port_flow_count,2885,0
7,port_flow_count,2886,0
7,port_flow_count,2887,0
7,port_flow_count,2888,0
7,port_flow_count,2889,0
7,port_flow_count,2890,0
7,port_flow_count,2891,0
7,port_flow_count,2892,0
7,port_flow_count,2893,0
7,port_flow_count,2894,0
7,port_flow_count,2895,0
7,port_flow_count,2896,0
7,port_flow_count,2897,0
7,port_flow_count,2898,0
7,port_flow_count,2899,0
7,port_flow_count,2900,0
7,port_flow_count,2901,0
7,port_flow_count,2902,0
7,port_flow_count,2903,0
7,port_flow_count,2904,0
7,port_flow_count,2905,0
7,port_flow_count,2906,0
7,port_flow_count,2907,0
7,port_flow_count,2908,0
7,port_flow_count,2909,0
7,port_flow_count,2910,0
7,port_flow_count,2911,0
7,port_flow_count,2912,0
7,port_flow_count,2913,0
7,port_flow_count,2914,0
7,port_flow_count,2915,0
7,port_flow_count,2916,0
7,port_flow_count,2917,0
7,port_flow_count,2918,0
7,port_flow_count,2919,0
7,port_flow_count,2920,0
7,port_flow_count,2921,0
7,port_flow_count,2922,0
7,port_flow_count,2923,0
7,port_flow_count,2924,0
7,port_flow_count,2925,0
7,port_flow_count,2926,0
7,port_flow_count,2927,0
7,port_flow_count,2928,0
7,port_flow_count,2929,0
7,port_flow_count,2930,0
7,port_flow_count,2931,0
7,port_flow_count,2932,0
7,port_flow_count,2933,0
7,port_flow_count,2934,0
7,port_flow_count,2935,0
7,port_flow_count,2936,0
7,port_flow_count,2937,0
7,port_flow_count,2938,0
7,port_flow_count,2939,0
7,port_flow_count,2940,0
7,port_flow_count,2941,0
7,port_flow_count,2942,0
7,port_flow_count,2943,0
7,port_flow_count,2944,0
7,port_flow_count,2945,0
7,port_flow_count,2946,0
7,port_flow_count,2947,0
7,port_flow_count,2948,0
7,port_flow_count,2949,0
7,port_flow_count,2950,0
7,port_flow_count,2951,0
7,port_flow_count,2952,0
7,port_flow_count,2953,0
7,port_flow_count,2954,0
7,port_flow_count,2955,0
7,port_flow_count,2956,0
7,port_flow_count,2957,0
7,port_flow_count,2958,0
7,port_flow_count,2959,0
7,port_flow_count,2960,0
7,port_flow_count,2961,0
7,port_flow_count,2962,0
7,port_flow_count,2963,0
7,port_flow_count,2964,0
7,port_flow_count,2965,0
7,port_flow_count,2966,0
7,port_flow_count,2967,0
7,port_flow_count,2968,0
7,port_flow_count,2969,0
7,port_flow_count,2970,0
7,port_flow_count,2971,0
7,port_flow_count,2972,0
7,port_flow_count,2973,0
7,port_flow_count,2974,0
7,port_flow_count,2975,0
7,port_flow_count,2976,0
7,port_flow_count,2977,0
7,port_flow_count,2978,0
7,port_flow_count,2979,0
7,port_flow_count,2980,0
7,port_flow_count,2981,0
7,port_flow_count,2982,0
7,port_flow_count,2983,0
7,port_flow_count,2984,0
7,port_flow_count,2985,0
7,port_flow_count,2986,0
7,port_flow_count,2987,0
7,port_flow_count,2988,0
7,port_flow_count,2989,0
7,port_flow_count,2990,0
7,port_flow_count,2991,0
7,port_flow_count,2992,0
7,port_flow_count,2993,0
7,port_flow_count,2994,0
7,port_flow_count,2995,0
7,port_flow_count,2996,0
7,port_flow_count,2997,0
7,port_flow_count,2998,0
7,port_flow_count,2999,0
7,port_flow_count,3000,0
7,port_flow_count,3001,0
7,port_flow_count,3002,0
7,port_flow_count,3003,0
7,port_flow_count,3004,0
7,port_flow_count,3005,0
7,port_flow_count,3006,0
7,port_flow_count,3007,0
7,port_flow_count,3008,0
7,port_flow_count,3009,0
7,port_flow_count,3010,0
7,port_flow_count,3011,0
7,port_flow_count,3012,0
7,port_flow_count,3013,0
7,port_flow_count,3014,0
7,port_flow_count,3015,0
7,port_flow_count,3016,0
7,port_flow_count,3017,0
7,port_flow_count,3018,0
7,port_flow_count,3019,0
7,port_flow_count,3020,0
7,port_flow_count,3021,0
7,port_flow_count,3022,0
7,port_flow_count,3023,0
7,port_flow_count,3024,0
7,port_flow_count,3025,0
7,port_flow_count,3026,0
7,port_flow_count,3027,0
7,port_flow_count,3028,0
7,port_flow_count,3029,0
7,port_flow_count,3030,0
7,port_flow_count,3031,0
7,port_flow_count,3032,0
7,port_flow_count,3033,0
7,port_flow_count,3034,0
7,port_flow_count,3035,0
7,port_flow_count,3036,0
7,port_flow_count,3037,0
7,port_flow_count,3038,0
7,port_flow_count,3039,0
7,port_flow_count,3040,0
7,port_flow_count,3041,0
7,port_flow_count,3042,0
7,port_flow_count,3043,0
7,port_flow_count,3044,0
7,port_flow_count,3045,0
7,port_flow_count,3046,0
7,port_flow_count,3047,0
7,port_flow_count,3048,0
7,port_flow_count,3049,0
7,port_flow_count,3050,0
7,port_flow_count,3051,0
7,port_flow_count,3052,0
7,port_flow_count,3053,0
7,port_flow_count,3054,0
7,port_flow_count,3055,0
7,port_flow_count,3056,0
7,port_flow_count,3057,0
7,port_flow_count,3058,0
7,port_flow_count,3059,0
7,port_flow_count,3060,0
7,port_flow_count,3061,0
7,port_flow_count,3062,0
7,port_flow_count,3063,0
7,port_flow_count,3064,0
7,port_flow_count,3065,0
7,port_flow_count,3066,0
7,port_flow_count,3067,0
7,port_flow_count,3068,0
7,port_flow_count,3069,0
7,port_flow_count,3070,0
7,port_flow_count,3071,0
7,port_flow_count,3072,0
7,port_flow_count,3073,0
7,port_flow_count,3074,0
7,port_flow_count,3075,0
7,port_flow_count,3076,0
7,port_flow_count,3077,0
7,port_flow_count,3078,0
7,port_flow_count,3079,0
7,port_flow_count,3080,0
7,port_flow_count,3081,0
7,port_flow_count,3082,0
7,port_flow_count,3083,0
7,port_flow_count,3084,0
7,port_flow_count,3085,0
7,port_flow_count,3086,0
7,port_flow_count,3087,0
7,port_flow_count,3088,0
7,port_flow_count,3089,0
7,port_flow_count,3090,0
7,port_flow_count,3091,0
7,port_flow_count,3092,0
7,port_flow_count,3093,0
7,port_flow_count,3094,0
7,port_flow_count,3095,0
7,port_flow_count,3096,0
7,port_flow_count,3097,0
7,port_flow_count,3098,0
7,port_flow_count,3099,0
7,port_flow_count,3100,0
7,port_flow_count,3101,0
7,port_flow_count,3102,0
7,port_flow_count,3103,0
7,port_flow_count,3104,0
7,port_flow_count,3105,0
7,port_flow_count,3106,0
7,port_flow_count,3107,0
7,port_flow_count,3108,0
7,port_flow_count,3109,0
7,port_flow_count,3110,0
7,port_flow_count,3111,0
7,port_flow_count,3112,0
7,port_flow_count,3113,0
7,port_flow_count,3114,0
7,port_flow_count,3115,0
7,port_flow_count,3116,0
7,port_flow_count,3117,0
7,port_flow_count,3118,0
7,port_flow_count,3119,0
7,port_flow_count,3120,0
7,port_flow_count,3121,0
7,port_flow_count,3122,0
7,port_flow_count,3123,0
7,port_flow_count,3124,0
7,port_flow_count,3125,0
7,port_flow_count,3126,0
7,port_flow_count,3127,0
7,port_flow_count,3128,0
7,port_flow_count,3129,0
7,port_flow_count,3130,0
7,port_flow_count,3131,0
7,port_flow_count,3132,0
7,port_flow_count,3133,0
7,port_flow_count,3134,0
7,port_flow_count,3135,0
7,port_flow_count,3136,0
7,port_flow_count,3137,0
7,port_flow_count,3138,0
7,port_flow_count,3139,0
7,port_flow_count,3140,0
7,port_flow_count,3141,0
7,port_flow_count,3142,0
7,port_flow_count,3143,0
7,port_flow_count,3144,0
7,port_flow_count,3145,0
7,port_flow_count,3146,0
7,port_flow_count,3147,0
7,port_flow_count,3148,0
7,port_flow_count,3149,0
7,port_flow_count,3150,0
7,port_flow_count,3151,0
7,port_flow_count,3152,0
7,port_flow_count,3153,0
7,port_flow_count,3154,0
7,port_flow_count,3155,0
7,port_flow_count,3156,0
7,port_flow_count,3157,0
7,port_flow_count,3158,0
7,port_flow_count,3159,0
7,port_flow_count,3160,0
7,port_flow_count,3161,0
7,port_flow_count,3162,0
7,port_flow_count,3163,0
7,port_flow_count,3164,0
7,port_flow_count,3165,0
7,port_flow_count,3166,0
7,port_flow_count,3167,0
7,port_flow_count,3168,0
7,port_flow_count,3169,0
7,port_flow_count,3170,0
7,port_flow_count,3171,0
7,port_flow_count,3172,0
7,port_flow_count,3173,0
7,port_flow_count,3174,0
7,port_flow_count,3175,0
7,port_flow_count,3176,0
7,port_flow_count,3177,0
7,port_flow_count,3178,0
7,port_flow_count,3179,0
7,port_flow_count,3180,0
7,port_flow_count,3181,0
7,port_flow_count,3182,0
7,port_flow_count,3183,0
7,port_flow_count,3184,0
7,port_flow_count,3185,0
7,port_flow_count,3186,0
7,port_flow_count,3187,0
7,port_flow_count,3188,0
7,port_flow_count,3189,0
7,port_flow_count,3190,0
7,port_flow_count,3191,0
7,port_flow_count,3192,0
7,port_flow_count,3193,0
7,port_flow_count,3194,0
7,port_flow_count,3195,0
7,port_flow_count,3196,0
7,port_flow_count,3197,0
7,port_flow_count,3198,0
7,port_flow_count,3199,0
7,port_flow_count,3200,0
7,port_flow_count,3201,0
7,port_flow_count,3202,0
7,port_flow_count,3203,0
7,port_flow_count,3204,0
7,port_flow_count,3205,0
7,port_flow_count,3206,0
7,port_flow_count,3207,0
7,port_flow_count,3208,0
7,port_flow_count,3209,0
7,port_flow_count,3210,0
7,port_flow_count,3211,0
7,port_flow_count,3212,0
7,port_flow_count,3213,0
7,port_flow_count,3214,0
7,port_flow_count,3215,0
7,port_flow_count,3216,0
7,port_flow_count,3217,0
7,port_flow_count,3218,0
7,port_flow_count,3219,0
7,port_flow_count,3220,0
7,port_flow_count,3221,0
7,port_flow_count,3222,0
7,port_flow_count,3223,0
7,port_flow_count,3224,0
7,port_flow_count,3225,0
7,port_flow_count,3226,0
7,port_flow_count,3227,0
7,port_flow_count,3228,0
7,port_flow_count,3229,0
7,port_flow_count,3230,0
7,port_flow_count,3231,0
7,port_flow_count,3232,0
7,port_flow_count,3233,0
7,port_flow_count,3234,0
7,port_flow_count,3235,0
7,port_flow_count,3236,0
7,port_flow_count,3237,0
7,port_flow_count,3238,0
7,port_flow_count,3239,0
7,port_flow_count,3240,0
7,port_flow_count,3241,0
7,port_flow_count,3242,0
7,port_flow_count,3243,0
7,port_flow_count,3244,0
7,port_flow_count,3245,0
7,port_flow_count,3246,0
7,port_flow_count,3247,0
7,port_flow_count,3248,0
7,port_flow_count,3249,0
7,port_flow_count,3250,0
7,port_flow_count,3251,0
7,port_flow_count,3252,0
7,port_flow_count,3253,0
7,port_flow_count,3254,0
7,port_flow_count,3255,0
7,port_flow_count,3256,0
7,port_flow_count,3257,0
7,port_flow_count,3258,0
7,port_flow_count,3259,0
7,port_flow_count,3260,0
7,port_flow_count,3261,0
7,port_flow_count,3262,0
7,port_flow_count,3263,0
7,port_flow_count,3264,0
7,port_flow_count,3265,0
7,port_flow_count,3266,0
7,port_flow_count,3267,0
7,port_flow_count,3268,0
7,port_flow_count,3269,0
7,port_flow_count,3270,0
7,port_flow_count,3271,0
7,port_flow_count,3272,0
7,port_flow_count,3273,0
7,port_flow_count,3274,0
7,port_flow_count,3275,0
7,port_flow_count,3276,0
7,port_flow_count,3277,0
7,port_flow_count,3278,0
7,port_flow_count,3279,0
7,port_flow_count,3280,0
7,port_flow_count,3281,0
7,port_flow_count,3282,0
7,port_flow_count,3283,0
7,port_flow_count,3284,0
7,port_flow_count,3285,0
7,port_flow_count,3286,0
7,port_flow_count,3287,0
7,port_flow_count,3288,0
7,port_flow_count,3289,0
7,port_flow_count,3290,0
7,port_flow_count,3291,0
7,port_flow_count,3292,0
7,port_flow_count,3293,0
7,port_flow_count,3294,0
7,port_flow_count,3295,0
7,port_flow_count,3296,0
7,port_flow_count,3297,0
7,port_flow_count,3298,0
7,port_flow_count,3299,0
7,port_flow_count,3300,0
7,port_flow_count,3301,0
7,port_flow_count,3302,0
7,port_flow_count,3303,0
7,port_flow_count,3304,0
7,port_flow_count,3305,0
7,port_flow_count,3306,0
7,port_flow_count,3307,0
7,port_flow_count,3308,0
7,port_flow_count,3309,0
7,port_flow_count,3310,0
7,port_flow_count,3311,0
7,port_flow_count,3312,0
7,port_flow_count,3313,0
7,port_flow_count,3314,0
7,port_flow_count,3315,0
7,port_flow_count,3316,0
7,port_flow_count,3317,0
7,port_flow_count,3318,0
7,port_flow_count,3319,0
7,port_flow_count,3320,0
7,port_flow_count,3321,0
7,port_flow_count,3322,0
7,port_flow_count,3323,0
7,port_flow_count,3324,0
7,port_flow_count,3325,0
7,port_flow_count,3326,0
7,port_flow_count,3327,0
7,port_flow_count,3328,0
7,port_flow_count,3329,0
7,port_flow_count,3330,0
7,port_flow_count,3331,0
7,port_flow_count,3332,0
7,port_flow_count,3333,0
7,port_flow_count,3334,0
7,port_flow_count,3335,0
7,port_flow_count,3336,0
7,port_flow_count,3337,0
7,port_flow_count,3338,0
7,port_flow_count,3339,0
7,port_flow_count,3340,0
7,port_flow_count,3341,0
7,port_flow_count,3342,0
7,port_flow_count,3343,0
7,port_flow_count,3344,0
7,port_flow_count,3345,0
7,port_flow_count,3346,0
7,port_flow_count,3347,0
7,port_flow_count,3348,0
7,port_flow_count,3349,0
7,port_flow_count,3350,0
7,port_flow_count,3351,0
7,port_flow_count,3352,0
7,port_flow_count,3353,0
7,port_flow_count,3354,0
7,port_flow_count,3355,0
7,port_flow_count,3356,0
7,port_flow_count,3357,0
7,port_flow_count,3358,0
7,port_flow_count,3359,0
7,port_flow_count,3360,0
7,port_flow_count,3361,0
7,port_flow_count,3362,0
7,port_flow_count,3363,0
7,port_flow_count,3364,0
7,port_flow_count,3365,0
7,port_flow_count,3366,0
7,port_flow_count,3367,0
7,port_flow_count,3368,0
7,port_flow_count,3369,0
7,port_flow_count,3370,0
7,port_flow_count,3371,0
7,port_flow_count,3372,0
7,port_flow_count,3373,0
7,port_flow_count,3374,0
7,port_flow_count,3375,0
7,port_flow_count,3376,0
7,port_flow_count,3377,0
7,port_flow_count,3378,0
7,port_flow_count,3379,0
7,port_flow_count,3380,0
7,port_flow_count,3381,0
7,port_flow_count,3382,0
7,port_flow_count,3383,0
7,port_flow_count,3384,0
7,port_flow_count,3385,0
7,port_flow_count,3386,0
7,port_flow_count,3387,0
7,port_flow_count,3388,0
7,port_flow_count,3389,0
7,port_flow_count,3390,0
7,port_flow_count,3391,0
7,port_flow_count,3392,0
7,port_flow_count,3393,0
7,port_flow_count,3394,0
7,port_flow_count,3395,0
7,port_flow_count,3396,0
7,port_flow_count,3397,0
7,port_flow_count,3398,0
7,port_flow_count,3399,0
7,port_flow_count,3400,0
7,port_flow_count,3401,0
7,port_flow_count,3402,0
7,port_flow_count,3403,0
7,port_flow_count,3404,0
7,port_flow_count,3405,0
7,port_flow_count,3406,0
7,port_flow_count,3407,0
7,port_flow_count,3408,0
7,port_flow_count,3409,0
7,port_flow_count,3410,0
7,port_flow_count,3411,0
7,port_flow_count,3412,0
7,port_flow_count,3413,0
7,port_flow_count,3414,0
7,port_flow_count,3415,0
7,port_flow_count,3416,0
7,port_flow_count,3417,0
7,port_flow_count,3418,0
7,port_flow_count,3419,0
7,port_flow_count,3420,0
7,port_flow_count,3421,0
7,port_flow_count,3422,0
7,port_flow_count,3423,0
7,port_flow_count,3424,0
7,port_flow_count,3425,0
7,port_flow_count,3426,0
7,port_flow_count,3427,0
7,port_flow_count,3428,0
7,port_flow_count,3429,0
7,port_flow_count,3430,0
7,port_flow_count,3431,0
7,port_flow_count,3432,0
7,port_flow_count,3433,0
7,port_flow_count,3434,0
7,port_flow_count,3435,0
7,port_flow_count,3436,0
7,port_flow_count,3437,0
7,port_flow_count,3438,0
7,port_flow_count,3439,0
7,port_flow_count,3440,0
7,port_flow_count,3441,0
7,port_flow_count,3442,0
7,port_flow_count,3443,0
7,port_flow_count,3444,0
7,port_flow_count,3445,0
7,port_flow_count,3446,0
7,port_flow_count,3447,0
7,port_flow_count,3448,0
7,port_flow_count,3449,0
7,port_flow_count,3450,0
7,port_flow_count,3451,0
7,port_flow_count,3452,0
7,port_flow_count,3453,0
7,port_flow_count,3454,0
7,port_flow_count,3455,0
7,port_flow_count,3456,0
7,port_flow_count,3457,0
7,port_flow_count,3458,0
7,port_flow_count,3459,0
7,port_flow_count,3460,0
7,port_flow_count,3461,0
7,port_flow_count,3462,0
7,port_flow_count,3463,0
7,port_flow_count,3464,0
7,port_flow_count,3465,0
7,port_flow_count,3466,0
7,port_flow_count,3467,0
7,port_flow_count,3468,0
7,port_flow_count,3469,0
7,port_flow_count,3470,0
7,port_flow_count,3471,0
7,port_flow_count,3472,0
7,port_flow_count,3473,0
7,port_flow_count,3474,0
7,port_flow_count,3475,0
7,port_flow_count,3476,0
7,port_flow_count,3477,0
7,port_flow_count,3478,0
7,port_flow_count,3479,0
7,port_flow_count,3480,0
7,port_flow_count,3481,0
7,port_flow_count,3482,0
7,port_flow_count,3483,0
7,port_flow_count,3484,0
7,port_flow_count,3485,0
7,port_flow_count,3486,0
7,port_flow_count,3487,0
7,port_flow_count,3488,0
7,port_flow_count,3489,0
7,port_flow_count,3490,0
7,port_flow_count,3491,0
7,port_flow_count,3492,0
7,port_flow_count,3493,0
7,port_flow_count,3494,0
7,port_flow_count,3495,0
7,port_flow_count,3496,0
7,port_flow_count,3497,0
7,port_flow_count,3498,0
7,port_flow_count,3499,0
7,port_flow_count,3500,0
7,port_flow_count,3501,0
7,port_flow_count,3502,0
7,port_flow_count,3503,0
7,port_flow_count,3504,0
7,port_flow_count,3505,0
7,port_flow_count,3506,0
7,port_flow_count,3507,0
7,port_flow_count,3508,0
7,port_flow_count,3509,0
7,port_flow_count,3510,0
7,port_flow_count,3511,0
7,port_flow_count,3512,0
7,port_flow_count,3513,0
7,port_flow_count,3514,0
7,port_flow_count,3515,0
7,port_flow_count,3516,0
7,port_flow_count,3517,0
7,port_flow_count,3518,0
7,port_flow_count,3519,0
7,port_flow_count,3520,0
7,port_flow_count,3521,0
7,port_flow_count,3522,0
7,port_flow_count,3523,0
7,port_flow_count,3524,0
7,port_flow_count,3525,0
7,port_flow_count,3526,0
7,port_flow_count,3527,0
7,port_flow_count,3528,0
7,port_flow_count,3529,0
7,port_flow_count,3530,0
7,port_flow_count,3531,0
7,port_flow_count,3532,0
7,port_flow_count,3533,0
7,port_flow_count,3534,0
7,port_flow_count,3535,0
7,port_flow_count,3536,0
7,port_flow_count,3537,0
7,port_flow_count,3538,0
7,port_flow_count,3539,0
7,port_flow_count,3540,0
7,port_flow_count,3541,0
7,port_flow_count,3542,0
7,port_flow_count,3543,0
7,port_flow_count,3544,0
7,port_flow_count,3545,0
7,port_flow_count,3546,0
7,port_flow_count,3547,0
7,port_flow_count,3548,0
7,port_flow_count,3549,0
7,port_flow_count,3550,0
7,port_flow_count,3551,0
7,port_flow_count,3552,0
7,port_flow_count,3553,0
7,port_flow_count,3554,0
7,port_flow_count,3555,0
7,port_flow_count,3556,0
7,port_flow_count,3557,0
7,port_flow_count,3558,0
7,port_flow_count,3559,0
7,port_flow_count,3560,0
7,port_flow_count,3561,0
7,port_flow_count,3562,0
7,port_flow_count,3563,0
7,port_flow_count,3564,0
7,port_flow_count,3565,0
7,port_flow_count,3566,0
7,port_flow_count,3567,0
7,port_flow_count,3568,0
7,port_flow_count,3569,0
7,port_flow_count,3570,0
7,port_flow_count,3571,0
7,port_flow_count,3572,0
7,port_flow_count,3573,0
7,port_flow_count,3574,0
7,port_flow_count,3575,0
7,port_flow_count,3576,0
7,port_flow_count,3577,0
7,port_flow_count,3578,0
7,port_flow_count,3579,0
7,port_flow_count,3580,0
7,port_flow_count,3581,0
7,port_flow_count,3582,0
7,port_flow_count,3583,0
7,port_flow_count,3584,0
7,port_flow_count,3585,0
7,port_flow_count,3586,0
7,port_flow_count,3587,0
7,port_flow_count,3588,0
7,port_flow_count,3589,0
7,port_flow_count,3590,0
7,port_flow_count,3591,0
7,port_flow_count,3592,0
7,port_flow_count,3593,0
7,port_flow_count,3594,0
7,port_flow_count,3595,0
7,port_flow_count,3596,0
7,port_flow_count,3597,0
7,port_flow_count,3598,0
7,port_flow_count,3599,0
7,port_flow_count,3600,0
7,port_flow_count,3601,0
7,port_flow_count,3602,0
7,port_flow_count,3603,0
7,port_flow_count,3604,0
7,port_flow_count,3605,0
7,port_flow_count,3606,0
7,port_flow_count,3607,0
7,port_flow_count,3608,0
7,port_flow_count,3609,0
7,port_flow_count,3610,0
7,port_flow_count,3611,0
7,port_flow_count,3612,0
7,port_flow_count,3613,0
7,port_flow_count,3614,0
7,port_flow_count,3615,0
7,port_flow_count,3616,0
7,port_flow_count,3617,0
7,port_flow_count,3618,0
7,port_flow_count,3619,0
7,port_flow_count,3620,0
7,port_flow_count,3621,0
7,port_flow_count,3622,0
7,port_flow_count,3623,0
7,port_flow_count,3624,0
7,port_flow_count,3625,0
7,port_flow_count,3626,0
7,port_flow_count,3627,0
7,port_flow_count,3628,0
7,port_flow_count,3629,0
7,port_flow_count,3630,0
7,port_flow_count,3631,0
7,port_flow_count,3632,0
7,port_flow_count,3633,0
7,port_flow_count,3634,0
7,port_flow_count,3635,0
7,port_flow_count,3636,0
7,port_flow_count,3637,0
7,port_flow_count,3638,0
7,port_flow_count,3639,0
7,port_flow_count,3640,0
7,port_flow_count,3641,0
7,port_flow_count,3642,0
7,port_flow_count,3643,0
7,port_flow_count,3644,0
7,port_flow_count,3645,0
7,port_flow_count,3646,0
7,port_flow_count,3647,0
7,port_flow_count,3648,0
7,port_flow_count,3649,0
7,port_flow_count,3650,0
7,port_flow_count,3651,0
7,port_flow_count,3652,0
7,port_flow_count,3653,0
7,port_flow_count,3654,0
7,port_flow_count,3655,0
7,port_flow_count,3656,0
7,port_flow_count,3657,0
7,port_flow_count,3658,0
7,port_flow_count,3659,0
7,port_flow_count,3660,0
7,port_flow_count,3661,0
7,port_flow_count,3662,0
7,port_flow_count,3663,0
7,port_flow_count,3664,0
7,port_flow_count,3665,0
7,port_flow_count,3666,0
7,port_flow_count,3667,0
7,port_flow_count,3668,0
7,port_flow_count,3669,0
7,port_flow_count,3670,0
7,port_flow_count,3671,0
7,port_flow_count,3672,0
7,port_flow_count,3673,0
7,port_flow_count,3674,0
7,port_flow_count,3675,0
7,port_flow_count,3676,0
7,port_flow_count,3677,0
7,port_flow_count,3678,0
7,port_flow_count,3679,0
7,port_flow_count,3680,0
7,port_flow_count,3681,0
7,port_flow_count,3682,0
7,port_flow_count,3683,0
7,port_flow_count,3684,0
7,port_flow_count,3685,0
7,port_flow_count,3686,0
7,port_flow_count,3687,0
7,port_flow_count,3688,0
7,port_flow_count,3689,0
7,port_flow_count,3690,0
7,port_flow_count,3691,0
7,port_flow_count,3692,0
7,port_flow_count,3693,0
7,port_flow_count,3694,0
7,port_flow_count,3695,0
7,port_flow_count,3696,0
7,port_flow_count,3697,0
7,port_flow_count,3698,0
7,port_flow_count,3699,0
7,port_flow_count,3700,0
7,port_flow_count,3701,0
7,port_flow_count,3702,0
7,port_flow_count,3703,0
7,port_flow_count,3704,0
7,port_flow_count,3705,0
7,port_flow_count,3706,0
7,port_flow_count,3707,0
7,port_flow_count,3708,0
7,port_flow_count,3709,0
7,port_flow_count,3710,0
7,port_flow_count,3711,0
7,port_flow_count,3712,0
7,port_flow_count,3713,0
7,port_flow_count,3714,0
7,port_flow_count,3715,0
7,port_flow_count,3716,0
7,port_flow_count,3717,0
7,port_flow_count,3718,0
7,port_flow_count,3719,0
7,port_flow_count,3720,0
7,port_flow_count,3721,0
7,port_flow_count,3722,0
7,port_flow_count,3723,0
7,port_flow_count,3724,0
7,port_flow_count,3725,0
7,port_flow_count,3726,0
7,port_flow_count,3727,0
7,port_flow_count,3728,0
7,port_flow_count,3729,0
7,port_flow_count,3730,0
7,port_flow_count,3731,0
7,port_flow_count,3732,0
7,port_flow_count,3733,0
7,port_flow_count,3734,0
7,port_flow_count,3735,0
7,port_flow_count,3736,0
7,port_flow_count,3737,0
7,port_flow_count,3738,0
7,port_flow_count,3739,0
7,port_flow_count,3740,0
7,port_flow_count,3741,0
7,port_flow_count,3742,0
7,port_flow_count,3743,0
7,port_flow_count,3744,0
7,port_flow_count,3745,0
7,port_flow_count,3746,0
7,port_flow_count,3747,0
7,port_flow_count,3748,0
7,port_flow_count,3749,0
7,port_flow_count,3750,0
7,port_flow_count,3751,0
7,port_flow_count,3752,0
7,port_flow_count,3753,0
7,port_flow_count,3754,0
7,port_flow_count,3755,0
7,port_flow_count,3756,0
7,port_flow_count,3757,0
7,port_flow_count,3758,0
7,port_flow_count,3759,0
7,port_flow_count,3760,0
7,port_flow_count,3761,0
7,port_flow_count,3762,0
7,port_flow_count,3763,0
7,port_flow_count,3764,0
7,port_flow_count,3765,0
7,port_flow_count,3766,0
7,port_flow_count,3767,0
7,port_flow_count,3768,0
7,port_flow_count,3769,0
7,port_flow_count,3770,0
7,port_flow_count,3771,0
7,port_flow_count,3772,0
7,port_flow_count,3773,0
7,port_flow_count,3774,0
7,port_flow_count,3775,0
7,port_flow_count,3776,0
7,port_flow_count,3777,0
7,port_flow_count,3778,0
7,port_flow_count,3779,0
7,port_flow_count,3780,0
7,port_flow_count,3781,0
7,port_flow_count,3782,0
7,port_flow_count,3783,0
7,port_flow_count,3784,0
7,port_flow_count,3785,0
7,port_flow_count,3786,0
7,port_flow_count,3787,0
7,port_flow_count,3788,0
7,port_flow_count,3789,0
7,port_flow_count,3790,0
7,port_flow_count,3791,0
7,port_flow_count,3792,0
7,port_flow_count,3793,0
7,port_flow_count,3794,0
7,port_flow_count,3795,0
7,port_flow_count,3796,0
7,port_flow_count,3797,0
7,port_flow_count,3798,0
7,port_flow_count,3799,0
7,port_flow_count,3800,0
7,port_flow_count,3801,0
7,port_flow_count,3802,0
7,port_flow_count,3803,0
7,port_flow_count,3804,0
7,port_flow_count,3805,0
7,port_flow_count,3806,0
7,port_flow_count,3807,0
7,port_flow_count,3808,0
7,port_flow_count,3809,0
7,port_flow_count,3810,0
7,port_flow_count,3811,0
7,port_flow_count,3812,0
7,port_flow_count,3813,0
7,port_flow_count,3814,0
7,port_flow_count,3815,0
7,port_flow_count,3816,0
7,port_flow_count,3817,0
7,port_flow_count,3818,0
7,port_flow_count,3819,0
7,port_flow_count,3820,0
7,port_flow_count,3821,0
7,port_flow_count,3822,0
7,port_flow_count,3823,0
7,port_flow_count,3824,0
7,port_flow_count,3825,0
7,port_flow_count,3826,0
7,port_flow_count,3827,0
7,port_flow_count,3828,0
7,port_flow_count,3829,0
7,port_flow_count,3830,0
7,port_flow_count,3831,0
7,port_flow_count,3832,0
7,port_flow_count,3833,0
7,port_flow_count,3834,0
7,port_flow_count,3835,0
7,port_flow_count,3836,0
7,port_flow_count,3837,0
7,port_flow_count,3838,0
7,port_flow_count,3839,0
7,port_flow_count,3840,0
7,port_flow_count,3841,0
7,port_flow_count,3842,0
7,port_flow_count,3843,0
7,port_flow_count,3844,0
7,port_flow_count,3845,0
7,port_flow_count,3846,0
7,port_flow_count,3847,0
7,port_flow_count,3848,0
7,port_flow_count,3849,0
7,port_flow_count,3850,0
7,port_flow_count,3851,0
7,port_flow_count,3852,0
7,port_flow_count,3853,0
7,port_flow_count,3854,0
7,port_flow_count,3855,0
7,port_flow_count,3856,0
7,port_flow_count,3857,0
7,port_flow_count,3858,0
7,port_flow_count,3859,0
7,port_flow_count,3860,0
7,port_flow_count,3861,0
7,port_flow_count,3862,0
7,port_flow_count,3863,0
7,port_flow_count,3864,0
7,port_flow_count,3865,0
7,port_flow_count,3866,0
7,port_flow_count,3867,0
7,port_flow_count,3868,0
7,port_flow_count,3869,0
7,port_flow_count,3870,0
7,port_flow_count,3871,0
7,port_flow_count,3872,0
7,port_flow_count,3873,0
7,port_flow_count,3874,0
7,port_flow_count,3875,0
7,port_flow_count,3876,0
7,port_flow_count,3877,0
7,port_flow_count,3878,0
7,port_flow_count,3879,0
7,port_flow_count,3880,0
7,port_flow_count,3881,0
7,port_flow_count,3882,0
7,port_flow_count,3883,0
7,port_flow_count,3884,0
7,port_flow_count,3885,0
7,port_flow_count,3886,0
7,port_flow_count,3887,0
7,port_flow_count,3888,0
7,port_flow_count,3889,0
7,port_flow_count,3890,0
7,port_flow_count,3891,0
7,port_flow_count,3892,0
7,port_flow_count,3893,0
7,port_flow_count,3894,0
7,port_flow_count,3895,0
7,port_flow_count,3896,0
7,port_flow_count,3897,0
7,port_flow_count,3898,0
7,port_flow_count,3899,0
7,port_flow_count,3900,0
7,port_flow_count,3901,0
7,port_flow_count,3902,0
7,port_flow_count,3903,0
7,port_flow_count,3904,0
7,port_flow_count,3905,0
7,port_flow_count,3906,0
7,port_flow_count,3907,0
7,port_flow_count,3908,0
7,port_flow_count,3909,0
7,port_flow_count,3910,0
7,port_flow_count,3911,0
7,port_flow_count,3912,0
7,port_flow_count,3913,0
7,port_flow_count,3914,0
7,port_flow_count,3915,0
7,port_flow_count,3916,0
7,port_flow_count,3917,0
7,port_flow_count,3918,0
7,port_flow_count,3919,0
7,port_flow_count,3920,0
7,port_flow_count,3921,0
7,port_flow_count,3922,0
7,port_flow_count,3923,0
7,port_flow_count,3924,0
7,port_flow_count,3925,0
7,port_flow_count,3926,0
7,port_flow_count,3927,0
7,port_flow_count,3928,0
7,port_flow_count,3929,0
7,port_flow_count,3930,0
7,port_flow_count,3931,0
7,port_flow_count,3932,0
7,port_flow_count,3933,0
7,port_flow_count,3934,0
7,port_flow_count,3935,0
7,port_flow_count,3936,0
7,port_flow_count,3937,0
7,port_flow_count,3938,0
7,port_flow_count,3939,0
7,port_flow_count,3940,0
7,port_flow_count,3941,0
7,port_flow_count,3942,0
7,port_flow_count,3943,0
7,port_flow_count,3944,0
7,port_flow_count,3945,0
7,port_flow_count,3946,0
7,port_flow_count,3947,0
7,port_flow_count,3948,0
7,port_flow_count,3949,0
7,port_flow_count,3950,0
7,port_flow_count,3951,0
7,port_flow_count,3952,0
7,port_flow_count,3953,0
7,port_flow_count,3954,0
7,port_flow_count,3955,0
7,port_flow_count,3956,0
7,port_flow_count,3957,0
7,port_flow_count,3958,0
7,port_flow_count,3959,0
7,port_flow_count,3960,0
7,port_flow_count,3961,0
7,port_flow_count,3962,0
7,port_flow_count,3963,0
7,port_flow_count,3964,0
7,port_flow_count,3965,0
7,port_flow_count,3966,0
7,port_flow_count,3967,0
7,port_flow_count,3968,0
7,port_flow_count,3969,0
7,port_flow_count,3970,0
7,port_flow_count,3971,0
7,port_flow_count,3972,0
7,port_flow_count,3973,0
7,port_flow_count,3974,0
7,port_flow_count,3975,0
7,port_flow_count,3976,0
7,port_flow_count,3977,0
7,port_flow_count,3978,0
7,port_flow_count,3979,0
7,port_flow_count,3980,0
7,port_flow_count,3981,0
7,port_flow_count,3982,0
7,port_flow_count,3983,0
7,port_flow_count,3984,0
7,port_flow_count,3985,0
7,port_flow_count,3986,0
7,port_flow_count,3987,0
7,port_flow_count,3988,0
7,port_flow_count,3989,0
7,port_flow_count,3990,0
7,port_flow_count,3991,0
7,port_flow_count,3992,0
7,port_flow_count,3993,0
7,port_flow_count,3994,0
7,port_flow_count,3995,0
7,port_flow_count,3996,0
7,port_flow_count,3997,0
7,port_flow_count,3998,0
7,port_flow_count,3999,0
7,port_flow_count,4000,0
7,port_flow_count,4001,0
7,port_flow_count,4002,0
7,port_flow_count,4003,0
7,port_flow_count,4004,0
7,port_flow_count,4005,0
7,port_flow_count,4006,0
7,port_flow_count,4007,0
7,port_flow_count,4008,0
7,port_flow_count,4009,0
7,port_flow_count,4010,0
7,port_flow_count,4011,0
7,port_flow_count,4012,0
7,port_flow_count,4013,0
7,port_flow_count,4014,0
7,port_flow_count,4015,0
7,port_flow_count,4016,0
7,port_flow_count,4017,0
7,port_flow_count,4018,0
7,port_flow_count,4019,0
7,port_flow_count,4020,0
7,port_flow_count,4021,0
7,port_flow_count,4022,0
7,port_flow_count,4023,0
7,port_flow_count,4024,0
7,port_flow_count,4025,0
7,port_flow_count,4026,0
7,port_flow_count,4027,0
7,port_flow_count,4028,0
7,port_flow_count,4029,0
7,port_flow_count,4030,0
7,port_flow_count,4031,0
7,port_flow_count,4032,0
7,port_flow_count,4033,0
7,port_flow_count,4034,0
7,port_flow_count,4035,0
7,port_flow_count,4036,0
7,port_flow_count,4037,0
7,port_flow_count,4038,0
7,port_flow_count,4039,0
7,port_flow_count,4040,0
7,port_flow_count,4041,0
7,port_flow_count,4042,0
7,port_flow_count,4043,0
7,port_flow_count,4044,0
7,port_flow_count,4045,0
7,port_flow_count,4046,0
7,port_flow_count,4047,0
7,port_flow_count,4048,0
7,port_flow_count,4049,0
7,port_flow_count,4050,0
7,port_flow_count,4051,0
7,port_flow_count,4052,0
7,port_flow_count,4053,0
7,port_flow_count,4054,0
7,port_flow_count,4055,0
7,port_flow_count,4056,0
7,port_flow_count,4057,0
7,port_flow_count,4058,0
7,port_flow_count,4059,0
7,port_flow_count,4060,0
7,port_flow_count,4061,0
7,port_flow_count,4062,0
7,port_flow_count,4063,0
7,port_flow_count,4064,0
7,port_flow_count,4065,0
7,port_flow_count,4066,0
7,port_flow_count,4067,0
7,port_flow_count,4068,0
7,port_flow_count,4069,0
7,port_flow_count,4070,0
7,port_flow_count,4071,0
7,port_flow_count,4072,0
7,port_flow_count,4073,0
7,port_flow_count,4074,0
7,port_flow_count,4075,0
7,port_flow_count,4076,0
7,port_flow_count,4077,0
7,port_flow_count,4078,0
7,port_flow_count,4079,0
7,port_flow_count,4080,0
7,port_flow_count,4081,0
7,port_flow_count,4082,0
7,port_flow_count,4083,0
7,port_flow_count,4084,0
7,port_flow_count,4085,0
7,port_flow_count,4086,0
7,port_flow_count,4087,0
7,port_flow_count,4088,0
7,port_flow_count,4089,0
7,port_flow_count,4090,0
7,port_flow_count,4091,0
7,port_flow_count,4092,0
7,port_flow_count,4093,0
7,port_flow_count,4094,0
7,port_flow_count,4095,0
7,port_flow_bytes,0,0
7,port_flow_bytes,1,0
7,port_flow_bytes,2,0
7,port_flow_bytes,3,0
7,port_flow_bytes,4,0
7,port_flow_bytes,5,0
7,port_flow_bytes,6,0
7,port_flow_bytes,7,0
7,port_flow_bytes,8,0
7,port_flow_bytes,9,0
7,port_flow_bytes,10,0
7,port_flow_bytes,11,0
7,port_flow_bytes,12,0
7,port_flow_bytes,13,0
7,port_flow_bytes,14,0
7,port_flow_bytes,15,0
7,port_flow_bytes,16,0
7,port_flow_bytes,17,0
7,port_flow_bytes,18,0
7,port_flow_bytes,19,0
7,port_flow_bytes,20,0
7,port_flow_bytes,21,0
7,port_flow_bytes,22,0
7,port_flow_bytes,23,0
7,port_flow_bytes,24,0
7,port_flow_bytes,25,0
7,port_flow_bytes,26,0
7,port_flow_bytes,27,0
7,port_flow_bytes,28,0
7,port_flow_bytes,29,0
7,port_flow_bytes,30,0
7,port_flow_bytes,31,0
7,port_flow_bytes,32,0
7,port_flow_bytes,33,0
7,port_flow_bytes,34,0
7,port_flow_bytes,35,0
7,port_flow_bytes,36,0
7,port_flow_bytes,37,0
7,port_flow_bytes,38,0
7,port_flow_bytes,39,0
7,port_flow_bytes,40,0
7,port_flow_bytes,41,0
7,port_flow_bytes,42,0
7,port_flow_bytes,43,0
7,port_flow_bytes,44,0
7,port_flow_bytes,45,0
7,port_flow_bytes,46,0
7,port_flow_bytes,47,0
7,port_flow_bytes,48,0
7,port_flow_bytes,49,0
7,port_flow_bytes,50,0
7,port_flow_bytes,51,0
7,port_flow_bytes,52,0
7,port_flow_bytes,53,0
7,port_flow_bytes,54,0
7,port_flow_bytes,55,0
7,port_flow_bytes,56,0
7,port_flow_bytes,57,0
7,port_flow_bytes,58,0
7,port_flow_bytes,59,0
7,port_flow_bytes,60,0
7,port_flow_bytes,61,0
7,port_flow_bytes,62,0
7,port_flow_bytes,63,0
7,port_flow_bytes,64,0
7,port_flow_bytes,65,0
7,port_flow_bytes,66,0
7,port_flow_bytes,67,0
7,port_flow_bytes,68,0
7,port_flow_bytes,69,0
7,port_flow_bytes,70,0
7,port_flow_bytes,71,0
7,port_flow_bytes,72,0
7,port_flow_bytes,73,0
7,port_flow_bytes,74,0
7,port_flow_bytes,75,0
7,port_flow_bytes,76,0
7,port_flow_bytes,77,0
7,port_flow_bytes,78,0
7,port_flow_bytes,79,0
7,port_flow_bytes,80,0
7,port_flow_bytes,81,0
7,port_flow_bytes,82,0
7,port_flow_bytes,83,0
7,port_flow_bytes,84,0
7,port_flow_bytes,85,0
7,port_flow_bytes,86,0
7,port_flow_bytes,87,0
7,port_flow_bytes,88,0
7,port_flow_bytes,89,0
7,port_flow_bytes,90,0
7,port_flow_bytes,91,0
7,port_flow_bytes,92,0
7,port_flow_bytes,93,0
7,port_flow_bytes,94,0
7,port_flow_bytes,95,0
7,port_flow_bytes,96,0
7,port_flow_bytes,97,0
7,port_flow_bytes,98,0
7,port_flow_bytes,99,0
7,port_flow_bytes,100,0
7,port_flow_bytes,101,0
7,port_flow_bytes,102,0
7,port_flow_bytes,103,0
7,port_flow_bytes,104,0
7,port_flow_bytes,105,0
7,port_flow_bytes,106,0
7,port_flow_bytes,107,0
7,port_flow_bytes,108,0
7,port_flow_bytes,109,0
7,port_flow_bytes,110,0
7,port_flow_bytes,111,0
7,port_flow_bytes,112,0
7,port_flow_bytes,113,0
7,port_flow_bytes,114,0
7,port_flow_bytes,115,0
7,port_flow_bytes,116,0
7,port_flow_bytes,117,0
7,port_flow_bytes,118,0
7,port_flow_bytes,119,0
7,port_flow_bytes,120,0
7,port_flow_bytes,121,0
7,port_flow_bytes,122,0
7,port_flow_bytes,123,0
7,port_flow_bytes,124,0
7,port_flow_bytes,125,0
7,port_flow_bytes,126,0
7,port_flow_bytes,127,0
7,port_flow_bytes,128,0
7,port_flow_bytes,129,0
7,port_flow_bytes,130,0
7,port_flow_bytes,131,0
7,port_flow_bytes,132,0
7,port_flow_bytes,133,0
7,port_flow_bytes,134,0
7,port_flow_bytes,135,0
7,port_flow_bytes,136,0
7,port_flow_bytes,137,0
7,port_flow_bytes,138,0
7,port_flow_bytes,139,0
7,port_flow_bytes,140,0
7,port_flow_bytes,141,0
7,port_flow_bytes,142,0
7,port_flow_bytes,143,0
7,port_flow_bytes,144,0
7,port_flow_bytes,145,0
7,port_flow_bytes,146,0
7,port_flow_bytes,147,0
7,port_flow_bytes,148,0
7,port_flow_bytes,149,0
7,port_flow_bytes,150,0
7,port_flow_bytes,151,0
7,port_flow_bytes,152,0
7,port_flow_bytes,153,0
7,port_flow_bytes,154,0
7,port_flow_bytes,155,0
7,port_flow_bytes,156,0
7,port_flow_bytes,157,0
7,port_flow_bytes,158,0
7,port_flow_bytes,159,0
7,port_flow_bytes,160,0
7,port_flow_bytes,161,0
7,port_flow_bytes,162,0
7,port_flow_bytes,163,0
7,port_flow_bytes,164,0
7,port_flow_bytes,165,0
7,port_flow_bytes,166,0
7,port_flow_bytes,167,0
7,port_flow_bytes,168,0
7,port_flow_bytes,169,0
7,port_flow_bytes,170,0
7,port_flow_bytes,171,0
7,port_flow_bytes,172,0
7,port_flow_bytes,173,0
7,port_flow_bytes,174,0
7,port_flow_bytes,175,0
7,port_flow_bytes,176,0
7,port_flow_bytes,177,0
7,port_flow_bytes,178,0
7,port_flow_bytes,179,0
7,port_flow_bytes,180,0
7,port_flow_bytes,181,0
7,port_flow_bytes,182,0
7,port_flow_bytes,183,0
7,port_flow_bytes,184,0
7,port_flow_bytes,185,0
7,port_flow_bytes,186,0
7,port_flow_bytes,187,0
7,port_flow_bytes,188,0
7,port_flow_bytes,189,0
7,port_flow_bytes,190,0
7,port_flow_bytes,191,0
7,port_flow_bytes,192,0
7,port_flow_bytes,193,0
7,port_flow_bytes,194,0
7,port_flow_bytes,195,0
7,port_flow_bytes,196,0
7,port_flow_bytes,197,0
7,port_flow_bytes,198,0
7,port_flow_bytes,199,0
7,port_flow_bytes,200,0
7,port_flow_bytes,201,0
7,port_flow_bytes,202,0
7,port_flow_bytes,203,0
7,port_flow_bytes,204,0
7,port_flow_bytes,205,0
7,port_flow_bytes,206,0
7,port_flow_bytes,207,0
7,port_flow_bytes,208,0
7,port_flow_bytes,209,0
7,port_flow_bytes,210,0
7,port_flow_bytes,211,0
7,port_flow_bytes,212,0
7,port_flow_bytes,213,0
7,port_flow_bytes,214,0
7,port_flow_bytes,215,0
7,port_flow_bytes,216,0
7,port_flow_bytes,217,0
7,port_flow_bytes,218,0
7,port_flow_bytes,219,0
7,port_flow_bytes,220,0
7,port_flow_bytes,221,0
7,port_flow_bytes,222,0
7,port_flow_bytes,223,0
7,port_flow_bytes,224,0
7,port_flow_bytes,225,0
7,port_flow_bytes,226,0
7,port_flow_bytes,227,0
7,port_flow_bytes,228,0
7,port_flow_bytes,229,0
7,port_flow_bytes,230,0
7,port_flow_bytes,231,0
7,port_flow_bytes,232,0
7,port_flow_bytes,233,0
7,port_flow_bytes,234,0
7,port_flow_bytes,235,0
7,port_flow_bytes,236,0
7,port_flow_bytes,237,0
7,port_flow_bytes,238,0
7,port_flow_bytes,239,0
7,port_flow_bytes,240,0
7,port_flow_bytes,241,0
7,port_flow_bytes,242,0
7,port_flow_bytes,243,0
7,port_flow_bytes,244,0
7,port_flow_bytes,245,0
7,port_flow_bytes,246,0
7,port_flow_bytes,247,0
7,port_flow_bytes,248,0
7,port_flow_bytes,249,0
7,port_flow_bytes,250,0
7,port_flow_bytes,251,0
7,port_flow_bytes,252,0
7,port_flow_bytes,253,0
7,port_flow_bytes,254,0
7,port_flow_bytes,255,0
7,port_flow_bytes,256,0
7,port_flow_bytes,257,0
7,port_flow_bytes,258,0
7,port_flow_bytes,259,0
7,port_flow_bytes,260,0
7,port_flow_bytes,261,0
7,port_flow_bytes,262,0
7,port_flow_bytes,263,0
7,port_flow_bytes,264,0
7,port_flow_bytes,265,0
7,port_flow_bytes,266,0
7,port_flow_bytes,267,0
7,port_flow_bytes,268,0
7,port_flow_bytes,269,0
7,port_flow_bytes,270,0
7,port_flow_bytes,271,0
7,port_flow_bytes,272,0
7,port_flow_bytes,273,0
7,port_flow_bytes,274,0
7,port_flow_bytes,275,0
7,port_flow_bytes,276,0
7,port_flow_bytes,277,0
7,port_flow_bytes,278,0
7,port_flow_bytes,279,0
7,port_flow_bytes,280,0
7,port_flow_bytes,281,0
7,port_flow_bytes,282,0
7,port_flow_bytes,283,0
7,port_flow_bytes,284,0
7,port_flow_bytes,285,0
7,port_flow_bytes,286,0
7,port_flow_bytes,287,0
7,port_flow_bytes,288,0
7,port_flow_bytes,289,0
7,port_flow_bytes,290,0
7,port_flow_bytes,291,0
7,port_flow_bytes,292,0
7,port_flow_bytes,293,0
7,port_flow_bytes,294,0
7,port_flow_bytes,295,0
7,port_flow_bytes,296,0
7,port_flow_bytes,297,0
7,port_flow_bytes,298,0
7,port_flow_bytes,299,0
7,port_flow_bytes,300,0
7,port_flow_bytes,301,0
7,port_flow_bytes,302,0
7,port_flow_bytes,303,0
7,port_flow_bytes,304,0
7,port_flow_bytes,305,0
7,port_flow_bytes,306,0
7,port_flow_bytes,307,0
7,port_flow_bytes,308,0
7,port_flow_bytes,309,0
7,port_flow_bytes,310,0
7,port_flow_bytes,311,0
7,port_flow_bytes,312,0
7,port_flow_bytes,313,0
7,port_flow_bytes,314,0
7,port_flow_bytes,315,0
7,port_flow_bytes,316,0
7,port_flow_bytes,317,0
7,port_flow_bytes,318,0
7,port_flow_bytes,319,0
7,port_flow_bytes,320,0
7,port_flow_bytes,321,0
7,port_flow_bytes,322,0
7,port_flow_bytes,323,0
7,port_flow_bytes,324,0
7,port_flow_bytes,325,0
7,port_flow_bytes,326,0
7,port_flow_bytes,327,0
7,port_flow_bytes,328,0
7,port_flow_bytes,329,0
7,port_flow_bytes,330,0
7,port_flow_bytes,331,0
7,port_flow_bytes,332,0
7,port_flow_bytes,333,0
7,port_flow_bytes,334,0
7,port_flow_bytes,335,0
7,port_flow_bytes,336,0
7,port_flow_bytes,337,0
7,port_flow_bytes,338,0
7,port_flow_bytes,339,0
7,port_flow_bytes,340,0
7,port_flow_bytes,341,0
7,port_flow_bytes,342,0
7,port_flow_bytes,343,0
7,port_flow_bytes,344,0
7,port_flow_bytes,345,0
7,port_flow_bytes,346,0
7,port_flow_bytes,347,0
7,port_flow_bytes,348,0
7,port_flow_bytes,349,0
7,port_flow_bytes,350,0
7,port_flow_bytes,351,0
7,port_flow_bytes,352,0
7,port_flow_bytes,353,0
7,port_flow_bytes,354,0
7,port_flow_bytes,355,0
7,port_flow_bytes,356,0
7,port_flow_bytes,357,0
7,port_flow_bytes,358,0
7,port_flow_bytes,359,0
7,port_flow_bytes,360,0
7,port_flow_bytes,361,0
7,port_flow_bytes,362,0
7,port_flow_bytes,363,0
7,port_flow_bytes,364,0
7,port_flow_bytes,365,0
7,port_flow_bytes,366,0
7,port_flow_bytes,367,0
7,port_flow_bytes,368,0
7,port_flow_bytes,369,0
7,port_flow_bytes,370,0
7,port_flow_bytes,371,0
7,port_flow_bytes,372,0
7,port_flow_bytes,373,0
7,port_flow_bytes,374,0
7,port_flow_bytes,375,0
7,port_flow_bytes,376,0
7,port_flow_bytes,377,0
7,port_flow_bytes,378,0
7,port_flow_bytes,379,0
7,port_flow_bytes,380,0
7,port_flow_bytes,381,0
7,port_flow_bytes,382,0
7,port_flow_bytes,383,0
7,port_flow_bytes,384,0
7,port_flow_bytes,385,0
7,port_flow_bytes,386,0
7,port_flow_bytes,387,0
7,port_flow_bytes,388,0
7,port_flow_bytes,389,0
7,port_flow_bytes,390,0
7,port_flow_bytes,391,0
7,port_flow_bytes,392,0
7,port_flow_bytes,393,0
7,port_flow_bytes,394,0
7,port_flow_bytes,395,0
7,port_flow_bytes,396,0
7,port_flow_bytes,397,0
7,port_flow_bytes,398,0
7,port_flow_bytes,399,0
7,port_flow_bytes,400,0
7,port_flow_bytes,401,0
7,port_flow_bytes,402,0
7,port_flow_bytes,403,0
7,port_flow_bytes,404,0
7,port_flow_bytes,405,0
7,port_flow_bytes,406,0
7,port_flow_bytes,407,0
7,port_flow_bytes,408,0
7,port_flow_bytes,409,0
7,port_flow_bytes,410,0
7,port_flow_bytes,411,0
7,port_flow_bytes,412,0
7,port_flow_bytes,413,0
7,port_flow_bytes,414,0
7,port_flow_bytes,415,0
7,port_flow_bytes,416,0
7,port_flow_bytes,417,0
7,port_flow_bytes,418,0
7,port_flow_bytes,419,0
7,port_flow_bytes,420,0
7,port_flow_bytes,421,0
7,port_flow_bytes,422,0
7,port_flow_bytes,423,0
7,port_flow_bytes,424,0
7,port_flow_bytes,425,0
7,port_flow_bytes,426,0
7,port_flow_bytes,427,0
7,port_flow_bytes,428,0
7,port_flow_bytes,429,0
7,port_flow_bytes,430,0
7,port_flow_bytes,431,0
7,port_flow_bytes,432,0
7,port_flow_bytes,433,0
7,port_flow_bytes,434,0
7,port_flow_bytes,435,0
7,port_flow_bytes,436,0
7,port_flow_bytes,437,0
7,port_flow_bytes,438,0
7,port_flow_bytes,439,0
7,port_flow_bytes,440,0
7,port_flow_bytes,441,0
7,port_flow_bytes,442,0
7,port_flow_bytes,443,0
7,port_flow_bytes,444,0
7,port_flow_bytes,445,0
7,port_flow_bytes,446,0
7,port_flow_bytes,447,0
7,port_flow_bytes,448,0
7,port_flow_bytes,449,0
7,port_flow_bytes,450,0
7,port_flow_bytes,451,0
7,port_flow_bytes,452,0
7,port_flow_bytes,453,0
7,port_flow_bytes,454,0
7,port_flow_bytes,455,0
7,port_flow_bytes,456,0
7,port_flow_bytes,457,0
7,port_flow_bytes,458,0
7,port_flow_bytes,459,0
7,port_flow_bytes,460,0
7,port_flow_bytes,461,0
7,port_flow_bytes,462,0
7,port_flow_bytes,463,0
7,port_flow_bytes,464,0
7,port_flow_bytes,465,0
7,port_flow_bytes,466,0
7,port_flow_bytes,467,0
7,port_flow_bytes,468,0
7,port_flow_bytes,469,0
7,port_flow_bytes,470,0
7,port_flow_bytes,471,0
7,port_flow_bytes,472,0
7,port_flow_bytes,473,0
7,port_flow_bytes,474,0
7,port_flow_bytes,475,0
7,port_flow_bytes,476,0
7,port_flow_bytes,477,0
7,port_flow_bytes,478,0
7,port_flow_bytes,479,0
7,port_flow_bytes,480,0
7,port_flow_bytes,481,0
7,port_flow_bytes,482,0
7,port_flow_bytes,483,0
7,port_flow_bytes,484,0
7,port_flow_bytes,485,0
7,port_flow_bytes,486,0
7,port_flow_bytes,487,0
7,port_flow_bytes,488,0
7,port_flow_bytes,489,0
7,port_flow_bytes,490,0
7,port_flow_bytes,491,0
7,port_flow_bytes,492,0
7,port_flow_bytes,493,0
7,port_flow_bytes,494,0
7,port_flow_bytes,495,0
7,port_flow_bytes,496,0
7,port_flow_bytes,497,0
7,port_flow_bytes,498,0
7,port_flow_bytes,499,0
7,port_flow_bytes,500,0
7,port_flow_bytes,501,0
7,port_flow_bytes,502,0
7,port_flow_bytes,503,0
7,port_flow_bytes,504,0
7,port_flow_bytes,505,0
7,port_flow_bytes,506,0
7,port_flow_bytes,507,0
7,port_flow_bytes,508,0
7,port_flow_bytes,509,0
7,port_flow_bytes,510,0
7,port_flow_bytes,511,0
7,port_flow_bytes,512,0
7,port_flow_bytes,513,0
7,port_flow_bytes,514,0
7,port_flow_bytes,515,0
7,port_flow_bytes,516,0
7,port_flow_bytes,517,0
7,port_flow_bytes,518,0
7,port_flow_bytes,519,0
7,port_flow_bytes,520,0
7,port_flow_bytes,521,0
7,port_flow_bytes,522,0
7,port_flow_bytes,523,0
7,port_flow_bytes,524,0
7,port_flow_bytes,525,0
7,port_flow_bytes,526,0
7,port_flow_bytes,527,0
7,port_flow_bytes,528,0
7,port_flow_bytes,529,0
7,port_flow_bytes,530,0
7,port_flow_bytes,531,0
7,port_flow_bytes,532,0
7,port_flow_bytes,533,0
7,port_flow_bytes,534,0
7,port_flow_bytes,535,0
7,port_flow_bytes,536,0
7,port_flow_bytes,537,0
7,port_flow_bytes,538,0
7,port_flow_bytes,539,0
7,port_flow_bytes,540,0
7,port_flow_bytes,541,0
7,port_flow_bytes,542,0
7,port_flow_bytes,543,0
7,port_flow_bytes,544,0
7,port_flow_bytes,545,0
7,port_flow_bytes,546,0
7,port_flow_bytes,547,0
7,port_flow_bytes,548,0
7,port_flow_bytes,549,0
7,port_flow_bytes,550,0
7,port_flow_bytes,551,0
7,port_flow_bytes,552,0
7,port_flow_bytes,553,0
7,port_flow_bytes,554,0
7,port_flow_bytes,555,0
7,port_flow_bytes,556,0
7,port_flow_bytes,557,0
7,port_flow_bytes,558,0
7,port_flow_bytes,559,0
7,port_flow_bytes,560,0
7,port_flow_bytes,561,0
7,port_flow_bytes,562,0
7,port_flow_bytes,563,0
7,port_flow_bytes,564,0
7,port_flow_bytes,565,0
7,port_flow_bytes,566,0
7,port_flow_bytes,567,0
7,port_flow_bytes,568,0
7,port_flow_bytes,569,0
7,port_flow_bytes,570,0
7,port_flow_bytes,571,0
7,port_flow_bytes,572,0
7,port_flow_bytes,573,0
7,port_flow_bytes,574,0
7,port_flow_bytes,575,0
7,port_flow_bytes,576,0
7,port_flow_bytes,577,0
7,port_flow_bytes,578,0
7,port_flow_bytes,579,0
7,port_flow_bytes,580,0
7,port_flow_bytes,581,0
7,port_flow_bytes,582,0
7,port_flow_bytes,583,0
7,port_flow_bytes,584,0
7,port_flow_bytes,585,0
7,port_flow_bytes,586,0
7,port_flow_bytes,587,0
7,port_flow_bytes,588,0
7,port_flow_bytes,589,0
7,port_flow_bytes,590,0
7,port_flow_bytes,591,0
7,port_flow_bytes,592,0
7,port_flow_bytes,593,0
7,port_flow_bytes,594,0
7,port_flow_bytes,595,0
7,port_flow_bytes,596,0
7,port_flow_bytes,597,0
7,port_flow_bytes,598,0
7,port_flow_bytes,599,0
7,port_flow_bytes,600,0
7,port_flow_bytes,601,0
7,port_flow_bytes,602,0
7,port_flow_bytes,603,0
7,port_flow_bytes,604,0
7,port_flow_bytes,605,0
7,port_flow_bytes,606,0
7,port_flow_bytes,607,0
7,port_flow_bytes,608,0
7,port_flow_bytes,609,0
7,port_flow_bytes,610,0
7,port_flow_bytes,611,0
7,port_flow_bytes,612,0
7,port_flow_bytes,613,0
7,port_flow_bytes,614,0
7,port_flow_bytes,615,0
7,port_flow_bytes,616,0
7,port_flow_bytes,617,0
7,port_flow_bytes,618,0
7,port_flow_bytes,619,0
7,port_flow_bytes,620,0
7,port_flow_bytes,621,0
7,port_flow_bytes,622,0
7,port_flow_bytes,623,0
7,port_flow_bytes,624,0
7,port_flow_bytes,625,0
7,port_flow_bytes,626,0
7,port_flow_bytes,627,0
7,port_flow_bytes,628,0
7,port_flow_bytes,629,0
7,port_flow_bytes,630,0
7,port_flow_bytes,631,0
7,port_flow_bytes,632,0
7,port_flow_bytes,633,0
7,port_flow_bytes,634,0
7,port_flow_bytes,635,0
7,port_flow_bytes,636,0
7,port_flow_bytes,637,0
7,port_flow_bytes,638,0
7,port_flow_bytes,639,0
7,port_flow_bytes,640,0
7,port_flow_bytes,641,0
7,port_flow_bytes,642,0
7,port_flow_bytes,643,0
7,port_flow_bytes,644,0
7,port_flow_bytes,645,0
7,port_flow_bytes,646,0
7,port_flow_bytes,647,0
7,port_flow_bytes,648,0
7,port_flow_bytes,649,0
7,port_flow_bytes,650,0
7,port_flow_bytes,651,0
7,port_flow_bytes,652,0
7,port_flow_bytes,653,0
7,port_flow_bytes,654,0
7,port_flow_bytes,655,0
7,port_flow_bytes,656,0
7,port_flow_bytes,657,0
7,port_flow_bytes,658,0
7,port_flow_bytes,659,0
7,port_flow_bytes,660,0
7,port_flow_bytes,661,0
7,port_flow_bytes,662,0
7,port_flow_bytes,663,0
7,port_flow_bytes,664,0
7,port_flow_bytes,665,0
7,port_flow_bytes,666,0
7,port_flow_bytes,667,0
7,port_flow_bytes,668,0
7,port_flow_bytes,669,0
7,port_flow_bytes,670,0
7,port_flow_bytes,671,0
7,port_flow_bytes,672,0
7,port_flow_bytes,673,0
7,port_flow_bytes,674,0
7,port_flow_bytes,675,0
7,port_flow_bytes,676,0
7,port_flow_bytes,677,0
7,port_flow_bytes,678,0
7,port_flow_bytes,679,0
7,port_flow_bytes,680,0
7,port_flow_bytes,681,0
7,port_flow_bytes,682,0
7,port_flow_bytes,683,0
7,port_flow_bytes,684,0
7,port_flow_bytes,685,0
7,port_flow_bytes,686,0
7,port_flow_bytes,687,0
7,port_flow_bytes,688,0
7,port_flow_bytes,689,0
7,port_flow_bytes,690,0
7,port_flow_bytes,691,0
7,port_flow_bytes,692,0
7,port_flow_bytes,693,0
7,port_flow_bytes,694,0
7,port_flow_bytes,695,0
7,port_flow_bytes,696,0
7,port_flow_bytes,697,0
7,port_flow_bytes,698,0
7,port_flow_bytes,699,0
7,port_flow_bytes,700,0
7,port_flow_bytes,701,0
7,port_flow_bytes,702,0
7,port_flow_bytes,703,0
7,port_flow_bytes,704,0
7,port_flow_bytes,705,0
7,port_flow_bytes,706,0
7,port_flow_bytes,707,0
7,port_flow_bytes,708,0
7,port_flow_bytes,709,0
7,port_flow_bytes,710,0
7,port_flow_bytes,711,0
7,port_flow_bytes,712,0
7,port_flow_bytes,713,0
7,port_flow_bytes,714,0
7,port_flow_bytes,715,0
7,port_flow_bytes,716,0
7,port_flow_bytes,717,0
7,port_flow_bytes,718,0
7,port_flow_bytes,719,0
7,port_flow_bytes,720,0
7,port_flow_bytes,721,0
7,port_flow_bytes,722,0
7,port_flow_bytes,723,0
7,port_flow_bytes,724,0
7,port_flow_bytes,725,0
7,port_flow_bytes,726,0
7,port_flow_bytes,727,0
7,port_flow_bytes,728,0
7,port_flow_bytes,729,0
7,port_flow_bytes,730,0
7,port_flow_bytes,731,0
7,port_flow_bytes,732,0
7,port_flow_bytes,733,0
7,port_flow_bytes,734,0
7,port_flow_bytes,735,0
7,port_flow_bytes,736,0
7,port_flow_bytes,737,0
7,port_flow_bytes,738,0
7,port_flow_bytes,739,0
7,port_flow_bytes,740,0
7,port_flow_bytes,741,0
7,port_flow_bytes,742,0
7,port_flow_bytes,743,0
7,port_flow_bytes,744,0
7,port_flow_bytes,745,0
7,port_flow_bytes,746,0
7,port_flow_bytes,747,0
7,port_flow_bytes,748,0
7,port_flow_bytes,749,0
7,port_flow_bytes,750,0
7,port_flow_bytes,751,0
7,port_flow_bytes,752,0
7,port_flow_bytes,753,0
7,port_flow_bytes,754,0
7,port_flow_bytes,755,0
7,port_flow_bytes,756,0
7,port_flow_bytes,757,0
7,port_flow_bytes,758,0
7,port_flow_bytes,759,0
7,port_flow_bytes,760,0
7,port_flow_bytes,761,0
7,port_flow_bytes,762,0
7,port_flow_bytes,763,0
7,port_flow_bytes,764,0
7,port_flow_bytes,765,0
7,port_flow_bytes,766,0
7,port_flow_bytes,767,0
7,port_flow_bytes,768,0
7,port_flow_bytes,769,0
7,port_flow_bytes,770,0
7,port_flow_bytes,771,0
7,port_flow_bytes,772,0
7,port_flow_bytes,773,0
7,port_flow_bytes,774,0
7,port_flow_bytes,775,0
7,port_flow_bytes,776,0
7,port_flow_bytes,777,0
7,port_flow_bytes,778,0
7,port_flow_bytes,779,0
7,port_flow_bytes,780,0
7,port_flow_bytes,781,0
7,port_flow_bytes,782,0
7,port_flow_bytes,783,0
7,port_flow_bytes,784,0
7,port_flow_bytes,785,0
7,port_flow_bytes,786,0
7,port_flow_bytes,787,0
7,port_flow_bytes,788,0
7,port_flow_bytes,789,0
7,port_flow_bytes,790,0
7,port_flow_bytes,791,0
7,port_flow_bytes,792,0
7,port_flow_bytes,793,0
7,port_flow_bytes,794,0
7,port_flow_bytes,795,0
7,port_flow_bytes,796,0
7,port_flow_bytes,797,0
7,port_flow_bytes,798,0
7,port_flow_bytes,799,0
7,port_flow_bytes,800,0
7,port_flow_bytes,801,0
7,port_flow_bytes,802,0
7,port_flow_bytes,803,0
7,port_flow_bytes,804,0
7,port_flow_bytes,805,0
7,port_flow_bytes,806,0
7,port_flow_bytes,807,0
7,port_flow_bytes,808,0
7,port_flow_bytes,809,0
7,port_flow_bytes,810,0
7,port_flow_bytes,811,0
7,port_flow_bytes,812,0
7,port_flow_bytes,813,0
7,port_flow_bytes,814,0
7,port_flow_bytes,815,0
7,port_flow_bytes,816,0
7,port_flow_bytes,817,0
7,port_flow_bytes,818,0
7,port_flow_bytes,819,0
7,port_flow_bytes,820,0
7,port_flow_bytes,821,0
7,port_flow_bytes,822,0
7,port_flow_bytes,823,0
7,port_flow_bytes,824,0
7,port_flow_bytes,825,0
7,port_flow_bytes,826,0
7,port_flow_bytes,827,0
7,port_flow_bytes,828,0
7,port_flow_bytes,829,0
7,port_flow_bytes,830,0
7,port_flow_bytes,831,0
7,port_flow_bytes,832,0
7,port_flow_bytes,833,0
7,port_flow_bytes,834,0
7,port_flow_bytes,835,0
7,port_flow_bytes,836,0
7,port_flow_bytes,837,0
7,port_flow_bytes,838,0
7,port_flow_bytes,839,0
7,port_flow_bytes,840,0
7,port_flow_bytes,841,0
7,port_flow_bytes,842,0
7,port_flow_bytes,843,0
7,port_flow_bytes,844,0
7,port_flow_bytes,845,0
7,port_flow_bytes,846,0
7,port_flow_bytes,847,0
7,port_flow_bytes,848,0
7,port_flow_bytes,849,0
7,port_flow_bytes,850,0
7,port_flow_bytes,851,0
7,port_flow_bytes,852,0
7,port_flow_bytes,853,0
7,port_flow_bytes,854,0
7,port_flow_bytes,855,0
7,port_flow_bytes,856,0
7,port_flow_bytes,857,0
7,port_flow_bytes,858,0
7,port_flow_bytes,859,0
7,port_flow_bytes,860,0
7,port_flow_bytes,861,0
7,port_flow_bytes,862,0
7,port_flow_bytes,863,0
7,port_flow_bytes,864,0
7,port_flow_bytes,865,0
7,port_flow_bytes,866,0
7,port_flow_bytes,867,0
7,port_flow_bytes,868,0
7,port_flow_bytes,869,0
7,port_flow_bytes,870,0
7,port_flow_bytes,871,0
7,port_flow_bytes,872,0
7,port_flow_bytes,873,0
7,port_flow_bytes,874,0
7,port_flow_bytes,875,0
7,port_flow_bytes,876,0
7,port_flow_bytes,877,0
7,port_flow_bytes,878,0
7,port_flow_bytes,879,0
7,port_flow_bytes,880,0
7,port_flow_bytes,881,0
7,port_flow_bytes,882,0
7,port_flow_bytes,883,0
7,port_flow_bytes,884,0
7,port_flow_bytes,885,0
7,port_flow_bytes,886,0
7,port_flow_bytes,887,0
7,port_flow_bytes,888,0
7,port_flow_bytes,889,0
7,port_flow_bytes,890,0
7,port_flow_bytes,891,0
7,port_flow_bytes,892,0
7,port_flow_bytes,893,0
7,port_flow_bytes,894,0
7,port_flow_bytes,895,0
7,port_flow_bytes,896,0
7,port_flow_bytes,897,0
7,port_flow_bytes,898,0
7,port_flow_bytes,899,0
7,port_flow_bytes,900,0
7,port_flow_bytes,901,0
7,port_flow_bytes,902,0
7,port_flow_bytes,903,0
7,port_flow_bytes,904,0
7,port_flow_bytes,905,0
7,port_flow_bytes,906,0
7,port_flow_bytes,907,0
7,port_flow_bytes,908,0
7,port_flow_bytes,909,0
7,port_flow_bytes,910,0
7,port_flow_bytes,911,0
7,port_flow_bytes,912,0
7,port_flow_bytes,913,0
7,port_flow_bytes,914,0
7,port_flow_bytes,915,0
7,port_flow_bytes,916,0
7,port_flow_bytes,917,0
7,port_flow_bytes,918,0
7,port_flow_bytes,919,0
7,port_flow_bytes,920,0
7,port_flow_bytes,921,0
7,port_flow_bytes,922,0
7,port_flow_bytes,923,0
7,port_flow_bytes,924,0
7,port_flow_bytes,925,0
7,port_flow_bytes,926,0
7,port_flow_bytes,927,0
7,port_flow_bytes,928,0
7,port_flow_bytes,929,0
7,port_flow_bytes,930,0
7,port_flow_bytes,931,0
7,port_flow_bytes,932,0
7,port_flow_bytes,933,0
7,port_flow_bytes,934,0
7,port_flow_bytes,935,0
7,port_flow_bytes,936,0
7,port_flow_bytes,937,0
7,port_flow_bytes,938,0
7,port_flow_bytes,939,0
7,port_flow_bytes,940,0
7,port_flow_bytes,941,0
7,port_flow_bytes,942,0
7,port_flow_bytes,943,0
7,port_flow_bytes,944,0
7,port_flow_bytes,945,0
7,port_flow_bytes,946,0
7,port_flow_bytes,947,0
7,port_flow_bytes,948,0
7,port_flow_bytes,949,0
7,port_flow_bytes,950,0
7,port_flow_bytes,951,0
7,port_flow_bytes,952,0
7,port_flow_bytes,953,0
7,port_flow_bytes,954,0
7,port_flow_bytes,955,0
7,port_flow_bytes,956,0
7,port_flow_bytes,957,0
7,port_flow_bytes,958,0
7,port_flow_bytes,959,0
7,port_flow_bytes,960,0
7,port_flow_bytes,961,0
7,port_flow_bytes,962,0
7,port_flow_bytes,963,0
7,port_flow_bytes,964,0
7,port_flow_bytes,965,0
7,port_flow_bytes,966,0
7,port_flow_bytes,967,0
7,port_flow_bytes,968,0
7,port_flow_bytes,969,0
7,port_flow_bytes,970,0
7,port_flow_bytes,971,0
7,port_flow_bytes,972,0
7,port_flow_bytes,973,0
7,port_flow_bytes,974,0
7,port_flow_bytes,975,0
7,port_flow_bytes,976,0
7,port_flow_bytes,977,0
7,port_flow_bytes,978,0
7,port_flow_bytes,979,0
7,port_flow_bytes,980,0
7,port_flow_bytes,981,0
7,port_flow_bytes,982,0
7,port_flow_bytes,983,0
7,port_flow_bytes,984,0
7,port_flow_bytes,985,0
7,port_flow_bytes,986,0
7,port_flow_bytes,987,0
7,port_flow_bytes,988,0
7,port_flow_bytes,989,0
7,port_flow_bytes,990,0
7,port_flow_bytes,991,0
7,port_flow_bytes,992,0
7,port_flow_bytes,993,0
7,port_flow_bytes,994,0
7,port_flow_bytes,995,0
7,port_flow_bytes,996,0
7,port_flow_bytes,997,0
7,port_flow_bytes,998,0
7,port_flow_bytes,999,0
7,port_flow_bytes,1000,0
7,port_flow_bytes,1001,0
7,port_flow_bytes,1002,0
7,port_flow_bytes,1003,0
7,port_flow_bytes,1004,0
7,port_flow_bytes,1005,0
7,port_flow_bytes,1006,0
7,port_flow_bytes,1007,0
7,port_flow_bytes,1008,0
7,port_flow_bytes,1009,0
7,port_flow_bytes,1010,0
7,port_flow_bytes,1011,0
7,port_flow_bytes,1012,0
7,port_flow_bytes,1013,0
7,port_flow_bytes,1014,0
7,port_flow_bytes,1015,0
7,port_flow_bytes,1016,0
7,port_flow_bytes,1017,0
7,port_flow_bytes,1018,0
7,port_flow_bytes,1019,0
7,port_flow_bytes,1020,0
7,port_flow_bytes,1021,0
7,port_flow_bytes,1022,0
7,port_flow_bytes,1023,0
7,port_flow_bytes,1024,0
7,port_flow_bytes,1025,0
7,port_flow_bytes,1026,0
7,port_flow_bytes,1027,0
7,port_flow_bytes,1028,0
7,port_flow_bytes,1029,0
7,port_flow_bytes,1030,0
7,port_flow_bytes,1031,0
7,port_flow_bytes,1032,0
7,port_flow_bytes,1033,0
7,port_flow_bytes,1034,0
7,port_flow_bytes,1035,0
7,port_flow_bytes,1036,0
7,port_flow_bytes,1037,0
7,port_flow_bytes,1038,0
7,port_flow_bytes,1039,0
7,port_flow_bytes,1040,0
7,port_flow_bytes,1041,0
7,port_flow_bytes,1042,0
7,port_flow_bytes,1043,0
7,port_flow_bytes,1044,0
7,port_flow_bytes,1045,0
7,port_flow_bytes,1046,0
7,port_flow_bytes,1047,0
7,port_flow_bytes,1048,0
7,port_flow_bytes,1049,0
7,port_flow_bytes,1050,0
7,port_flow_bytes,1051,0
7,port_flow_bytes,1052,0
7,port_flow_bytes,1053,0
7,port_flow_bytes,1054,0
7,port_flow_bytes,1055,0
7,port_flow_bytes,1056,0
7,port_flow_bytes,1057,0
7,port_flow_bytes,1058,0
7,port_flow_bytes,1059,0
7,port_flow_bytes,1060,0
7,port_flow_bytes,1061,0
7,port_flow_bytes,1062,0
7,port_flow_bytes,1063,0
7,port_flow_bytes,1064,0
7,port_flow_bytes,1065,0
7,port_flow_bytes,1066,0
7,port_flow_bytes,1067,0
7,port_flow_bytes,1068,0
7,port_flow_bytes,1069,0
7,port_flow_bytes,1070,0
7,port_flow_bytes,1071,0
7,port_flow_bytes,1072,0
7,port_flow_bytes,1073,0
7,port_flow_bytes,1074,0
7,port_flow_bytes,1075,0
7,port_flow_bytes,1076,0
7,port_flow_bytes,1077,0
7,port_flow_bytes,1078,0
7,port_flow_bytes,1079,0
7,port_flow_bytes,1080,0
7,port_flow_bytes,1081,0
7,port_flow_bytes,1082,0
7,port_flow_bytes,1083,0
7,port_flow_bytes,1084,0
7,port_flow_bytes,1085,0
7,port_flow_bytes,1086,0
7,port_flow_bytes,1087,0
7,port_flow_bytes,1088,0
7,port_flow_bytes,1089,0
7,port_flow_bytes,1090,0
7,port_flow_bytes,1091,0
7,port_flow_bytes,1092,0
7,port_flow_bytes,1093,0
7,port_flow_bytes,1094,0
7,port_flow_bytes,1095,0
7,port_flow_bytes,1096,0
7,port_flow_bytes,1097,0
7,port_flow_bytes,1098,0
7,port_flow_bytes,1099,0
7,port_flow_bytes,1100,0
7,port_flow_bytes,1101,0
7,port_flow_bytes,1102,0
7,port_flow_bytes,1103,0
7,port_flow_bytes,1104,0
7,port_flow_bytes,1105,0
7,port_flow_bytes,1106,0
7,port_flow_bytes,1107,0
7,port_flow_bytes,1108,0
7,port_flow_bytes,1109,0
7,port_flow_bytes,1110,0
7,port_flow_bytes,1111,0
7,port_flow_bytes,1112,0
7,port_flow_bytes,1113,0
7,port_flow_bytes,1114,0
7,port_flow_bytes,1115,0
7,port_flow_bytes,1116,0
7,port_flow_bytes,1117,0
7,port_flow_bytes,1118,0
7,port_flow_bytes,1119,0
7,port_flow_bytes,1120,0
7,port_flow_bytes,1121,0
7,port_flow_bytes,1122,0
7,port_flow_bytes,1123,0
7,port_flow_bytes,1124,0
7,port_flow_bytes,1125,0
7,port_flow_bytes,1126,0
7,port_flow_bytes,1127,0
7,port_flow_bytes,1128,0
7,port_flow_bytes,1129,0
7,port_flow_bytes,1130,0
7,port_flow_bytes,1131,0
7,port_flow_bytes,1132,0
7,port_flow_bytes,1133,0
7,port_flow_bytes,1134,0
7,port_flow_bytes,1135,0
7,port_flow_bytes,1136,0
7,port_flow_bytes,1137,0
7,port_flow_bytes,1138,0
7,port_flow_bytes,1139,0
7,port_flow_bytes,1140,0
7,port_flow_bytes,1141,0
7,port_flow_bytes,1142,0
7,port_flow_bytes,1143,0
7,port_flow_bytes,1144,0
7,port_flow_bytes,1145,0
7,port_flow_bytes,1146,0
7,port_flow_bytes,1147,0
7,port_flow_bytes,1148,0
7,port_flow_bytes,1149,0
7,port_flow_bytes,1150,0
7,port_flow_bytes,1151,0
7,port_flow_bytes,1152,0
7,port_flow_bytes,1153,0
7,port_flow_bytes,1154,0
7,port_flow_bytes,1155,0
7,port_flow_bytes,1156,0
7,port_flow_bytes,1157,0
7,port_flow_bytes,1158,0
7,port_flow_bytes,1159,0
7,port_flow_bytes,1160,0
7,port_flow_bytes,1161,0
7,port_flow_bytes,1162,0
7,port_flow_bytes,1163,0
7,port_flow_bytes,1164,0
7,port_flow_bytes,1165,0
7,port_flow_bytes,1166,0
7,port_flow_bytes,1167,0
7,port_flow_bytes,1168,0
7,port_flow_bytes,1169,0
7,port_flow_bytes,1170,0
7,port_flow_bytes,1171,0
7,port_flow_bytes,1172,0
7,port_flow_bytes,1173,0
7,port_flow_bytes,1174,0
7,port_flow_bytes,1175,0
7,port_flow_bytes,1176,0
7,port_flow_bytes,1177,0
7,port_flow_bytes,1178,0
7,port_flow_bytes,1179,0
7,port_flow_bytes,1180,0
7,port_flow_bytes,1181,0
7,port_flow_bytes,1182,0
7,port_flow_bytes,1183,0
7,port_flow_bytes,1184,0
7,port_flow_bytes,1185,0
7,port_flow_bytes,1186,0
7,port_flow_bytes,1187,0
7,port_flow_bytes,1188,0
7,port_flow_bytes,1189,0
7,port_flow_bytes,1190,0
7,port_flow_bytes,1191,0
7,port_flow_bytes,1192,0
7,port_flow_bytes,1193,0
7,port_flow_bytes,1194,0
7,port_flow_bytes,1195,0
7,port_flow_bytes,1196,0
7,port_flow_bytes,1197,0
7,port_flow_bytes,1198,0
7,port_flow_bytes,1199,0
7,port_flow_bytes,1200,0
7,port_flow_bytes,1201,0
7,port_flow_bytes,1202,0
7,port_flow_bytes,1203,0
7,port_flow_bytes,1204,0
7,port_flow_bytes,1205,0
7,port_flow_bytes,1206,0
7,port_flow_bytes,1207,0
7,port_flow_bytes,1208,0
7,port_flow_bytes,1209,0
7,port_flow_bytes,1210,0
7,port_flow_bytes,1211,0
7,port_flow_bytes,1212,0
7,port_flow_bytes,1213,0
7,port_flow_bytes,1214,0
7,port_flow_bytes,1215,0
7,port_flow_bytes,1216,0
7,port_flow_bytes,1217,0
7,port_flow_bytes,1218,0
7,port_flow_bytes,1219,0
7,port_flow_bytes,1220,0
7,port_flow_bytes,1221,0
7,port_flow_bytes,1222,0
7,port_flow_bytes,1223,0
7,port_flow_bytes,1224,0
7,port_flow_bytes,1225,0
7,port_flow_bytes,1226,0
7,port_flow_bytes,1227,0
7,port_flow_bytes,1228,0
7,port_flow_bytes,1229,0
7,port_flow_bytes,1230,0
7,port_flow_bytes,1231,0
7,port_flow_bytes,1232,0
7,port_flow_bytes,1233,0
7,port_flow_bytes,1234,0
7,port_flow_bytes,1235,0
7,port_flow_bytes,1236,0
7,port_flow_bytes,1237,0
7,port_flow_bytes,1238,0
7,port_flow_bytes,1239,0
7,port_flow_bytes,1240,0
7,port_flow_bytes,1241,0
7,port_flow_bytes,1242,0
7,port_flow_bytes,1243,0
7,port_flow_bytes,1244,0
7,port_flow_bytes,1245,0
7,port_flow_bytes,1246,0
7,port_flow_bytes,1247,0
7,port_flow_bytes,1248,0
7,port_flow_bytes,1249,0
7,port_flow_bytes,1250,0
7,port_flow_bytes,1251,0
7,port_flow_bytes,1252,0
7,port_flow_bytes,1253,0
7,port_flow_bytes,1254,0
7,port_flow_bytes,1255,0
7,port_flow_bytes,1256,0
7,port_flow_bytes,1257,0
7,port_flow_bytes,1258,0
7,port_flow_bytes,1259,0
7,port_flow_bytes,1260,0
7,port_flow_bytes,1261,0
7,port_flow_bytes,1262,0
7,port_flow_bytes,1263,0
7,port_flow_bytes,1264,0
7,port_flow_bytes,1265,0
7,port_flow_bytes,1266,0
7,port_flow_bytes,1267,0
7,port_flow_bytes,1268,0
7,port_flow_bytes,1269,0
7,port_flow_bytes,1270,0
7,port_flow_bytes,1271,0
7,port_flow_bytes,1272,0
7,port_flow_bytes,1273,0
7,port_flow_bytes,1274,0
7,port_flow_bytes,1275,0
7,port_flow_bytes,1276,0
7,port_flow_bytes,1277,0
7,port_flow_bytes,1278,0
7,port_flow_bytes,1279,0
7,port_flow_bytes,1280,0
7,port_flow_bytes,1281,0
7,port_flow_bytes,1282,0
7,port_flow_bytes,1283,0
7,port_flow_bytes,1284,0
7,port_flow_bytes,1285,0
7,port_flow_bytes,1286,0
7,port_flow_bytes,1287,0
7,port_flow_bytes,1288,0
7,port_flow_bytes,1289,0
7,port_flow_bytes,1290,0
7,port_flow_bytes,1291,0
7,port_flow_bytes,1292,0
7,port_flow_bytes,1293,0
7,port_flow_bytes,1294,0
7,port_flow_bytes,1295,0
7,port_flow_bytes,1296,0
7,port_flow_bytes,1297,0
7,port_flow_bytes,1298,0
7,port_flow_bytes,1299,0
7,port_flow_bytes,1300,0
7,port_flow_bytes,1301,0
7,port_flow_bytes,1302,0
7,port_flow_bytes,1303,0
7,port_flow_bytes,1304,0
7,port_flow_bytes,1305,0
7,port_flow_bytes,1306,0
7,port_flow_bytes,1307,0
7,port_flow_bytes,1308,0
7,port_flow_bytes,1309,0
7,port_flow_bytes,1310,0
7,port_flow_bytes,1311,0
7,port_flow_bytes,1312,0
7,port_flow_bytes,1313,0
7,port_flow_bytes,1314,0
7,port_flow_bytes,1315,0
7,port_flow_bytes,1316,0
7,port_flow_bytes,1317,0
7,port_flow_bytes,1318,0
7,port_flow_bytes,1319,0
7,port_flow_bytes,1320,0
7,port_flow_bytes,1321,0
7,port_flow_bytes,1322,0
7,port_flow_bytes,1323,0
7,port_flow_bytes,1324,0
7,port_flow_bytes,1325,0
7,port_flow_bytes,1326,0
7,port_flow_bytes,1327,0
7,port_flow_bytes,1328,0
7,port_flow_bytes,1329,0
7,port_flow_bytes,1330,0
7,port_flow_bytes,1331,0
7,port_flow_bytes,1332,0
7,port_flow_bytes,1333,0
7,port_flow_bytes,1334,0
7,port_flow_bytes,1335,0
7,port_flow_bytes,1336,0
7,port_flow_bytes,1337,0
7,port_flow_bytes,1338,0
7,port_flow_bytes,1339,0
7,port_flow_bytes,1340,0
7,port_flow_bytes,1341,0
7,port_flow_bytes,1342,0
7,port_flow_bytes,1343,0
7,port_flow_bytes,1344,0
7,port_flow_bytes,1345,0
7,port_flow_bytes,1346,0
7,port_flow_bytes,1347,0
7,port_flow_bytes,1348,0
7,port_flow_bytes,1349,0
7,port_flow_bytes,1350,0
7,port_flow_bytes,1351,0
7,port_flow_bytes,1352,0
7,port_flow_bytes,1353,0
7,port_flow_bytes,1354,0
7,port_flow_bytes,1355,0
7,port_flow_bytes,1356,0
7,port_flow_bytes,1357,0
7,port_flow_bytes,1358,0
7,port_flow_bytes,1359,0
7,port_flow_bytes,1360,0
7,port_flow_bytes,1361,0
7,port_flow_bytes,1362,0
7,port_flow_bytes,1363,0
7,port_flow_bytes,1364,0
7,port_flow_bytes,1365,0
7,port_flow_bytes,1366,0
7,port_flow_bytes,1367,0
7,port_flow_bytes,1368,0
7,port_flow_bytes,1369,0
7,port_flow_bytes,1370,0
7,port_flow_bytes,1371,0
7,port_flow_bytes,1372,0
7,port_flow_bytes,1373,0
7,port_flow_bytes,1374,0
7,port_flow_bytes,1375,0
7,port_flow_bytes,1376,0
7,port_flow_bytes,1377,0
7,port_flow_bytes,1378,0
7,port_flow_bytes,1379,0
7,port_flow_bytes,1380,0
7,port_flow_bytes,1381,0
7,port_flow_bytes,1382,0
7,port_flow_bytes,1383,0
7,port_flow_bytes,1384,0
7,port_flow_bytes,1385,0
7,port_flow_bytes,1386,0
7,port_flow_bytes,1387,0
7,port_flow_bytes,1388,0
7,port_flow_bytes,1389,0
7,port_flow_bytes,1390,0
7,port_flow_bytes,1391,0
7,port_flow_bytes,1392,0
7,port_flow_bytes,1393,0
7,port_flow_bytes,1394,0
7,port_flow_bytes,1395,0
7,port_flow_bytes,1396,0
7,port_flow_bytes,1397,0
7,port_flow_bytes,1398,0
7,port_flow_bytes,1399,0
7,port_flow_bytes,1400,0
7,port_flow_bytes,1401,0
7,port_flow_bytes,1402,0
7,port_flow_bytes,1403,0
7,port_flow_bytes,1404,0
7,port_flow_bytes,1405,0
7,port_flow_bytes,1406,0
7,port_flow_bytes,1407,0
7,port_flow_bytes,1408,0
7,port_flow_bytes,1409,0
7,port_flow_bytes,1410,0
7,port_flow_bytes,1411,0
7,port_flow_bytes,1412,0
7,port_flow_bytes,1413,0
7,port_flow_bytes,1414,0
7,port_flow_bytes,1415,0
7,port_flow_bytes,1416,0
7,port_flow_bytes,1417,0
7,port_flow_bytes,1418,0
7,port_flow_bytes,1419,0
7,port_flow_bytes,1420,0
7,port_flow_bytes,1421,0
7,port_flow_bytes,1422,0
7,port_flow_bytes,1423,0
7,port_flow_bytes,1424,0
7,port_flow_bytes,1425,0
7,port_flow_bytes,1426,0
7,port_flow_bytes,1427,0
7,port_flow_bytes,1428,0
7,port_flow_bytes,1429,0
7,port_flow_bytes,1430,0
7,port_flow_bytes,1431,0
7,port_flow_bytes,1432,0
7,port_flow_bytes,1433,0
7,port_flow_bytes,1434,0
7,port_flow_bytes,1435,0
7,port_flow_bytes,1436,0
7,port_flow_bytes,1437,0
7,port_flow_bytes,1438,0
7,port_flow_bytes,1439,0
7,port_flow_bytes,1440,0
7,port_flow_bytes,1441,0
7,port_flow_bytes,1442,0
7,port_flow_bytes,1443,0
7,port_flow_bytes,1444,0
7,port_flow_bytes,1445,0
7,port_flow_bytes,1446,0
7,port_flow_bytes,1447,0
7,port_flow_bytes,1448,0
7,port_flow_bytes,1449,0
7,port_flow_bytes,1450,0
7,port_flow_bytes,1451,0
7,port_flow_bytes,1452,0
7,port_flow_bytes,1453,0
7,port_flow_bytes,1454,0
7,port_flow_bytes,1455,0
7,port_flow_bytes,1456,0
7,port_flow_bytes,1457,0
7,port_flow_bytes,1458,0
7,port_flow_bytes,1459,0
7,port_flow_bytes,1460,0
7,port_flow_bytes,1461,0
7,port_flow_bytes,1462,0
7,port_flow_bytes,1463,0
7,port_flow_bytes,1464,0
7,port_flow_bytes,1465,0
7,port_flow_bytes,1466,0
7,port_flow_bytes,1467,0
7,port_flow_bytes,1468,0
7,port_flow_bytes,1469,0
7,port_flow_bytes,1470,0
7,port_flow_bytes,1471,0
7,port_flow_bytes,1472,0
7,port_flow_bytes,1473,0
7,port_flow_bytes,1474,0
7,port_flow_bytes,1475,0
7,port_flow_bytes,1476,0
7,port_flow_bytes,1477,0
7,port_flow_bytes,1478,0
7,port_flow_bytes,1479,0
7,port_flow_bytes,1480,0
7,port_flow_bytes,1481,0
7,port_flow_bytes,1482,0
7,port_flow_bytes,1483,0
7,port_flow_bytes,1484,0
7,port_flow_bytes,1485,0
7,port_flow_bytes,1486,0
7,port_flow_bytes,1487,0
7,port_flow_bytes,1488,0
7,port_flow_bytes,1489,0
7,port_flow_bytes,1490,0
7,port_flow_bytes,1491,0
7,port_flow_bytes,1492,0
7,port_flow_bytes,1493,0
7,port_flow_bytes,1494,0
7,port_flow_bytes,1495,0
7,port_flow_bytes,1496,0
7,port_flow_bytes,1497,0
7,port_flow_bytes,1498,0
7,port_flow_bytes,1499,0
7,port_flow_bytes,1500,0
7,port_flow_bytes,1501,0
7,port_flow_bytes,1502,0
7,port_flow_bytes,1503,0
7,port_flow_bytes,1504,0
7,port_flow_bytes,1505,0
7,port_flow_bytes,1506,0
7,port_flow_bytes,1507,0
7,port_flow_bytes,1508,0
7,port_flow_bytes,1509,0
7,port_flow_bytes,1510,0
7,port_flow_bytes,1511,0
7,port_flow_bytes,1512,0
7,port_flow_bytes,1513,0
7,port_flow_bytes,1514,0
7,port_flow_bytes,1515,0
7,port_flow_bytes,1516,0
7,port_flow_bytes,1517,0
7,port_flow_bytes,1518,0
7,port_flow_bytes,1519,0
7,port_flow_bytes,1520,0
7,port_flow_bytes,1521,0
7,port_flow_bytes,1522,0
7,port_flow_bytes,1523,0
7,port_flow_bytes,1524,0
7,port_flow_bytes,1525,0
7,port_flow_bytes,1526,0
7,port_flow_bytes,1527,0
7,port_flow_bytes,1528,0
7,port_flow_bytes,1529,0
7,port_flow_bytes,1530,0
7,port_flow_bytes,1531,0
7,port_flow_bytes,1532,0
7,port_flow_bytes,1533,0
7,port_flow_bytes,1534,0
7,port_flow_bytes,1535,0
7,port_flow_bytes,1536,0
7,port_flow_bytes,1537,0
7,port_flow_bytes,1538,0
7,port_flow_bytes,1539,0
7,port_flow_bytes,1540,0
7,port_flow_bytes,1541,0
7,port_flow_bytes,1542,0
7,port_flow_bytes,1543,0
7,port_flow_bytes,1544,0
7,port_flow_bytes,1545,0
7,port_flow_bytes,1546,0
7,port_flow_bytes,1547,0
7,port_flow_bytes,1548,0
7,port_flow_bytes,1549,0
7,port_flow_bytes,1550,0
7,port_flow_bytes,1551,0
7,port_flow_bytes,1552,0
7,port_flow_bytes,1553,0
7,port_flow_bytes,1554,0
7,port_flow_bytes,1555,0
7,port_flow_bytes,1556,0
7,port_flow_bytes,1557,0
7,port_flow_bytes,1558,0
7,port_flow_bytes,1559,0
7,port_flow_bytes,1560,0
7,port_flow_bytes,1561,0
7,port_flow_bytes,1562,0
7,port_flow_bytes,1563,0
7,port_flow_bytes,1564,0
7,port_flow_bytes,1565,0
7,port_flow_bytes,1566,0
7,port_flow_bytes,1567,0
7,port_flow_bytes,1568,0
7,port_flow_bytes,1569,0
7,port_flow_bytes,1570,0
7,port_flow_bytes,1571,0
7,port_flow_bytes,1572,0
7,port_flow_bytes,1573,0
7,port_flow_bytes,1574,0
7,port_flow_bytes,1575,0
7,port_flow_bytes,1576,0
7,port_flow_bytes,1577,0
7,port_flow_bytes,1578,0
7,port_flow_bytes,1579,0
7,port_flow_bytes,1580,0
7,port_flow_bytes,1581,0
7,port_flow_bytes,1582,0
7,port_flow_bytes,1583,0
7,port_flow_bytes,1584,0
7,port_flow_bytes,1585,0
7,port_flow_bytes,1586,0
7,port_flow_bytes,1587,0
7,port_flow_bytes,1588,0
7,port_flow_bytes,1589,0
7,port_flow_bytes,1590,0
7,port_flow_bytes,1591,0
7,port_flow_bytes,1592,0
7,port_flow_bytes,1593,0
7,port_flow_bytes,1594,0
7,port_flow_bytes,1595,0
7,port_flow_bytes,1596,0
7,port_flow_bytes,1597,0
7,port_flow_bytes,1598,0
7,port_flow_bytes,1599,0
7,port_flow_bytes,1600,0
7,port_flow_bytes,1601,0
7,port_flow_bytes,1602,0
7,port_flow_bytes,1603,0
7,port_flow_bytes,1604,0
7,port_flow_bytes,1605,0
7,port_flow_bytes,1606,0
7,port_flow_bytes,1607,0
7,port_flow_bytes,1608,0
7,port_flow_bytes,1609,0
7,port_flow_bytes,1610,0
7,port_flow_bytes,1611,0
7,port_flow_bytes,1612,0
7,port_flow_bytes,1613,0
7,port_flow_bytes,1614,0
7,port_flow_bytes,1615,0
7,port_flow_bytes,1616,0
7,port_flow_bytes,1617,0
7,port_flow_bytes,1618,0
7,port_flow_bytes,1619,0
7,port_flow_bytes,1620,0
7,port_flow_bytes,1621,0
7,port_flow_bytes,1622,0
7,port_flow_bytes,1623,0
7,port_flow_bytes,1624,0
7,port_flow_bytes,1625,0
7,port_flow_bytes,1626,0
7,port_flow_bytes,1627,0
7,port_flow_bytes,1628,0
7,port_flow_bytes,1629,0
7,port_flow_bytes,1630,0
7,port_flow_bytes,1631,0
7,port_flow_bytes,1632,0
7,port_flow_bytes,1633,0
7,port_flow_bytes,1634,0
7,port_flow_bytes,1635,0
7,port_flow_bytes,1636,0
7,port_flow_bytes,1637,0
7,port_flow_bytes,1638,0
7,port_flow_bytes,1639,0
7,port_flow_bytes,1640,0
7,port_flow_bytes,1641,0
7,port_flow_bytes,1642,0
7,port_flow_bytes,1643,0
7,port_flow_bytes,1644,0
7,port_flow_bytes,1645,0
7,port_flow_bytes,1646,0
7,port_flow_bytes,1647,0
7,port_flow_bytes,1648,0
7,port_flow_bytes,1649,0
7,port_flow_bytes,1650,0
7,port_flow_bytes,1651,0
7,port_flow_bytes,1652,0
7,port_flow_bytes,1653,0
7,port_flow_bytes,1654,0
7,port_flow_bytes,1655,0
7,port_flow_bytes,1656,0
7,port_flow_bytes,1657,0
7,port_flow_bytes,1658,0
7,port_flow_bytes,1659,0
7,port_flow_bytes,1660,0
7,port_flow_bytes,1661,0
7,port_flow_bytes,1662,0
7,port_flow_bytes,1663,0
7,port_flow_bytes,1664,0
7,port_flow_bytes,1665,0
7,port_flow_bytes,1666,0
7,port_flow_bytes,1667,0
7,port_flow_bytes,1668,0
7,port_flow_bytes,1669,0
7,port_flow_bytes,1670,0
7,port_flow_bytes,1671,0
7,port_flow_bytes,1672,0
7,port_flow_bytes,1673,0
7,port_flow_bytes,1674,0
7,port_flow_bytes,1675,0
7,port_flow_bytes,1676,0
7,port_flow_bytes,1677,0
7,port_flow_bytes,1678,0
7,port_flow_bytes,1679,0
7,port_flow_bytes,1680,0
7,port_flow_bytes,1681,0
7,port_flow_bytes,1682,0
7,port_flow_bytes,1683,0
7,port_flow_bytes,1684,0
7,port_flow_bytes,1685,0
7,port_flow_bytes,1686,0
7,port_flow_bytes,1687,0
7,port_flow_bytes,1688,0
7,port_flow_bytes,1689,0
7,port_flow_bytes,1690,0
7,port_flow_bytes,1691,0
7,port_flow_bytes,1692,0
7,port_flow_bytes,1693,0
7,port_flow_bytes,1694,0
7,port_flow_bytes,1695,0
7,port_flow_bytes,1696,0
7,port_flow_bytes,1697,0
7,port_flow_bytes,1698,0
7,port_flow_bytes,1699,0
7,port_flow_bytes,1700,0
7,port_flow_bytes,1701,0
7,port_flow_bytes,1702,0
7,port_flow_bytes,1703,0
7,port_flow_bytes,1704,0
7,port_flow_bytes,1705,0
7,port_flow_bytes,1706,0
7,port_flow_bytes,1707,0
7,port_flow_bytes,1708,0
7,port_flow_bytes,1709,0
7,port_flow_bytes,1710,0
7,port_flow_bytes,1711,0
7,port_flow_bytes,1712,0
7,port_flow_bytes,1713,0
7,port_flow_bytes,1714,0
7,port_flow_bytes,1715,0
7,port_flow_bytes,1716,0
7,port_flow_bytes,1717,0
7,port_flow_bytes,1718,0
7,port_flow_bytes,1719,0
7,port_flow_bytes,1720,0
7,port_flow_bytes,1721,0
7,port_flow_bytes,1722,0
7,port_flow_bytes,1723,0
7,port_flow_bytes,1724,0
7,port_flow_bytes,1725,0
7,port_flow_bytes,1726,0
7,port_flow_bytes,1727,0
7,port_flow_bytes,1728,0
7,port_flow_bytes,1729,0
7,port_flow_bytes,1730,0
7,port_flow_bytes,1731,0
7,port_flow_bytes,1732,0
7,port_flow_bytes,1733,0
7,port_flow_bytes,1734,0
7,port_flow_bytes,1735,0
7,port_flow_bytes,1736,0
7,port_flow_bytes,1737,0
7,port_flow_bytes,1738,0
7,port_flow_bytes,1739,0
7,port_flow_bytes,1740,0
7,port_flow_bytes,1741,0
7,port_flow_bytes,1742,0
7,port_flow_bytes,1743,0
7,port_flow_bytes,1744,0
7,port_flow_bytes,1745,0
7,port_flow_bytes,1746,0
7,port_flow_bytes,1747,0
7,port_flow_bytes,1748,0
7,port_flow_bytes,1749,0
7,port_flow_bytes,1750,0
7,port_flow_bytes,1751,0
7,port_flow_bytes,1752,0
7,port_flow_bytes,1753,0
7,port_flow_bytes,1754,0
7,port_flow_bytes,1755,0
7,port_flow_bytes,1756,0
7,port_flow_bytes,1757,0
7,port_flow_bytes,1758,0
7,port_flow_bytes,1759,0
7,port_flow_bytes,1760,0
7,port_flow_bytes,1761,0
7,port_flow_bytes,1762,0
7,port_flow_bytes,1763,0
7,port_flow_bytes,1764,0
7,port_flow_bytes,1765,0
7,port_flow_bytes,1766,0
7,port_flow_bytes,1767,0
7,port_flow_bytes,1768,0
7,port_flow_bytes,1769,0
7,port_flow_bytes,1770,0
7,port_flow_bytes,1771,0
7,port_flow_bytes,1772,0
7,port_flow_bytes,1773,0
7,port_flow_bytes,1774,0
7,port_flow_bytes,1775,0
7,port_flow_bytes,1776,0
7,port_flow_bytes,1777,0
7,port_flow_bytes,1778,0
7,port_flow_bytes,1779,0
7,port_flow_bytes,1780,0
7,port_flow_bytes,1781,0
7,port_flow_bytes,1782,0
7,port_flow_bytes,1783,0
7,port_flow_bytes,1784,0
7,port_flow_bytes,1785,0
7,port_flow_bytes,1786,0
7,port_flow_bytes,1787,0
7,port_flow_bytes,1788,0
7,port_flow_bytes,1789,0
7,port_flow_bytes,1790,0
7,port_flow_bytes,1791,0
7,port_flow_bytes,1792,0
7,port_flow_bytes,1793,0
7,port_flow_bytes,1794,0
7,port_flow_bytes,1795,0
7,port_flow_bytes,1796,0
7,port_flow_bytes,1797,0
7,port_flow_bytes,1798,0
7,port_flow_bytes,1799,0
7,port_flow_bytes,1800,0
7,port_flow_bytes,1801,0
7,port_flow_bytes,1802,0
7,port_flow_bytes,1803,0
7,port_flow_bytes,1804,0
7,port_flow_bytes,1805,0
7,port_flow_bytes,1806,0
7,port_flow_bytes,1807,0
7,port_flow_bytes,1808,0
7,port_flow_bytes,1809,0
7,port_flow_bytes,1810,0
7,port_flow_bytes,1811,0
7,port_flow_bytes,1812,0
7,port_flow_bytes,1813,0
7,port_flow_bytes,1814,0
7,port_flow_bytes,1815,0
7,port_flow_bytes,1816,0
7,port_flow_bytes,1817,0
7,port_flow_bytes,1818,0
7,port_flow_bytes,1819,0
7,port_flow_bytes,1820,0
7,port_flow_bytes,1821,0
7,port_flow_bytes,1822,0
7,port_flow_bytes,1823,0
7,port_flow_bytes,1824,0
7,port_flow_bytes,1825,0
7,port_flow_bytes,1826,0
7,port_flow_bytes,1827,0
7,port_flow_bytes,1828,0
7,port_flow_bytes,1829,0
7,port_flow_bytes,1830,0
7,port_flow_bytes,1831,0
7,port_flow_bytes,1832,0
7,port_flow_bytes,1833,0
7,port_flow_bytes,1834,0
7,port_flow_bytes,1835,0
7,port_flow_bytes,1836,0
7,port_flow_bytes,1837,0
7,port_flow_bytes,1838,0
7,port_flow_bytes,1839,0
7,port_flow_bytes,1840,0
7,port_flow_bytes,1841,0
7,port_flow_bytes,1842,0
7,port_flow_bytes,1843,0
7,port_flow_bytes,1844,0
7,port_flow_bytes,1845,0
7,port_flow_bytes,1846,0
7,port_flow_bytes,1847,0
7,port_flow_bytes,1848,0
7,port_flow_bytes,1849,0
7,port_flow_bytes,1850,0
7,port_flow_bytes,1851,0
7,port_flow_bytes,1852,0
7,port_flow_bytes,1853,0
7,port_flow_bytes,1854,0
7,port_flow_bytes,1855,0
7,port_flow_bytes,1856,0
7,port_flow_bytes,1857,0
7,port_flow_bytes,1858,0
7,port_flow_bytes,1859,0
7,port_flow_bytes,1860,0
7,port_flow_bytes,1861,0
7,port_flow_bytes,1862,0
7,port_flow_bytes,1863,0
7,port_flow_bytes,1864,0
7,port_flow_bytes,1865,0
7,port_flow_bytes,1866,0
7,port_flow_bytes,1867,0
7,port_flow_bytes,1868,0
7,port_flow_bytes,1869,0
7,port_flow_bytes,1870,0
7,port_flow_bytes,1871,0
7,port_flow_bytes,1872,0
7,port_flow_bytes,1873,0
7,port_flow_bytes,1874,0
7,port_flow_bytes,1875,0
7,port_flow_bytes,1876,0
7,port_flow_bytes,1877,0
7,port_flow_bytes,1878,0
7,port_flow_bytes,1879,0
7,port_flow_bytes,1880,0
7,port_flow_bytes,1881,0
7,port_flow_bytes,1882,0
7,port_flow_bytes,1883,0
7,port_flow_bytes,1884,0
7,port_flow_bytes,1885,0
7,port_flow_bytes,1886,0
7,port_flow_bytes,1887,0
7,port_flow_bytes,1888,0
7,port_flow_bytes,1889,0
7,port_flow_bytes,1890,0
7,port_flow_bytes,1891,0
7,port_flow_bytes,1892,0
7,port_flow_bytes,1893,0
7,port_flow_bytes,1894,0
7,port_flow_bytes,1895,0
7,port_flow_bytes,1896,0
7,port_flow_bytes,1897,0
7,port_flow_bytes,1898,0
7,port_flow_bytes,1899,0
7,port_flow_bytes,1900,0
7,port_flow_bytes,1901,0
7,port_flow_bytes,1902,0
7,port_flow_bytes,1903,0
7,port_flow_bytes,1904,0
7,port_flow_bytes,1905,0
7,port_flow_bytes,1906,0
7,port_flow_bytes,1907,0
7,port_flow_bytes,1908,0
7,port_flow_bytes,1909,0
7,port_flow_bytes,1910,0
7,port_flow_bytes,1911,0
7,port_flow_bytes,1912,0
7,port_flow_bytes,1913,0
7,port_flow_bytes,1914,0
7,port_flow_bytes,1915,0
7,port_flow_bytes,1916,0
7,port_flow_bytes,1917,0
7,port_flow_bytes,1918,0
7,port_flow_bytes,1919,0
7,port_flow_bytes,1920,0
7,port_flow_bytes,1921,0
7,port_flow_bytes,1922,0
7,port_flow_bytes,1923,0
7,port_flow_bytes,1924,0
7,port_flow_bytes,1925,0
7,port_flow_bytes,1926,0
7,port_flow_bytes,1927,0
7,port_flow_bytes,1928,0
7,port_flow_bytes,1929,0
7,port_flow_bytes,1930,0
7,port_flow_bytes,1931,0
7,port_flow_bytes,1932,0
7,port_flow_bytes,1933,0
7,port_flow_bytes,1934,0
7,port_flow_bytes,1935,0
7,port_flow_bytes,1936,0
7,port_flow_bytes,1937,0
7,port_flow_bytes,1938,0
7,port_flow_bytes,1939,0
7,port_flow_bytes,1940,0
7,port_flow_bytes,1941,0
7,port_flow_bytes,1942,0
7,port_flow_bytes,1943,0
7,port_flow_bytes,1944,0
7,port_flow_bytes,1945,0
7,port_flow_bytes,1946,0
7,port_flow_bytes,1947,0
7,port_flow_bytes,1948,0
7,port_flow_bytes,1949,0
7,port_flow_bytes,1950,0
7,port_flow_bytes,1951,0
7,port_flow_bytes,1952,0
7,port_flow_bytes,1953,0
7,port_flow_bytes,1954,0
7,port_flow_bytes,1955,0
7,port_flow_bytes,1956,0
7,port_flow_bytes,1957,0
7,port_flow_bytes,1958,0
7,port_flow_bytes,1959,0
7,port_flow_bytes,1960,0
7,port_flow_bytes,1961,0
7,port_flow_bytes,1962,0
7,port_flow_bytes,1963,0
7,port_flow_bytes,1964,0
7,port_flow_bytes,1965,0
7,port_flow_bytes,1966,0
7,port_flow_bytes,1967,0
7,port_flow_bytes,1968,0
7,port_flow_bytes,1969,0
7,port_flow_bytes,1970,0
7,port_flow_bytes,1971,0
7,port_flow_bytes,1972,0
7,port_flow_bytes,1973,0
7,port_flow_bytes,1974,0
7,port_flow_bytes,1975,0
7,port_flow_bytes,1976,0
7,port_flow_bytes,1977,0
7,port_flow_bytes,1978,0
7,port_flow_bytes,1979,0
7,port_flow_bytes,1980,0
7,port_flow_bytes,1981,0
7,port_flow_bytes,1982,0
7,port_flow_bytes,1983,0
7,port_flow_bytes,1984,0
7,port_flow_bytes,1985,0
7,port_flow_bytes,1986,0
7,port_flow_bytes,1987,0
7,port_flow_bytes,1988,0
7,port_flow_bytes,1989,0
7,port_flow_bytes,1990,0
7,port_flow_bytes,1991,0
7,port_flow_bytes,1992,0
7,port_flow_bytes,1993,0
7,port_flow_bytes,1994,0
7,port_flow_bytes,1995,0
7,port_flow_bytes,1996,0
7,port_flow_bytes,1997,0
7,port_flow_bytes,1998,0
7,port_flow_bytes,1999,0
7,port_flow_bytes,2000,0
7,port_flow_bytes,2001,0
7,port_flow_bytes,2002,0
7,port_flow_bytes,2003,0
7,port_flow_bytes,2004,0
7,port_flow_bytes,2005,0
7,port_flow_bytes,2006,0
7,port_flow_bytes,2007,0
7,port_flow_bytes,2008,0
7,port_flow_bytes,2009,0
7,port_flow_bytes,2010,0
7,port_flow_bytes,2011,0
7,port_flow_bytes,2012,0
7,port_flow_bytes,2013,0
7,port_flow_bytes,2014,0
7,port_flow_bytes,2015,0
7,port_flow_bytes,2016,0
7,port_flow_bytes,2017,0
7,port_flow_bytes,2018,0
7,port_flow_bytes,2019,0
7,port_flow_bytes,2020,0
7,port_flow_bytes,2021,0
7,port_flow_bytes,2022,0
7,port_flow_bytes,2023,0
7,port_flow_bytes,2024,0
7,port_flow_bytes,2025,0
7,port_flow_bytes,2026,0
7,port_flow_bytes,2027,0
7,port_flow_bytes,2028,0
7,port_flow_bytes,2029,0
7,port_flow_bytes,2030,0
7,port_flow_bytes,2031,0
7,port_flow_bytes,2032,0
7,port_flow_bytes,2033,0
7,port_flow_bytes,2034,0
7,port_flow_bytes,2035,0
7,port_flow_bytes,2036,0
7,port_flow_bytes,2037,0
7,port_flow_bytes,2038,0
7,port_flow_bytes,2039,0
7,port_flow_bytes,2040,0
7,port_flow_bytes,2041,0
7,port_flow_bytes,2042,0
7,port_flow_bytes,2043,0
7,port_flow_bytes,2044,0
7,port_flow_bytes,2045,0
7,port_flow_bytes,2046,0
7,port_flow_bytes,2047,0
7,port_flow_bytes,2048,0
7,port_flow_bytes,2049,0
7,port_flow_bytes,2050,0
7,port_flow_bytes,2051,0
7,port_flow_bytes,2052,0
7,port_flow_bytes,2053,0
7,port_flow_bytes,2054,0
7,port_flow_bytes,2055,0
7,port_flow_bytes,2056,0
7,port_flow_bytes,2057,0
7,port_flow_bytes,2058,0
7,port_flow_bytes,2059,0
7,port_flow_bytes,2060,0
7,port_flow_bytes,2061,0
7,port_flow_bytes,2062,0
7,port_flow_bytes,2063,0
7,port_flow_bytes,2064,0
7,port_flow_bytes,2065,0
7,port_flow_bytes,2066,0
7,port_flow_bytes,2067,0
7,port_flow_bytes,2068,0
7,port_flow_bytes,2069,0
7,port_flow_bytes,2070,0
7,port_flow_bytes,2071,0
7,port_flow_bytes,2072,0
7,port_flow_bytes,2073,0
7,port_flow_bytes,2074,0
7,port_flow_bytes,2075,0
7,port_flow_bytes,2076,0
7,port_flow_bytes,2077,0
7,port_flow_bytes,2078,0
7,port_flow_bytes,2079,0
7,port_flow_bytes,2080,0
7,port_flow_bytes,2081,0
7,port_flow_bytes,2082,0
7,port_flow_bytes,2083,0
7,port_flow_bytes,2084,0
7,port_flow_bytes,2085,0
7,port_flow_bytes,2086,0
7,port_flow_bytes,2087,0
7,port_flow_bytes,2088,0
7,port_flow_bytes,2089,0
7,port_flow_bytes,2090,0
7,port_flow_bytes,2091,0
7,port_flow_bytes,2092,0
7,port_flow_bytes,2093,0
7,port_flow_bytes,2094,0
7,port_flow_bytes,2095,0
7,port_flow_bytes,2096,0
7,port_flow_bytes,2097,0
7,port_flow_bytes,2098,0
7,port_flow_bytes,2099,0
7,port_flow_bytes,2100,0
7,port_flow_bytes,2101,0
7,port_flow_bytes,2102,0
7,port_flow_bytes,2103,0
7,port_flow_bytes,2104,0
7,port_flow_bytes,2105,0
7,port_flow_bytes,2106,0
7,port_flow_bytes,2107,0
7,port_flow_bytes,2108,0
7,port_flow_bytes,2109,0
7,port_flow_bytes,2110,0
7,port_flow_bytes,2111,0
7,port_flow_bytes,2112,0
7,port_flow_bytes,2113,0
7,port_flow_bytes,2114,0
7,port_flow_bytes,2115,0
7,port_flow_bytes,2116,0
7,port_flow_bytes,2117,0
7,port_flow_bytes,2118,0
7,port_flow_bytes,2119,0
7,port_flow_bytes,2120,0
7,port_flow_bytes,2121,0
7,port_flow_bytes,2122,0
7,port_flow_bytes,2123,0
7,port_flow_bytes,2124,0
7,port_flow_bytes,2125,0
7,port_flow_bytes,2126,0
7,port_flow_bytes,2127,0
7,port_flow_bytes,2128,0
7,port_flow_bytes,2129,0
7,port_flow_bytes,2130,0
7,port_flow_bytes,2131,0
7,port_flow_bytes,2132,0
7,port_flow_bytes,2133,0
7,port_flow_bytes,2134,0
7,port_flow_bytes,2135,0
7,port_flow_bytes,2136,0
7,port_flow_bytes,2137,0
7,port_flow_bytes,2138,0
7,port_flow_bytes,2139,0
7,port_flow_bytes,2140,0
7,port_flow_bytes,2141,0
7,port_flow_bytes,2142,0
7,port_flow_bytes,2143,0
7,port_flow_bytes,2144,0
7,port_flow_bytes,2145,0
7,port_flow_bytes,2146,0
7,port_flow_bytes,2147,0
7,port_flow_bytes,2148,0
7,port_flow_bytes,2149,0
7,port_flow_bytes,2150,0
7,port_flow_bytes,2151,0
7,port_flow_bytes,2152,0
7,port_flow_bytes,2153,0
7,port_flow_bytes,2154,0
7,port_flow_bytes,2155,0
7,port_flow_bytes,2156,0
7,port_flow_bytes,2157,0
7,port_flow_bytes,2158,0
7,port_flow_bytes,2159,0
7,port_flow_bytes,2160,0
7,port_flow_bytes,2161,0
7,port_flow_bytes,2162,0
7,port_flow_bytes,2163,0
7,port_flow_bytes,2164,0
7,port_flow_bytes,2165,0
7,port_flow_bytes,2166,0
7,port_flow_bytes,2167,0
7,port_flow_bytes,2168,0
7,port_flow_bytes,2169,0
7,port_flow_bytes,2170,0
7,port_flow_bytes,2171,0
7,port_flow_bytes,2172,0
7,port_flow_bytes,2173,0
7,port_flow_bytes,2174,0
7,port_flow_bytes,2175,0
7,port_flow_bytes,2176,0
7,port_flow_bytes,2177,0
7,port_flow_bytes,2178,0
7,port_flow_bytes,2179,0
7,port_flow_bytes,2180,0
7,port_flow_bytes,2181,0
7,port_flow_bytes,2182,0
7,port_flow_bytes,2183,0
7,port_flow_bytes,2184,0
7,port_flow_bytes,2185,0
7,port_flow_bytes,2186,0
7,port_flow_bytes,2187,0
7,port_flow_bytes,2188,0
7,port_flow_bytes,2189,0
7,port_flow_bytes,2190,0
7,port_flow_bytes,2191,0
7,port_flow_bytes,2192,0
7,port_flow_bytes,2193,0
7,port_flow_bytes,2194,0
7,port_flow_bytes,2195,0
7,port_flow_bytes,2196,0
7,port_flow_bytes,2197,0
7,port_flow_bytes,2198,0
7,port_flow_bytes,2199,0
7,port_flow_bytes,2200,0
7,port_flow_bytes,2201,0
7,port_flow_bytes,2202,0
7,port_flow_bytes,2203,0
7,port_flow_bytes,2204,0
7,port_flow_bytes,2205,0
7,port_flow_bytes,2206,0
7,port_flow_bytes,2207,0
7,port_flow_bytes,2208,0
7,port_flow_bytes,2209,0
7,port_flow_bytes,2210,0
7,port_flow_bytes,2211,0
7,port_flow_bytes,2212,0
7,port_flow_bytes,2213,0
7,port_flow_bytes,2214,0
7,port_flow_bytes,2215,0
7,port_flow_bytes,2216,0
7,port_flow_bytes,2217,0
7,port_flow_bytes,2218,0
7,port_flow_bytes,2219,0
7,port_flow_bytes,2220,0
7,port_flow_bytes,2221,0
7,port_flow_bytes,2222,0
7,port_flow_bytes,2223,0
7,port_flow_bytes,2224,0
7,port_flow_bytes,2225,0
7,port_flow_bytes,2226,0
7,port_flow_bytes,2227,0
7,port_flow_bytes,2228,0
7,port_flow_bytes,2229,0
7,port_flow_bytes,2230,0
7,port_flow_bytes,2231,0
7,port_flow_bytes,2232,0
7,port_flow_bytes,2233,0
7,port_flow_bytes,2234,0
7,port_flow_bytes,2235,0
7,port_flow_bytes,2236,0
7,port_flow_bytes,2237,0
7,port_flow_bytes,2238,0
7,port_flow_bytes,2239,0
7,port_flow_bytes,2240,0
7,port_flow_bytes,2241,0
7,port_flow_bytes,2242,0
7,port_flow_bytes,2243,0
7,port_flow_bytes,2244,0
7,port_flow_bytes,2245,0
7,port_flow_bytes,2246,0
7,port_flow_bytes,2247,0
7,port_flow_bytes,2248,0
7,port_flow_bytes,2249,0
7,port_flow_bytes,2250,0
7,port_flow_bytes,2251,0
7,port_flow_bytes,2252,0
7,port_flow_bytes,2253,0
7,port_flow_bytes,2254,0
7,port_flow_bytes,2255,0
7,port_flow_bytes,2256,0
7,port_flow_bytes,2257,0
7,port_flow_bytes,2258,0
7,port_flow_bytes,2259,0
7,port_flow_bytes,2260,0
7,port_flow_bytes,2261,0
7,port_flow_bytes,2262,0
7,port_flow_bytes,2263,0
7,port_flow_bytes,2264,0
7,port_flow_bytes,2265,0
7,port_flow_bytes,2266,0
7,port_flow_bytes,2267,0
7,port_flow_bytes,2268,0
7,port_flow_bytes,2269,0
7,port_flow_bytes,2270,0
7,port_flow_bytes,2271,0
7,port_flow_bytes,2272,0
7,port_flow_bytes,2273,0
7,port_flow_bytes,2274,0
7,port_flow_bytes,2275,0
7,port_flow_bytes,2276,0
7,port_flow_bytes,2277,0
7,port_flow_bytes,2278,0
7,port_flow_bytes,2279,0
7,port_flow_bytes,2280,0
7,port_flow_bytes,2281,0
7,port_flow_bytes,2282,0
7,port_flow_bytes,2283,0
7,port_flow_bytes,2284,0
7,port_flow_bytes,2285,0
7,port_flow_bytes,2286,0
7,port_flow_bytes,2287,0
7,port_flow_bytes,2288,0
7,port_flow_bytes,2289,0
7,port_flow_bytes,2290,0
7,port_flow_bytes,2291,0
7,port_flow_bytes,2292,0
7,port_flow_bytes,2293,0
7,port_flow_bytes,2294,0
7,port_flow_bytes,2295,0
7,port_flow_bytes,2296,0
7,port_flow_bytes,2297,0
7,port_flow_bytes,2298,0
7,port_flow_bytes,2299,0
7,port_flow_bytes,2300,0
7,port_flow_bytes,2301,0
7,port_flow_bytes,2302,0
7,port_flow_bytes,2303,0
7,port_flow_bytes,2304,0
7,port_flow_bytes,2305,0
7,port_flow_bytes,2306,0
7,port_flow_bytes,2307,0
7,port_flow_bytes,2308,0
7,port_flow_bytes,2309,0
7,port_flow_bytes,2310,0
7,port_flow_bytes,2311,0
7,port_flow_bytes,2312,0
7,port_flow_bytes,2313,0
7,port_flow_bytes,2314,0
7,port_flow_bytes,2315,0
7,port_flow_bytes,2316,0
7,port_flow_bytes,2317,0
7,port_flow_bytes,2318,0
7,port_flow_bytes,2319,0
7,port_flow_bytes,2320,0
7,port_flow_bytes,2321,0
7,port_flow_bytes,2322,0
7,port_flow_bytes,2323,0
7,port_flow_bytes,2324,0
7,port_flow_bytes,2325,0
7,port_flow_bytes,2326,0
7,port_flow_bytes,2327,0
7,port_flow_bytes,2328,0
7,port_flow_bytes,2329,0
7,port_flow_bytes,2330,0
7,port_flow_bytes,2331,0
7,port_flow_bytes,2332,0
7,port_flow_bytes,2333,0
7,port_flow_bytes,2334,0
7,port_flow_bytes,2335,0
7,port_flow_bytes,2336,0
7,port_flow_bytes,2337,0
7,port_flow_bytes,2338,0
7,port_flow_bytes,2339,0
7,port_flow_bytes,2340,0
7,port_flow_bytes,2341,0
7,port_flow_bytes,2342,0
7,port_flow_bytes,2343,0
7,port_flow_bytes,2344,0
7,port_flow_bytes,2345,0
7,port_flow_bytes,2346,0
7,port_flow_bytes,2347,0
7,port_flow_bytes,2348,0
7,port_flow_bytes,2349,0
7,port_flow_bytes,2350,0
7,port_flow_bytes,2351,0
7,port_flow_bytes,2352,0
7,port_flow_bytes,2353,0
7,port_flow_bytes,2354,0
7,port_flow_bytes,2355,0
7,port_flow_bytes,2356,0
7,port_flow_bytes,2357,0
7,port_flow_bytes,2358,0
7,port_flow_bytes,2359,0
7,port_flow_bytes,2360,0
7,port_flow_bytes,2361,0
7,port_flow_bytes,2362,0
7,port_flow_bytes,2363,0
7,port_flow_bytes,2364,0
7,port_flow_bytes,2365,0
7,port_flow_bytes,2366,0
7,port_flow_bytes,2367,0
7,port_flow_bytes,2368,0
7,port_flow_bytes,2369,0
7,port_flow_bytes,2370,0
7,port_flow_bytes,2371,0
7,port_flow_bytes,2372,0
7,port_flow_bytes,2373,0
7,port_flow_bytes,2374,0
7,port_flow_bytes,2375,0
7,port_flow_bytes,2376,0
7,port_flow_bytes,2377,0
7,port_flow_bytes,2378,0
7,port_flow_bytes,2379,0
7,port_flow_bytes,2380,0
7,port_flow_bytes,2381,0
7,port_flow_bytes,2382,0
7,port_flow_bytes,2383,0
7,port_flow_bytes,2384,0
7,port_flow_bytes,2385,0
7,port_flow_bytes,2386,0
7,port_flow_bytes,2387,0
7,port_flow_bytes,2388,0
7,port_flow_bytes,2389,0
7,port_flow_bytes,2390,0
7,port_flow_bytes,2391,0
7,port_flow_bytes,2392,0
7,port_flow_bytes,2393,0
7,port_flow_bytes,2394,0
7,port_flow_bytes,2395,0
7,port_flow_bytes,2396,0
7,port_flow_bytes,2397,0
7,port_flow_bytes,2398,0
7,port_flow_bytes,2399,0
7,port_flow_bytes,2400,0
7,port_flow_bytes,2401,0
7,port_flow_bytes,2402,0
7,port_flow_bytes,2403,0
7,port_flow_bytes,2404,0
7,port_flow_bytes,2405,0
7,port_flow_bytes,2406,0
7,port_flow_bytes,2407,0
7,port_flow_bytes,2408,0
7,port_flow_bytes,2409,0
7,port_flow_bytes,2410,0
7,port_flow_bytes,2411,0
7,port_flow_bytes,2412,0
7,port_flow_bytes,2413,0
7,port_flow_bytes,2414,0
7,port_flow_bytes,2415,0
7,port_flow_bytes,2416,0
7,port_flow_bytes,2417,0
7,port_flow_bytes,2418,0
7,port_flow_bytes,2419,0
7,port_flow_bytes,2420,0
7,port_flow_bytes,2421,0
7,port_flow_bytes,2422,0
7,port_flow_bytes,2423,0
7,port_flow_bytes,2424,0
7,port_flow_bytes,2425,0
7,port_flow_bytes,2426,0
7,port_flow_bytes,2427,0
7,port_flow_bytes,2428,0
7,port_flow_bytes,2429,0
7,port_flow_bytes,2430,0
7,port_flow_bytes,2431,0
7,port_flow_bytes,2432,0
7,port_flow_bytes,2433,0
7,port_flow_bytes,2434,0
7,port_flow_bytes,2435,0
7,port_flow_bytes,2436,0
7,port_flow_bytes,2437,0
7,port_flow_bytes,2438,0
7,port_flow_bytes,2439,0
7,port_flow_bytes,2440,0
7,port_flow_bytes,2441,0
7,port_flow_bytes,2442,0
7,port_flow_bytes,2443,0
7,port_flow_bytes,2444,0
7,port_flow_bytes,2445,0
7,port_flow_bytes,2446,0
7,port_flow_bytes,2447,0
7,port_flow_bytes,2448,0
7,port_flow_bytes,2449,0
7,port_flow_bytes,2450,0
7,port_flow_bytes,2451,0
7,port_flow_bytes,2452,0
7,port_flow_bytes,2453,0
7,port_flow_bytes,2454,0
7,port_flow_bytes,2455,0
7,port_flow_bytes,2456,0
7,port_flow_bytes,2457,0
7,port_flow_bytes,2458,0
7,port_flow_bytes,2459,0
7,port_flow_bytes,2460,0
7,port_flow_bytes,2461,0
7,port_flow_bytes,2462,0
7,port_flow_bytes,2463,0
7,port_flow_bytes,2464,0
7,port_flow_bytes,2465,0
7,port_flow_bytes,2466,0
7,port_flow_bytes,2467,0
7,port_flow_bytes,2468,0
7,port_flow_bytes,2469,0
7,port_flow_bytes,2470,0
7,port_flow_bytes,2471,0
7,port_flow_bytes,2472,0
7,port_flow_bytes,2473,0
7,port_flow_bytes,2474,0
7,port_flow_bytes,2475,0
7,port_flow_bytes,2476,0
7,port_flow_bytes,2477,0
7,port_flow_bytes,2478,0
7,port_flow_bytes,2479,0
7,port_flow_bytes,2480,0
7,port_flow_bytes,2481,0
7,port_flow_bytes,2482,0
7,port_flow_bytes,2483,0
7,port_flow_bytes,2484,0
7,port_flow_bytes,2485,0
7,port_flow_bytes,2486,0
7,port_flow_bytes,2487,0
7,port_flow_bytes,2488,0
7,port_flow_bytes,2489,0
7,port_flow_bytes,2490,0
7,port_flow_bytes,2491,0
7,port_flow_bytes,2492,0
7,port_flow_bytes,2493,0
7,port_flow_bytes,2494,0
7,port_flow_bytes,2495,0
7,port_flow_bytes,2496,0
7,port_flow_bytes,2497,0
7,port_flow_bytes,2498,0
7,port_flow_bytes,2499,0
7,port_flow_bytes,2500,0
7,port_flow_bytes,2501,0
7,port_flow_bytes,2502,0
7,port_flow_bytes,2503,0
7,port_flow_bytes,2504,0
7,port_flow_bytes,2505,0
7,port_flow_bytes,2506,0
7,port_flow_bytes,2507,0
7,port_flow_bytes,2508,0
7,port_flow_bytes,2509,0
7,port_flow_bytes,2510,0
7,port_flow_bytes,2511,0
7,port_flow_bytes,2512,0
7,port_flow_bytes,2513,0
7,port_flow_bytes,2514,0
7,port_flow_bytes,2515,0
7,port_flow_bytes,2516,0
7,port_flow_bytes,2517,0
7,port_flow_bytes,2518,0
7,port_flow_bytes,2519,0
7,port_flow_bytes,2520,0
7,port_flow_bytes,2521,0
7,port_flow_bytes,2522,0
7,port_flow_bytes,2523,0
7,port_flow_bytes,2524,0
7,port_flow_bytes,2525,0
7,port_flow_bytes,2526,0
7,port_flow_bytes,2527,0
7,port_flow_bytes,2528,0
7,port_flow_bytes,2529,0
7,port_flow_bytes,2530,0
7,port_flow_bytes,2531,0
7,port_flow_bytes,2532,0
7,port_flow_bytes,2533,0
7,port_flow_bytes,2534,0
7,port_flow_bytes,2535,0
7,port_flow_bytes,2536,0
7,port_flow_bytes,2537,0
7,port_flow_bytes,2538,0
7,port_flow_bytes,2539,0
7,port_flow_bytes,2540,0
7,port_flow_bytes,2541,0
7,port_flow_bytes,2542,0
7,port_flow_bytes,2543,0
7,port_flow_bytes,2544,0
7,port_flow_bytes,2545,0
7,port_flow_bytes,2546,0
7,port_flow_bytes,2547,0
7,port_flow_bytes,2548,0
7,port_flow_bytes,2549,0
7,port_flow_bytes,2550,0
7,port_flow_bytes,2551,0
7,port_flow_bytes,2552,0
7,port_flow_bytes,2553,0
7,port_flow_bytes,2554,0
7,port_flow_bytes,2555,0
7,port_flow_bytes,2556,0
7,port_flow_bytes,2557,0
7,port_flow_bytes,2558,0
7,port_flow_bytes,2559,0
7,port_flow_bytes,2560,0
7,port_flow_bytes,2561,0
7,port_flow_bytes,2562,0
7,port_flow_bytes,2563,0
7,port_flow_bytes,2564,0
7,port_flow_bytes,2565,0
7,port_flow_bytes,2566,0
7,port_flow_bytes,2567,0
7,port_flow_bytes,2568,0
7,port_flow_bytes,2569,0
7,port_flow_bytes,2570,0
7,port_flow_bytes,2571,0
7,port_flow_bytes,2572,0
7,port_flow_bytes,2573,0
7,port_flow_bytes,2574,0
7,port_flow_bytes,2575,0
7,port_flow_bytes,2576,0
7,port_flow_bytes,2577,0
7,port_flow_bytes,2578,0
7,port_flow_bytes,2579,0
7,port_flow_bytes,2580,0
7,port_flow_bytes,2581,0
7,port_flow_bytes,2582,0
7,port_flow_bytes,2583,0
7,port_flow_bytes,2584,0
7,port_flow_bytes,2585,0
7,port_flow_bytes,2586,0
7,port_flow_bytes,2587,0
7,port_flow_bytes,2588,0
7,port_flow_bytes,2589,0
7,port_flow_bytes,2590,0
7,port_flow_bytes,2591,0
7,port_flow_bytes,2592,0
7,port_flow_bytes,2593,0
7,port_flow_bytes,2594,0
7,port_flow_bytes,2595,0
7,port_flow_bytes,2596,0
7,port_flow_bytes,2597,0
7,port_flow_bytes,2598,0
7,port_flow_bytes,2599,0
7,port_flow_bytes,2600,0
7,port_flow_bytes,2601,0
7,port_flow_bytes,2602,0
7,port_flow_bytes,2603,0
7,port_flow_bytes,2604,0
7,port_flow_bytes,2605,0
7,port_flow_bytes,2606,0
7,port_flow_bytes,2607,0
7,port_flow_bytes,2608,0
7,port_flow_bytes,2609,0
7,port_flow_bytes,2610,0
7,port_flow_bytes,2611,0
7,port_flow_bytes,2612,0
7,port_flow_bytes,2613,0
7,port_flow_bytes,2614,0
7,port_flow_bytes,2615,0
7,port_flow_bytes,2616,0
7,port_flow_bytes,2617,0
7,port_flow_bytes,2618,0
7,port_flow_bytes,2619,0
7,port_flow_bytes,2620,0
7,port_flow_bytes,2621,0
7,port_flow_bytes,2622,0
7,port_flow_bytes,2623,0
7,port_flow_bytes,2624,0
7,port_flow_bytes,2625,0
7,port_flow_bytes,2626,0
7,port_flow_bytes,2627,0
7,port_flow_bytes,2628,0
7,port_flow_bytes,2629,0
7,port_flow_bytes,2630,0
7,port_flow_bytes,2631,0
7,port_flow_bytes,2632,0
7,port_flow_bytes,2633,0
7,port_flow_bytes,2634,0
7,port_flow_bytes,2635,0
7,port_flow_bytes,2636,0
7,port_flow_bytes,2637,0
7,port_flow_bytes,2638,0
7,port_flow_bytes,2639,0
7,port_flow_bytes,2640,0
7,port_flow_bytes,2641,0
7,port_flow_bytes,2642,0
7,port_flow_bytes,2643,0
7,port_flow_bytes,2644,0
7,port_flow_bytes,2645,0
7,port_flow_bytes,2646,0
7,port_flow_bytes,2647,0
7,port_flow_bytes,2648,0
7,port_flow_bytes,2649,0
7,port_flow_bytes,2650,0
7,port_flow_bytes,2651,0
7,port_flow_bytes,2652,0
7,port_flow_bytes,2653,0
7,port_flow_bytes,2654,0
7,port_flow_bytes,2655,0
7,port_flow_bytes,2656,0
7,port_flow_bytes,2657,0
7,port_flow_bytes,2658,0
7,port_flow_bytes,2659,0
7,port_flow_bytes,2660,0
7,port_flow_bytes,2661,0
7,port_flow_bytes,2662,0
7,port_flow_bytes,2663,0
7,port_flow_bytes,2664,0
7,port_flow_bytes,2665,0
7,port_flow_bytes,2666,0
7,port_flow_bytes,2667,0
7,port_flow_bytes,2668,0
7,port_flow_bytes,2669,0
7,port_flow_bytes,2670,0
7,port_flow_bytes,2671,0
7,port_flow_bytes,2672,0
7,port_flow_bytes,2673,0
7,port_flow_bytes,2674,0
7,port_flow_bytes,2675,0
7,port_flow_bytes,2676,0
7,port_flow_bytes,2677,0
7,port_flow_bytes,2678,0
7,port_flow_bytes,2679,0
7,port_flow_bytes,2680,0
7,port_flow_bytes,2681,0
7,port_flow_bytes,2682,0
7,port_flow_bytes,2683,0
7,port_flow_bytes,2684,0
7,port_flow_bytes,2685,0
7,port_flow_bytes,2686,0
7,port_flow_bytes,2687,0
7,port_flow_bytes,2688,0
7,port_flow_bytes,2689,0
7,port_flow_bytes,2690,0
7,port_flow_bytes,2691,0
7,port_flow_bytes,2692,0
7,port_flow_bytes,2693,0
7,port_flow_bytes,2694,0
7,port_flow_bytes,2695,0
7,port_flow_bytes,2696,0
7,port_flow_bytes,2697,0
7,port_flow_bytes,2698,0
7,port_flow_bytes,2699,0
7,port_flow_bytes,2700,0
7,port_flow_bytes,2701,0
7,port_flow_bytes,2702,0
7,port_flow_bytes,2703,0
7,port_flow_bytes,2704,0
7,port_flow_bytes,2705,0
7,port_flow_bytes,2706,0
7,port_flow_bytes,2707,0
7,port_flow_bytes,2708,0
7,port_flow_bytes,2709,0
7,port_flow_bytes,2710,0
7,port_flow_bytes,2711,0
7,port_flow_bytes,2712,0
7,port_flow_bytes,2713,0
7,port_flow_bytes,2714,0
7,port_flow_bytes,2715,0
7,port_flow_bytes,2716,0
7,port_flow_bytes,2717,0
7,port_flow_bytes,2718,0
7,port_flow_bytes,2719,0
7,port_flow_bytes,2720,0
7,port_flow_bytes,2721,0
7,port_flow_bytes,2722,0
7,port_flow_bytes,2723,0
7,port_flow_bytes,2724,0
7,port_flow_bytes,2725,0
7,port_flow_bytes,2726,0
7,port_flow_bytes,2727,0
7,port_flow_bytes,2728,0
7,port_flow_bytes,2729,0
7,port_flow_bytes,2730,0
7,port_flow_bytes,2731,0
7,port_flow_bytes,2732,0
7,port_flow_bytes,2733,0
7,port_flow_bytes,2734,0
7,port_flow_bytes,2735,0
7,port_flow_bytes,2736,0
7,port_flow_bytes,2737,0
7,port_flow_bytes,2738,0
7,port_flow_bytes,2739,0
7,port_flow_bytes,2740,0
7,port_flow_bytes,2741,0
7,port_flow_bytes,2742,0
7,port_flow_bytes,2743,0
7,port_flow_bytes,2744,0
7,port_flow_bytes,2745,0
7,port_flow_bytes,2746,0
7,port_flow_bytes,2747,0
7,port_flow_bytes,2748,0
7,port_flow_bytes,2749,0
7,port_flow_bytes,2750,0
7,port_flow_bytes,2751,0
7,port_flow_bytes,2752,0
7,port_flow_bytes,2753,0
7,port_flow_bytes,2754,0
7,port_flow_bytes,2755,0
7,port_flow_bytes,2756,0
7,port_flow_bytes,2757,0
7,port_flow_bytes,2758,0
7,port_flow_bytes,2759,0
7,port_flow_bytes,2760,0
7,port_flow_bytes,2761,0
7,port_flow_bytes,2762,0
7,port_flow_bytes,2763,0
7,port_flow_bytes,2764,0
7,port_flow_bytes,2765,0
7,port_flow_bytes,2766,0
7,port_flow_bytes,2767,0
7,port_flow_bytes,2768,0
7,port_flow_bytes,2769,0
7,port_flow_bytes,2770,0
7,port_flow_bytes,2771,0
7,port_flow_bytes,2772,0
7,port_flow_bytes,2773,0
7,port_flow_bytes,2774,0
7,port_flow_bytes,2775,0
7,port_flow_bytes,2776,0
7,port_flow_bytes,2777,0
7,port_flow_bytes,2778,0
7,port_flow_bytes,2779,0
7,port_flow_bytes,2780,0
7,port_flow_bytes,2781,0
7,port_flow_bytes,2782,0
7,port_flow_bytes,2783,0
7,port_flow_bytes,2784,0
7,port_flow_bytes,2785,0
7,port_flow_bytes,2786,0
7,port_flow_bytes,2787,0
7,port_flow_bytes,2788,0
7,port_flow_bytes,2789,0
7,port_flow_bytes,2790,0
7,port_flow_bytes,2791,0
7,port_flow_bytes,2792,0
7,port_flow_bytes,2793,0
7,port_flow_bytes,2794,0
7,port_flow_bytes,2795,0
7,port_flow_bytes,2796,0
7,port_flow_bytes,2797,0
7,port_flow_bytes,2798,0
7,port_flow_bytes,2799,0
7,port_flow_bytes,2800,0
7,port_flow_bytes,2801,0
7,port_flow_bytes,2802,0
7,port_flow_bytes,2803,0
7,port_flow_bytes,2804,0
7,port_flow_bytes,2805,0
7,port_flow_bytes,2806,0
7,port_flow_bytes,2807,0
7,port_flow_bytes,2808,0
7,port_flow_bytes,2809,0
7,port_flow_bytes,2810,0
7,port_flow_bytes,2811,0
7,port_flow_bytes,2812,0
7,port_flow_bytes,2813,0
7,port_flow_bytes,2814,0
7,port_flow_bytes,2815,0
7,port_flow_bytes,2816,0
7,port_flow_bytes,2817,0
7,port_flow_bytes,2818,0
7,port_flow_bytes,2819,0
7,port_flow_bytes,2820,0
7,port_flow_bytes,2821,0
7,port_flow_bytes,2822,0
7,port_flow_bytes,2823,0
7,port_flow_bytes,2824,0
7,port_flow_bytes,2825,0
7,port_flow_bytes,2826,0
7,port_flow_bytes,2827,0
7,port_flow_bytes,2828,0
7,port_flow_bytes,2829,0
7,port_flow_bytes,2830,0
7,port_flow_bytes,2831,0
7,port_flow_bytes,2832,0
7,port_flow_bytes,2833,0
7,port_flow_bytes,2834,0
7,port_flow_bytes,2835,0
7,port_flow_bytes,2836,0
7,port_flow_bytes,2837,0
7,port_flow_bytes,2838,0
7,port_flow_bytes,2839,0
7,port_flow_bytes,2840,0
7,port_flow_bytes,2841,0
7,port_flow_bytes,2842,0
7,port_flow_bytes,2843,0
7,port_flow_bytes,2844,0
7,port_flow_bytes,2845,0
7,port_flow_bytes,2846,0
7,port_flow_bytes,2847,0
7,port_flow_bytes,2848,0
7,port_flow_bytes,2849,0
7,port_flow_bytes,2850,0
7,port_flow_bytes,2851,0
7,port_flow_bytes,2852,0
7,port_flow_bytes,2853,0
7,port_flow_bytes,2854,0
7,port_flow_bytes,2855,0
7,port_flow_bytes,2856,0
7,port_flow_bytes,2857,0
7,port_flow_bytes,2858,0
7,port_flow_bytes,2859,0
7,port_flow_bytes,2860,0
7,port_flow_bytes,2861,0
7,port_flow_bytes,2862,0
7,port_flow_bytes,2863,0
7,port_flow_bytes,2864,0
7,port_flow_bytes,2865,0
7,port_flow_bytes,2866,0
7,port_flow_bytes,2867,0
7,port_flow_bytes,2868,0
7,port_flow_bytes,2869,0
7,port_flow_bytes,2870,0
7,port_flow_bytes,2871,0
7,port_flow_bytes,2872,0
7,port_flow_bytes,2873,0
7,port_flow_bytes,2874,0
7,port_flow_bytes,2875,0
7,port_flow_bytes,2876,0
7,port_flow_bytes,2877,0
7,port_flow_bytes,2878,0
7,port_flow_bytes,2879,0
7,port_flow_bytes,2880,0
7,port_flow_bytes,2881,0
7,port_flow_bytes,2882,0
7,port_flow_bytes,2883,0
7,port_flow_bytes,2884,0
7,port_flow_bytes,2885,0
7,port_flow_bytes,2886,0
7,port_flow_bytes,2887,0
7,port_flow_bytes,2888,0
7,port_flow_bytes,2889,0
7,port_flow_bytes,2890,0
7,port_flow_bytes,2891,0
7,port_flow_bytes,2892,0
7,port_flow_bytes,2893,0
7,port_flow_bytes,2894,0
7,port_flow_bytes,2895,0
7,port_flow_bytes,2896,0
7,port_flow_bytes,2897,0
7,port_flow_bytes,2898,0
7,port_flow_bytes,2899,0
7,port_flow_bytes,2900,0
7,port_flow_bytes,2901,0
7,port_flow_bytes,2902,0
7,port_flow_bytes,2903,0
7,port_flow_bytes,2904,0
7,port_flow_bytes,2905,0
7,port_flow_bytes,2906,0
7,port_flow_bytes,2907,0
7,port_flow_bytes,2908,0
7,port_flow_bytes,2909,0
7,port_flow_bytes,2910,0
7,port_flow_bytes,2911,0
7,port_flow_bytes,2912,0
7,port_flow_bytes,2913,0
7,port_flow_bytes,2914,0
7,port_flow_bytes,2915,0
7,port_flow_bytes,2916,0
7,port_flow_bytes,2917,0
7,port_flow_bytes,2918,0
7,port_flow_bytes,2919,0
7,port_flow_bytes,2920,0
7,port_flow_bytes,2921,0
7,port_flow_bytes,2922,0
7,port_flow_bytes,2923,0
7,port_flow_bytes,2924,0
7,port_flow_bytes,2925,0
7,port_flow_bytes,2926,0
7,port_flow_bytes,2927,0
7,port_flow_bytes,2928,0
7,port_flow_bytes,2929,0
7,port_flow_bytes,2930,0
7,port_flow_bytes,2931,0
7,port_flow_bytes,2932,0
7,port_flow_bytes,2933,0
7,port_flow_bytes,2934,0
7,port_flow_bytes,2935,0
7,port_flow_bytes,2936,0
7,port_flow_bytes,2937,0
7,port_flow_bytes,2938,0
7,port_flow_bytes,2939,0
7,port_flow_bytes,2940,0
7,port_flow_bytes,2941,0
7,port_flow_bytes,2942,0
7,port_flow_bytes,2943,0
7,port_flow_bytes,2944,0
7,port_flow_bytes,2945,0
7,port_flow_bytes,2946,0
7,port_flow_bytes,2947,0
7,port_flow_bytes,2948,0
7,port_flow_bytes,2949,0
7,port_flow_bytes,2950,0
7,port_flow_bytes,2951,0
7,port_flow_bytes,2952,0
7,port_flow_bytes,2953,0
7,port_flow_bytes,2954,0
7,port_flow_bytes,2955,0
7,port_flow_bytes,2956,0
7,port_flow_bytes,2957,0
7,port_flow_bytes,2958,0
7,port_flow_bytes,2959,0
7,port_flow_bytes,2960,0
7,port_flow_bytes,2961,0
7,port_flow_bytes,2962,0
7,port_flow_bytes,2963,0
7,port_flow_bytes,2964,0
7,port_flow_bytes,2965,0
7,port_flow_bytes,2966,0
7,port_flow_bytes,2967,0
7,port_flow_bytes,2968,0
7,port_flow_bytes,2969,0
7,port_flow_bytes,2970,0
7,port_flow_bytes,2971,0
7,port_flow_bytes,2972,0
7,port_flow_bytes,2973,0
7,port_flow_bytes,2974,0
7,port_flow_bytes,2975,0
7,port_flow_bytes,2976,0
7,port_flow_bytes,2977,0
7,port_flow_bytes,2978,0
7,port_flow_bytes,2979,0
7,port_flow_bytes,2980,0
7,port_flow_bytes,2981,0
7,port_flow_bytes,2982,0
7,port_flow_bytes,2983,0
7,port_flow_bytes,2984,0
7,port_flow_bytes,2985,0
7,port_flow_bytes,2986,0
7,port_flow_bytes,2987,0
7,port_flow_bytes,2988,0
7,port_flow_bytes,2989,0
7,port_flow_bytes,2990,0
7,port_flow_bytes,2991,0
7,port_flow_bytes,2992,0
7,port_flow_bytes,2993,0
7,port_flow_bytes,2994,0
7,port_flow_bytes,2995,0
7,port_flow_bytes,2996,0
7,port_flow_bytes,2997,0
7,port_flow_bytes,2998,0
7,port_flow_bytes,2999,0
7,port_flow_bytes,3000,0
7,port_flow_bytes,3001,0
7,port_flow_bytes,3002,0
7,port_flow_bytes,3003,0
7,port_flow_bytes,3004,0
7,port_flow_bytes,3005,0
7,port_flow_bytes,3006,0
7,port_flow_bytes,3007,0
7,port_flow_bytes,3008,0
7,port_flow_bytes,3009,0
7,port_flow_bytes,3010,0
7,port_flow_bytes,3011,0
7,port_flow_bytes,3012,0
7,port_flow_bytes,3013,0
7,port_flow_bytes,3014,0
7,port_flow_bytes,3015,0
7,port_flow_bytes,3016,0
7,port_flow_bytes,3017,0
7,port_flow_bytes,3018,0
7,port_flow_bytes,3019,0
7,port_flow_bytes,3020,0
7,port_flow_bytes,3021,0
7,port_flow_bytes,3022,0
7,port_flow_bytes,3023,0
7,port_flow_bytes,3024,0
7,port_flow_bytes,3025,0
7,port_flow_bytes,3026,0
7,port_flow_bytes,3027,0
7,port_flow_bytes,3028,0
7,port_flow_bytes,3029,0
7,port_flow_bytes,3030,0
7,port_flow_bytes,3031,0
7,port_flow_bytes,3032,0
7,port_flow_bytes,3033,0
7,port_flow_bytes,3034,0
7,port_flow_bytes,3035,0
7,port_flow_bytes,3036,0
7,port_flow_bytes,3037,0
7,port_flow_bytes,3038,0
7,port_flow_bytes,3039,0
7,port_flow_bytes,3040,0
7,port_flow_bytes,3041,0
7,port_flow_bytes,3042,0
7,port_flow_bytes,3043,0
7,port_flow_bytes,3044,0
7,port_flow_bytes,3045,0
7,port_flow_bytes,3046,0
7,port_flow_bytes,3047,0
7,port_flow_bytes,3048,0
7,port_flow_bytes,3049,0
7,port_flow_bytes,3050,0
7,port_flow_bytes,3051,0
7,port_flow_bytes,3052,0
7,port_flow_bytes,3053,0
7,port_flow_bytes,3054,0
7,port_flow_bytes,3055,0
7,port_flow_bytes,3056,0
7,port_flow_bytes,3057,0
7,port_flow_bytes,3058,0
7,port_flow_bytes,3059,0
7,port_flow_bytes,3060,0
7,port_flow_bytes,3061,0
7,port_flow_bytes,3062,0
7,port_flow_bytes,3063,0
7,port_flow_bytes,3064,0
7,port_flow_bytes,3065,0
7,port_flow_bytes,3066,0
7,port_flow_bytes,3067,0
7,port_flow_bytes,3068,0
7,port_flow_bytes,3069,0
7,port_flow_bytes,3070,0
7,port_flow_bytes,3071,0
7,port_flow_bytes,3072,0
7,port_flow_bytes,3073,0
7,port_flow_bytes,3074,0
7,port_flow_bytes,3075,0
7,port_flow_bytes,3076,0
7,port_flow_bytes,3077,0
7,port_flow_bytes,3078,0
7,port_flow_bytes,3079,0
7,port_flow_bytes,3080,0
7,port_flow_bytes,3081,0
7,port_flow_bytes,3082,0
7,port_flow_bytes,3083,0
7,port_flow_bytes,3084,0
7,port_flow_bytes,3085,0
7,port_flow_bytes,3086,0
7,port_flow_bytes,3087,0
7,port_flow_bytes,3088,0
7,port_flow_bytes,3089,0
7,port_flow_bytes,3090,0
7,port_flow_bytes,3091,0
7,port_flow_bytes,3092,0
7,port_flow_bytes,3093,0
7,port_flow_bytes,3094,0
7,port_flow_bytes,3095,0
7,port_flow_bytes,3096,0
7,port_flow_bytes,3097,0
7,port_flow_bytes,3098,0
7,port_flow_bytes,3099,0
7,port_flow_bytes,3100,0
7,port_flow_bytes,3101,0
7,port_flow_bytes,3102,0
7,port_flow_bytes,3103,0
7,port_flow_bytes,3104,0
7,port_flow_bytes,3105,0
7,port_flow_bytes,3106,0
7,port_flow_bytes,3107,0
7,port_flow_bytes,3108,0
7,port_flow_bytes,3109,0
7,port_flow_bytes,3110,0
7,port_flow_bytes,3111,0
7,port_flow_bytes,3112,0
7,port_flow_bytes,3113,0
7,port_flow_bytes,3114,0
7,port_flow_bytes,3115,0
7,port_flow_bytes,3116,0
7,port_flow_bytes,3117,0
7,port_flow_bytes,3118,0
7,port_flow_bytes,3119,0
7,port_flow_bytes,3120,0
7,port_flow_bytes,3121,0
7,port_flow_bytes,3122,0
7,port_flow_bytes,3123,0
7,port_flow_bytes,3124,0
7,port_flow_bytes,3125,0
7,port_flow_bytes,3126,0
7,port_flow_bytes,3127,0
7,port_flow_bytes,3128,0
7,port_flow_bytes,3129,0
7,port_flow_bytes,3130,0
7,port_flow_bytes,3131,0
7,port_flow_bytes,3132,0
7,port_flow_bytes,3133,0
7,port_flow_bytes,3134,0
7,port_flow_bytes,3135,0
7,port_flow_bytes,3136,0
7,port_flow_bytes,3137,0
7,port_flow_bytes,3138,0
7,port_flow_bytes,3139,0
7,port_flow_bytes,3140,0
7,port_flow_bytes,3141,0
7,port_flow_bytes,3142,0
7,port_flow_bytes,3143,0
7,port_flow_bytes,3144,0
7,port_flow_bytes,3145,0
7,port_flow_bytes,3146,0
7,port_flow_bytes,3147,0
7,port_flow_bytes,3148,0
7,port_flow_bytes,3149,0
7,port_flow_bytes,3150,0
7,port_flow_bytes,3151,0
7,port_flow_bytes,3152,0
7,port_flow_bytes,3153,0
7,port_flow_bytes,3154,0
7,port_flow_bytes,3155,0
7,port_flow_bytes,3156,0
7,port_flow_bytes,3157,0
7,port_flow_bytes,3158,0
7,port_flow_bytes,3159,0
7,port_flow_bytes,3160,0
7,port_flow_bytes,3161,0
7,port_flow_bytes,3162,0
7,port_flow_bytes,3163,0
7,port_flow_bytes,3164,0
7,port_flow_bytes,3165,0
7,port_flow_bytes,3166,0
7,port_flow_bytes,3167,0
7,port_flow_bytes,3168,0
7,port_flow_bytes,3169,0
7,port_flow_bytes,3170,0
7,port_flow_bytes,3171,0
7,port_flow_bytes,3172,0
7,port_flow_bytes,3173,0
7,port_flow_bytes,3174,0
7,port_flow_bytes,3175,0
7,port_flow_bytes,3176,0
7,port_flow_bytes,3177,0
7,port_flow_bytes,3178,0
7,port_flow_bytes,3179,0
7,port_flow_bytes,3180,0
7,port_flow_bytes,3181,0
7,port_flow_bytes,3182,0
7,port_flow_bytes,3183,0
7,port_flow_bytes,3184,0
7,port_flow_bytes,3185,0
7,port_flow_bytes,3186,0
7,port_flow_bytes,3187,0
7,port_flow_bytes,3188,0
7,port_flow_bytes,3189,0
7,port_flow_bytes,3190,0
7,port_flow_bytes,3191,0
7,port_flow_bytes,3192,0
7,port_flow_bytes,3193,0
7,port_flow_bytes,3194,0
7,port_flow_bytes,3195,0
7,port_flow_bytes,3196,0
7,port_flow_bytes,3197,0
7,port_flow_bytes,3198,0
7,port_flow_bytes,3199,0
7,port_flow_bytes,3200,0
7,port_flow_bytes,3201,0
7,port_flow_bytes,3202,0
7,port_flow_bytes,3203,0
7,port_flow_bytes,3204,0
7,port_flow_bytes,3205,0
7,port_flow_bytes,3206,0
7,port_flow_bytes,3207,0
7,port_flow_bytes,3208,0
7,port_flow_bytes,3209,0
7,port_flow_bytes,3210,0
7,port_flow_bytes,3211,0
7,port_flow_bytes,3212,0
7,port_flow_bytes,3213,0
7,port_flow_bytes,3214,0
7,port_flow_bytes,3215,0
7,port_flow_bytes,3216,0
7,port_flow_bytes,3217,0
7,port_flow_bytes,3218,0
7,port_flow_bytes,3219,0
7,port_flow_bytes,3220,0
7,port_flow_bytes,3221,0
7,port_flow_bytes,3222,0
7,port_flow_bytes,3223,0
7,port_flow_bytes,3224,0
7,port_flow_bytes,3225,0
7,port_flow_bytes,3226,0
7,port_flow_bytes,3227,0
7,port_flow_bytes,3228,0
7,port_flow_bytes,3229,0
7,port_flow_bytes,3230,0
7,port_flow_bytes,3231,0
7,port_flow_bytes,3232,0
7,port_flow_bytes,3233,0
7,port_flow_bytes,3234,0
7,port_flow_bytes,3235,0
7,port_flow_bytes,3236,0
7,port_flow_bytes,3237,0
7,port_flow_bytes,3238,0
7,port_flow_bytes,3239,0
7,port_flow_bytes,3240,0
7,port_flow_bytes,3241,0
7,port_flow_bytes,3242,0
7,port_flow_bytes,3243,0
7,port_flow_bytes,3244,0
7,port_flow_bytes,3245,0
7,port_flow_bytes,3246,0
7,port_flow_bytes,3247,0
7,port_flow_bytes,3248,0
7,port_flow_bytes,3249,0
7,port_flow_bytes,3250,0
7,port_flow_bytes,3251,0
7,port_flow_bytes,3252,0
7,port_flow_bytes,3253,0
7,port_flow_bytes,3254,0
7,port_flow_bytes,3255,0
7,port_flow_bytes,3256,0
7,port_flow_bytes,3257,0
7,port_flow_bytes,3258,0
7,port_flow_bytes,3259,0
7,port_flow_bytes,3260,0
7,port_flow_bytes,3261,0
7,port_flow_bytes,3262,0
7,port_flow_bytes,3263,0
7,port_flow_bytes,3264,0
7,port_flow_bytes,3265,0
7,port_flow_bytes,3266,0
7,port_flow_bytes,3267,0
7,port_flow_bytes,3268,0
7,port_flow_bytes,3269,0
7,port_flow_bytes,3270,0
7,port_flow_bytes,3271,0
7,port_flow_bytes,3272,0
7,port_flow_bytes,3273,0
7,port_flow_bytes,3274,0
7,port_flow_bytes,3275,0
7,port_flow_bytes,3276,0
7,port_flow_bytes,3277,0
7,port_flow_bytes,3278,0
7,port_flow_bytes,3279,0
7,port_flow_bytes,3280,0
7,port_flow_bytes,3281,0
7,port_flow_bytes,3282,0
7,port_flow_bytes,3283,0
7,port_flow_bytes,3284,0
7,port_flow_bytes,3285,0
7,port_flow_bytes,3286,0
7,port_flow_bytes,3287,0
7,port_flow_bytes,3288,0
7,port_flow_bytes,3289,0
7,port_flow_bytes,3290,0
7,port_flow_bytes,3291,0
7,port_flow_bytes,3292,0
7,port_flow_bytes,3293,0
7,port_flow_bytes,3294,0
7,port_flow_bytes,3295,0
7,port_flow_bytes,3296,0
7,port_flow_bytes,3297,0
7,port_flow_bytes,3298,0
7,port_flow_bytes,3299,0
7,port_flow_bytes,3300,0
7,port_flow_bytes,3301,0
7,port_flow_bytes,3302,0
7,port_flow_bytes,3303,0
7,port_flow_bytes,3304,0
7,port_flow_bytes,3305,0
7,port_flow_bytes,3306,0
7,port_flow_bytes,3307,0
7,port_flow_bytes,3308,0
7,port_flow_bytes,3309,0
7,port_flow_bytes,3310,0
7,port_flow_bytes,3311,0
7,port_flow_bytes,3312,0
7,port_flow_bytes,3313,0
7,port_flow_bytes,3314,0
7,port_flow_bytes,3315,0
7,port_flow_bytes,3316,0
7,port_flow_bytes,3317,0
7,port_flow_bytes,3318,0
7,port_flow_bytes,3319,0
7,port_flow_bytes,3320,0
7,port_flow_bytes,3321,0
7,port_flow_bytes,3322,0
7,port_flow_bytes,3323,0
7,port_flow_bytes,3324,0
7,port_flow_bytes,3325,0
7,port_flow_bytes,3326,0
7,port_flow_bytes,3327,0
7,port_flow_bytes,3328,0
7,port_flow_bytes,3329,0
7,port_flow_bytes,3330,0
7,port_flow_bytes,3331,0
7,port_flow_bytes,3332,0
7,port_flow_bytes,3333,0
7,port_flow_bytes,3334,0
7,port_flow_bytes,3335,0
7,port_flow_bytes,3336,0
7,port_flow_bytes,3337,0
7,port_flow_bytes,3338,0
7,port_flow_bytes,3339,0
7,port_flow_bytes,3340,0
7,port_flow_bytes,3341,0
7,port_flow_bytes,3342,0
7,port_flow_bytes,3343,0
7,port_flow_bytes,3344,0
7,port_flow_bytes,3345,0
7,port_flow_bytes,3346,0
7,port_flow_bytes,3347,0
7,port_flow_bytes,3348,0
7,port_flow_bytes,3349,0
7,port_flow_bytes,3350,0
7,port_flow_bytes,3351,0
7,port_flow_bytes,3352,0
7,port_flow_bytes,3353,0
7,port_flow_bytes,3354,0
7,port_flow_bytes,3355,0
7,port_flow_bytes,3356,0
7,port_flow_bytes,3357,0
7,port_flow_bytes,3358,0
7,port_flow_bytes,3359,0
7,port_flow_bytes,3360,0
7,port_flow_bytes,3361,0
7,port_flow_bytes,3362,0
7,port_flow_bytes,3363,0
7,port_flow_bytes,3364,0
7,port_flow_bytes,3365,0
7,port_flow_bytes,3366,0
7,port_flow_bytes,3367,0
7,port_flow_bytes,3368,0
7,port_flow_bytes,3369,0
7,port_flow_bytes,3370,0
7,port_flow_bytes,3371,0
7,port_flow_bytes,3372,0
7,port_flow_bytes,3373,0
7,port_flow_bytes,3374,0
7,port_flow_bytes,3375,0
7,port_flow_bytes,3376,0
7,port_flow_bytes,3377,0
7,port_flow_bytes,3378,0
7,port_flow_bytes,3379,0
7,port_flow_bytes,3380,0
7,port_flow_bytes,3381,0
7,port_flow_bytes,3382,0
7,port_flow_bytes,3383,0
7,port_flow_bytes,3384,0
7,port_flow_bytes,3385,0
7,port_flow_bytes,3386,0
7,port_flow_bytes,3387,0
7,port_flow_bytes,3388,0
7,port_flow_bytes,3389,0
7,port_flow_bytes,3390,0
7,port_flow_bytes,3391,0
7,port_flow_bytes,3392,0
7,port_flow_bytes,3393,0
7,port_flow_bytes,3394,0
7,port_flow_bytes,3395,0
7,port_flow_bytes,3396,0
7,port_flow_bytes,3397,0
7,port_flow_bytes,3398,0
7,port_flow_bytes,3399,0
7,port_flow_bytes,3400,0
7,port_flow_bytes,3401,0
7,port_flow_bytes,3402,0
7,port_flow_bytes,3403,0
7,port_flow_bytes,3404,0
7,port_flow_bytes,3405,0
7,port_flow_bytes,3406,0
7,port_flow_bytes,3407,0
7,port_flow_bytes,3408,0
7,port_flow_bytes,3409,0
7,port_flow_bytes,3410,0
7,port_flow_bytes,3411,0
7,port_flow_bytes,3412,0
7,port_flow_bytes,3413,0
7,port_flow_bytes,3414,0
7,port_flow_bytes,3415,0
7,port_flow_bytes,3416,0
7,port_flow_bytes,3417,0
7,port_flow_bytes,3418,0
7,port_flow_bytes,3419,0
7,port_flow_bytes,3420,0
7,port_flow_bytes,3421,0
7,port_flow_bytes,3422,0
7,port_flow_bytes,3423,0
7,port_flow_bytes,3424,0
7,port_flow_bytes,3425,0
7,port_flow_bytes,3426,0
7,port_flow_bytes,3427,0
7,port_flow_bytes,3428,0
7,port_flow_bytes,3429,0
7,port_flow_bytes,3430,0
7,port_flow_bytes,3431,0
7,port_flow_bytes,3432,0
7,port_flow_bytes,3433,0
7,port_flow_bytes,3434,0
7,port_flow_bytes,3435,0
7,port_flow_bytes,3436,0
7,port_flow_bytes,3437,0
7,port_flow_bytes,3438,0
7,port_flow_bytes,3439,0
7,port_flow_bytes,3440,0
7,port_flow_bytes,3441,0
7,port_flow_bytes,3442,0
7,port_flow_bytes,3443,0
7,port_flow_bytes,3444,0
7,port_flow_bytes,3445,0
7,port_flow_bytes,3446,0
7,port_flow_bytes,3447,0
7,port_flow_bytes,3448,0
7,port_flow_bytes,3449,0
7,port_flow_bytes,3450,0
7,port_flow_bytes,3451,0
7,port_flow_bytes,3452,0
7,port_flow_bytes,3453,0
7,port_flow_bytes,3454,0
7,port_flow_bytes,3455,0
7,port_flow_bytes,3456,0
7,port_flow_bytes,3457,0
7,port_flow_bytes,3458,0
7,port_flow_bytes,3459,0
7,port_flow_bytes,3460,0
7,port_flow_bytes,3461,0
7,port_flow_bytes,3462,0
7,port_flow_bytes,3463,0
7,port_flow_bytes,3464,0
7,port_flow_bytes,3465,0
7,port_flow_bytes,3466,0
7,port_flow_bytes,3467,0
7,port_flow_bytes,3468,0
7,port_flow_bytes,3469,0
7,port_flow_bytes,3470,0
7,port_flow_bytes,3471,0
7,port_flow_bytes,3472,0
7,port_flow_bytes,3473,0
7,port_flow_bytes,3474,0
7,port_flow_bytes,3475,0
7,port_flow_bytes,3476,0
7,port_flow_bytes,3477,0
7,port_flow_bytes,3478,0
7,port_flow_bytes,3479,0
7,port_flow_bytes,3480,0
7,port_flow_bytes,3481,0
7,port_flow_bytes,3482,0
7,port_flow_bytes,3483,0
7,port_flow_bytes,3484,0
7,port_flow_bytes,3485,0
7,port_flow_bytes,3486,0
7,port_flow_bytes,3487,0
7,port_flow_bytes,3488,0
7,port_flow_bytes,3489,0
7,port_flow_bytes,3490,0
7,port_flow_bytes,3491,0
7,port_flow_bytes,3492,0
7,port_flow_bytes,3493,0
7,port_flow_bytes,3494,0
7,port_flow_bytes,3495,0
7,port_flow_bytes,3496,0
7,port_flow_bytes,3497,0
7,port_flow_bytes,3498,0
7,port_flow_bytes,3499,0
7,port_flow_bytes,3500,0
7,port_flow_bytes,3501,0
7,port_flow_bytes,3502,0
7,port_flow_bytes,3503,0
7,port_flow_bytes,3504,0
7,port_flow_bytes,3505,0
7,port_flow_bytes,3506,0
7,port_flow_bytes,3507,0
7,port_flow_bytes,3508,0
7,port_flow_bytes,3509,0
7,port_flow_bytes,3510,0
7,port_flow_bytes,3511,0
7,port_flow_bytes,3512,0
7,port_flow_bytes,3513,0
7,port_flow_bytes,3514,0
7,port_flow_bytes,3515,0
7,port_flow_bytes,3516,0
7,port_flow_bytes,3517,0
7,port_flow_bytes,3518,0
7,port_flow_bytes,3519,0
7,port_flow_bytes,3520,0
7,port_flow_bytes,3521,0
7,port_flow_bytes,3522,0
7,port_flow_bytes,3523,0
7,port_flow_bytes,3524,0
7,port_flow_bytes,3525,0
7,port_flow_bytes,3526,0
7,port_flow_bytes,3527,0
7,port_flow_bytes,3528,0
7,port_flow_bytes,3529,0
7,port_flow_bytes,3530,0
7,port_flow_bytes,3531,0
7,port_flow_bytes,3532,0
7,port_flow_bytes,3533,0
7,port_flow_bytes,3534,0
7,port_flow_bytes,3535,0
7,port_flow_bytes,3536,0
7,port_flow_bytes,3537,0
7,port_flow_bytes,3538,0
7,port_flow_bytes,3539,0
7,port_flow_bytes,3540,0
7,port_flow_bytes,3541,0
7,port_flow_bytes,3542,0
7,port_flow_bytes,3543,0
7,port_flow_bytes,3544,0
7,port_flow_bytes,3545,0
7,port_flow_bytes,3546,0
7,port_flow_bytes,3547,0
7,port_flow_bytes,3548,0
7,port_flow_bytes,3549,0
7,port_flow_bytes,3550,0
7,port_flow_bytes,3551,0
7,port_flow_bytes,3552,0
7,port_flow_bytes,3553,0
7,port_flow_bytes,3554,0
7,port_flow_bytes,3555,0
7,port_flow_bytes,3556,0
7,port_flow_bytes,3557,0
7,port_flow_bytes,3558,0
7,port_flow_bytes,3559,0
7,port_flow_bytes,3560,0
7,port_flow_bytes,3561,0
7,port_flow_bytes,3562,0
7,port_flow_bytes,3563,0
7,port_flow_bytes,3564,0
7,port_flow_bytes,3565,0
7,port_flow_bytes,3566,0
7,port_flow_bytes,3567,0
7,port_flow_bytes,3568,0
7,port_flow_bytes,3569,0
7,port_flow_bytes,3570,0
7,port_flow_bytes,3571,0
7,port_flow_bytes,3572,0
7,port_flow_bytes,3573,0
7,port_flow_bytes,3574,0
7,port_flow_bytes,3575,0
7,port_flow_bytes,3576,0
7,port_flow_bytes,3577,0
7,port_flow_bytes,3578,0
7,port_flow_bytes,3579,0
7,port_flow_bytes,3580,0
7,port_flow_bytes,3581,0
7,port_flow_bytes,3582,0
7,port_flow_bytes,3583,0
7,port_flow_bytes,3584,0
7,port_flow_bytes,3585,0
7,port_flow_bytes,3586,0
7,port_flow_bytes,3587,0
7,port_flow_bytes,3588,0
7,port_flow_bytes,3589,0
7,port_flow_bytes,3590,0
7,port_flow_bytes,3591,0
7,port_flow_bytes,3592,0
7,port_flow_bytes,3593,0
7,port_flow_bytes,3594,0
7,port_flow_bytes,3595,0
7,port_flow_bytes,3596,0
7,port_flow_bytes,3597,0
7,port_flow_bytes,3598,0
7,port_flow_bytes,3599,0
7,port_flow_bytes,3600,0
7,port_flow_bytes,3601,0
7,port_flow_bytes,3602,0
7,port_flow_bytes,3603,0
7,port_flow_bytes,3604,0
7,port_flow_bytes,3605,0
7,port_flow_bytes,3606,0
7,port_flow_bytes,3607,0
7,port_flow_bytes,3608,0
7,port_flow_bytes,3609,0
7,port_flow_bytes,3610,0
7,port_flow_bytes,3611,0
7,port_flow_bytes,3612,0
7,port_flow_bytes,3613,0
7,port_flow_bytes,3614,0
7,port_flow_bytes,3615,0
7,port_flow_bytes,3616,0
7,port_flow_bytes,3617,0
7,port_flow_bytes,3618,0
7,port_flow_bytes,3619,0
7,port_flow_bytes,3620,0
7,port_flow_bytes,3621,0
7,port_flow_bytes,3622,0
7,port_flow_bytes,3623,0
7,port_flow_bytes,3624,0
7,port_flow_bytes,3625,0
7,port_flow_bytes,3626,0
7,port_flow_bytes,3627,0
7,port_flow_bytes,3628,0
7,port_flow_bytes,3629,0
7,port_flow_bytes,3630,0
7,port_flow_bytes,3631,0
7,port_flow_bytes,3632,0
7,port_flow_bytes,3633,0
7,port_flow_bytes,3634,0
7,port_flow_bytes,3635,0
7,port_flow_bytes,3636,0
7,port_flow_bytes,3637,0
7,port_flow_bytes,3638,0
7,port_flow_bytes,3639,0
7,port_flow_bytes,3640,0
7,port_flow_bytes,3641,0
7,port_flow_bytes,3642,0
7,port_flow_bytes,3643,0
7,port_flow_bytes,3644,0
7,port_flow_bytes,3645,0
7,port_flow_bytes,3646,0
7,port_flow_bytes,3647,0
7,port_flow_bytes,3648,0
7,port_flow_bytes,3649,0
7,port_flow_bytes,3650,0
7,port_flow_bytes,3651,0
7,port_flow_bytes,3652,0
7,port_flow_bytes,3653,0
7,port_flow_bytes,3654,0
7,port_flow_bytes,3655,0
7,port_flow_bytes,3656,0
7,port_flow_bytes,3657,0
7,port_flow_bytes,3658,0
7,port_flow_bytes,3659,0
7,port_flow_bytes,3660,0
7,port_flow_bytes,3661,0
7,port_flow_bytes,3662,0
7,port_flow_bytes,3663,0
7,port_flow_bytes,3664,0
7,port_flow_bytes,3665,0
7,port_flow_bytes,3666,0
7,port_flow_bytes,3667,0
7,port_flow_bytes,3668,0
7,port_flow_bytes,3669,0
7,port_flow_bytes,3670,0
7,port_flow_bytes,3671,0
7,port_flow_bytes,3672,0
7,port_flow_bytes,3673,0
7,port_flow_bytes,3674,0
7,port_flow_bytes,3675,0
7,port_flow_bytes,3676,0
7,port_flow_bytes,3677,0
7,port_flow_bytes,3678,0
7,port_flow_bytes,3679,0
7,port_flow_bytes,3680,0
7,port_flow_bytes,3681,0
7,port_flow_bytes,3682,0
7,port_flow_bytes,3683,0
7,port_flow_bytes,3684,0
7,port_flow_bytes,3685,0
7,port_flow_bytes,3686,0
7,port_flow_bytes,3687,0
7,port_flow_bytes,3688,0
7,port_flow_bytes,3689,0
7,port_flow_bytes,3690,0
7,port_flow_bytes,3691,0
7,port_flow_bytes,3692,0
7,port_flow_bytes,3693,0
7,port_flow_bytes,3694,0
7,port_flow_bytes,3695,0
7,port_flow_bytes,3696,0
7,port_flow_bytes,3697,0
7,port_flow_bytes,3698,0
7,port_flow_bytes,3699,0
7,port_flow_bytes,3700,0
7,port_flow_bytes,3701,0
7,port_flow_bytes,3702,0
7,port_flow_bytes,3703,0
7,port_flow_bytes,3704,0
7,port_flow_bytes,3705,0
7,port_flow_bytes,3706,0
7,port_flow_bytes,3707,0
7,port_flow_bytes,3708,0
7,port_flow_bytes,3709,0
7,port_flow_bytes,3710,0
7,port_flow_bytes,3711,0
7,port_flow_bytes,3712,0
7,port_flow_bytes,3713,0
7,port_flow_bytes,3714,0
7,port_flow_bytes,3715,0
7,port_flow_bytes,3716,0
7,port_flow_bytes,3717,0
7,port_flow_bytes,3718,0
7,port_flow_bytes,3719,0
7,port_flow_bytes,3720,0
7,port_flow_bytes,3721,0
7,port_flow_bytes,3722,0
7,port_flow_bytes,3723,0
7,port_flow_bytes,3724,0
7,port_flow_bytes,3725,0
7,port_flow_bytes,3726,0
7,port_flow_bytes,3727,0
7,port_flow_bytes,3728,0
7,port_flow_bytes,3729,0
7,port_flow_bytes,3730,0
7,port_flow_bytes,3731,0
7,port_flow_bytes,3732,0
7,port_flow_bytes,3733,0
7,port_flow_bytes,3734,0
7,port_flow_bytes,3735,0
7,port_flow_bytes,3736,0
7,port_flow_bytes,3737,0
7,port_flow_bytes,3738,0
7,port_flow_bytes,3739,0
7,port_flow_bytes,3740,0
7,port_flow_bytes,3741,0
7,port_flow_bytes,3742,0
7,port_flow_bytes,3743,0
7,port_flow_bytes,3744,0
7,port_flow_bytes,3745,0
7,port_flow_bytes,3746,0
7,port_flow_bytes,3747,0
7,port_flow_bytes,3748,0
7,port_flow_bytes,3749,0
7,port_flow_bytes,3750,0
7,port_flow_bytes,3751,0
7,port_flow_bytes,3752,0
7,port_flow_bytes,3753,0
7,port_flow_bytes,3754,0
7,port_flow_bytes,3755,0
7,port_flow_bytes,3756,0
7,port_flow_bytes,3757,0
7,port_flow_bytes,3758,0
7,port_flow_bytes,3759,0
7,port_flow_bytes,3760,0
7,port_flow_bytes,3761,0
7,port_flow_bytes,3762,0
7,port_flow_bytes,3763,0
7,port_flow_bytes,3764,0
7,port_flow_bytes,3765,0
7,port_flow_bytes,3766,0
7,port_flow_bytes,3767,0
7,port_flow_bytes,3768,0
7,port_flow_bytes,3769,0
7,port_flow_bytes,3770,0
7,port_flow_bytes,3771,0
7,port_flow_bytes,3772,0
7,port_flow_bytes,3773,0
7,port_flow_bytes,3774,0
7,port_flow_bytes,3775,0
7,port_flow_bytes,3776,0
7,port_flow_bytes,3777,0
7,port_flow_bytes,3778,0
7,port_flow_bytes,3779,0
7,port_flow_bytes,3780,0
7,port_flow_bytes,3781,0
7,port_flow_bytes,3782,0
7,port_flow_bytes,3783,0
7,port_flow_bytes,3784,0
7,port_flow_bytes,3785,0
7,port_flow_bytes,3786,0
7,port_flow_bytes,3787,0
7,port_flow_bytes,3788,0
7,port_flow_bytes,3789,0
7,port_flow_bytes,3790,0
7,port_flow_bytes,3791,0
7,port_flow_bytes,3792,0
7,port_flow_bytes,3793,0
7,port_flow_bytes,3794,0
7,port_flow_bytes,3795,0
7,port_flow_bytes,3796,0
7,port_flow_bytes,3797,0
7,port_flow_bytes,3798,0
7,port_flow_bytes,3799,0
7,port_flow_bytes,3800,0
7,port_flow_bytes,3801,0
7,port_flow_bytes,3802,0
7,port_flow_bytes,3803,0
7,port_flow_bytes,3804,0
7,port_flow_bytes,3805,0
7,port_flow_bytes,3806,0
7,port_flow_bytes,3807,0
7,port_flow_bytes,3808,0
7,port_flow_bytes,3809,0
7,port_flow_bytes,3810,0
7,port_flow_bytes,3811,0
7,port_flow_bytes,3812,0
7,port_flow_bytes,3813,0
7,port_flow_bytes,3814,0
7,port_flow_bytes,3815,0
7,port_flow_bytes,3816,0
7,port_flow_bytes,3817,0
7,port_flow_bytes,3818,0
7,port_flow_bytes,3819,0
7,port_flow_bytes,3820,0
7,port_flow_bytes,3821,0
7,port_flow_bytes,3822,0
7,port_flow_bytes,3823,0
7,port_flow_bytes,3824,0
7,port_flow_bytes,3825,0
7,port_flow_bytes,3826,0
7,port_flow_bytes,3827,0
7,port_flow_bytes,3828,0
7,port_flow_bytes,3829,0
7,port_flow_bytes,3830,0
7,port_flow_bytes,3831,0
7,port_flow_bytes,3832,0
7,port_flow_bytes,3833,0
7,port_flow_bytes,3834,0
7,port_flow_bytes,3835,0
7,port_flow_bytes,3836,0
7,port_flow_bytes,3837,0
7,port_flow_bytes,3838,0
7,port_flow_bytes,3839,0
7,port_flow_bytes,3840,0
7,port_flow_bytes,3841,0
7,port_flow_bytes,3842,0
7,port_flow_bytes,3843,0
7,port_flow_bytes,3844,0
7,port_flow_bytes,3845,0
7,port_flow_bytes,3846,0
7,port_flow_bytes,3847,0
7,port_flow_bytes,3848,0
7,port_flow_bytes,3849,0
7,port_flow_bytes,3850,0
7,port_flow_bytes,3851,0
7,port_flow_bytes,3852,0
7,port_flow_bytes,3853,0
7,port_flow_bytes,3854,0
7,port_flow_bytes,3855,0
7,port_flow_bytes,3856,0
7,port_flow_bytes,3857,0
7,port_flow_bytes,3858,0
7,port_flow_bytes,3859,0
7,port_flow_bytes,3860,0
7,port_flow_bytes,3861,0
7,port_flow_bytes,3862,0
7,port_flow_bytes,3863,0
7,port_flow_bytes,3864,0
7,port_flow_bytes,3865,0
7,port_flow_bytes,3866,0
7,port_flow_bytes,3867,0
7,port_flow_bytes,3868,0
7,port_flow_bytes,3869,0
7,port_flow_bytes,3870,0
7,port_flow_bytes,3871,0
7,port_flow_bytes,3872,0
7,port_flow_bytes,3873,0
7,port_flow_bytes,3874,0
7,port_flow_bytes,3875,0
7,port_flow_bytes,3876,0
7,port_flow_bytes,3877,0
7,port_flow_bytes,3878,0
7,port_flow_bytes,3879,0
7,port_flow_bytes,3880,0
7,port_flow_bytes,3881,0
7,port_flow_bytes,3882,0
7,port_flow_bytes,3883,0
7,port_flow_bytes,3884,0
7,port_flow_bytes,3885,0
7,port_flow_bytes,3886,0
7,port_flow_bytes,3887,0
7,port_flow_bytes,3888,0
7,port_flow_bytes,3889,0
7,port_flow_bytes,3890,0
7,port_flow_bytes,3891,0
7,port_flow_bytes,3892,0
7,port_flow_bytes,3893,0
7,port_flow_bytes,3894,0
7,port_flow_bytes,3895,0
7,port_flow_bytes,3896,0
7,port_flow_bytes,3897,0
7,port_flow_bytes,3898,0
7,port_flow_bytes,3899,0
7,port_flow_bytes,3900,0
7,port_flow_bytes,3901,0
7,port_flow_bytes,3902,0
7,port_flow_bytes,3903,0
7,port_flow_bytes,3904,0
7,port_flow_bytes,3905,0
7,port_flow_bytes,3906,0
7,port_flow_bytes,3907,0
7,port_flow_bytes,3908,0
7,port_flow_bytes,3909,0
7,port_flow_bytes,3910,0
7,port_flow_bytes,3911,0
7,port_flow_bytes,3912,0
7,port_flow_bytes,3913,0
7,port_flow_bytes,3914,0
7,port_flow_bytes,3915,0
7,port_flow_bytes,3916,0
7,port_flow_bytes,3917,0
7,port_flow_bytes,3918,0
7,port_flow_bytes,3919,0
7,port_flow_bytes,3920,0
7,port_flow_bytes,3921,0
7,port_flow_bytes,3922,0
7,port_flow_bytes,3923,0
7,port_flow_bytes,3924,0
7,port_flow_bytes,3925,0
7,port_flow_bytes,3926,0
7,port_flow_bytes,3927,0
7,port_flow_bytes,3928,0
7,port_flow_bytes,3929,0
7,port_flow_bytes,3930,0
7,port_flow_bytes,3931,0
7,port_flow_bytes,3932,0
7,port_flow_bytes,3933,0
7,port_flow_bytes,3934,0
7,port_flow_bytes,3935,0
7,port_flow_bytes,3936,0
7,port_flow_bytes,3937,0
7,port_flow_bytes,3938,0
7,port_flow_bytes,3939,0
7,port_flow_bytes,3940,0
7,port_flow_bytes,3941,0
7,port_flow_bytes,3942,0
7,port_flow_bytes,3943,0
7,port_flow_bytes,3944,0
7,port_flow_bytes,3945,0
7,port_flow_bytes,3946,0
7,port_flow_bytes,3947,0
7,port_flow_bytes,3948,0
7,port_flow_bytes,3949,0
7,port_flow_bytes,3950,0
7,port_flow_bytes,3951,0
7,port_flow_bytes,3952,0
7,port_flow_bytes,3953,0
7,port_flow_bytes,3954,0
7,port_flow_bytes,3955,0
7,port_flow_bytes,3956,0
7,port_flow_bytes,3957,0
7,port_flow_bytes,3958,0
7,port_flow_bytes,3959,0
7,port_flow_bytes,3960,0
7,port_flow_bytes,3961,0
7,port_flow_bytes,3962,0
7,port_flow_bytes,3963,0
7,port_flow_bytes,3964,0
7,port_flow_bytes,3965,0
7,port_flow_bytes,3966,0
7,port_flow_bytes,3967,0
7,port_flow_bytes,3968,0
7,port_flow_bytes,3969,0
7,port_flow_bytes,3970,0
7,port_flow_bytes,3971,0
7,port_flow_bytes,3972,0
7,port_flow_bytes,3973,0
7,port_flow_bytes,3974,0
7,port_flow_bytes,3975,0
7,port_flow_bytes,3976,0
7,port_flow_bytes,3977,0
7,port_flow_bytes,3978,0
7,port_flow_bytes,3979,0
7,port_flow_bytes,3980,0
7,port_flow_bytes,3981,0
7,port_flow_bytes,3982,0
7,port_flow_bytes,3983,0
7,port_flow_bytes,3984,0
7,port_flow_bytes,3985,0
7,port_flow_bytes,3986,0
7,port_flow_bytes,3987,0
7,port_flow_bytes,3988,0
7,port_flow_bytes,3989,0
7,port_flow_bytes,3990,0
7,port_flow_bytes,3991,0
7,port_flow_bytes,3992,0
7,port_flow_bytes,3993,0
7,port_flow_bytes,3994,0
7,port_flow_bytes,3995,0
7,port_flow_bytes,3996,0
7,port_flow_bytes,3997,0
7,port_flow_bytes,3998,0
7,port_flow_bytes,3999,0
7,port_flow_bytes,4000,0
7,port_flow_bytes,4001,0
7,port_flow_bytes,4002,0
7,port_flow_bytes,4003,0
7,port_flow_bytes,4004,0
7,port_flow_bytes,4005,0
7,port_flow_bytes,4006,0
7,port_flow_bytes,4007,0
7,port_flow_bytes,4008,0
7,port_flow_bytes,4009,0
7,port_flow_bytes,4010,0
7,port_flow_bytes,4011,0
7,port_flow_bytes,4012,0
7,port_flow_bytes,4013,0
7,port_flow_bytes,4014,0
7,port_flow_bytes,4015,0
7,port_flow_bytes,4016,0
7,port_flow_bytes,4017,0
7,port_flow_bytes,4018,0
7,port_flow_bytes,4019,0
7,port_flow_bytes,4020,0
7,port_flow_bytes,4021,0
7,port_flow_bytes,4022,0
7,port_flow_bytes,4023,0
7,port_flow_bytes,4024,0
7,port_flow_bytes,4025,0
7,port_flow_bytes,4026,0
7,port_flow_bytes,4027,0
7,port_flow_bytes,4028,0
7,port_flow_bytes,4029,0
7,port_flow_bytes,4030,0
7,port_flow_bytes,4031,0
7,port_flow_bytes,4032,0
7,port_flow_bytes,4033,0
7,port_flow_bytes,4034,0
7,port_flow_bytes,4035,0
7,port_flow_bytes,4036,0
7,port_flow_bytes,4037,0
7,port_flow_bytes,4038,0
7,port_flow_bytes,4039,0
7,port_flow_bytes,4040,0
7,port_flow_bytes,4041,0
7,port_flow_bytes,4042,0
7,port_flow_bytes,4043,0
7,port_flow_bytes,4044,0
7,port_flow_bytes,4045,0
7,port_flow_bytes,4046,0
7,port_flow_bytes,4047,0
7,port_flow_bytes,4048,0
7,port_flow_bytes,4049,0
7,port_flow_bytes,4050,0
7,port_flow_bytes,4051,0
7,port_flow_bytes,4052,0
7,port_flow_bytes,4053,0
7,port_flow_bytes,4054,0
7,port_flow_bytes,4055,0
7,port_flow_bytes,4056,0
7,port_flow_bytes,4057,0
7,port_flow_bytes,4058,0
7,port_flow_bytes,4059,0
7,port_flow_bytes,4060,0
7,port_flow_bytes,4061,0
7,port_flow_bytes,4062,0
7,port_flow_bytes,4063,0
7,port_flow_bytes,4064,0
7,port_flow_bytes,4065,0
7,port_flow_bytes,4066,0
7,port_flow_bytes,4067,0
7,port_flow_bytes,4068,0
7,port_flow_bytes,4069,0
7,port_flow_bytes,4070,0
7,port_flow_bytes,4071,0
7,port_flow_bytes,4072,0
7,port_flow_bytes,4073,0
7,port_flow_bytes,4074,0
7,port_flow_bytes,4075,0
7,port_flow_bytes,4076,0
7,port_flow_bytes,4077,0
7,port_flow_bytes,4078,0
7,port_flow_bytes,4079,0
7,port_flow_bytes,4080,0
7,port_flow_bytes,4081,0
7,port_flow_bytes,4082,0
7,port_flow_bytes,4083,0
7,port_flow_bytes,4084,0
7,port_flow_bytes,4085,0
7,port_flow_bytes,4086,0
7,port_flow_bytes,4087,0
7,port_flow_bytes,4088,0
7,port_flow_bytes,4089,0
7,port_flow_bytes,4090,0
7,port_flow_bytes,4091,0
7,port_flow_bytes,4092,0
7,port_flow_bytes,4093,0
7,port_flow_bytes,4094,0
7,port_flow_bytes,4095,0
