time,flow_id,packet_id,size,sent_time,one_way_delay
1.000073386,65537,0,1000,1,7.33859999999531e-05
1.0000817259999999,65538,0,1000,1,8.1725999999893162e-05
1.000090046,65537,1,1000,1.0000100000000001,8.0045999999889261e-05
1.0000983859999999,65538,1,1000,1.0000100000000001,8.8385999999829323e-05
1.0001067260000001,65537,2,1000,1.0000199999999999,8.6726000000147963e-05
1.0001150560000001,65538,2,1000,1.0000199999999999,9.5056000000148799e-05
1.000123396,65537,3,1000,1.00003,9.3396000000023349e-05
1.000131726,65538,3,1000,1.00003,0.00010172600000002419
1.0001400659999999,65537,4,1000,1.00004,0.00010006599999989874
1.0001484060000001,65538,4,1000,1.00004,0.00010840600000006084
1.0001567360000001,65537,5,1000,1.0000500000000001,0.00010673599999999617
1.000165076,65538,5,1000,1.0000500000000001,0.00011507599999993623
1.000173406,65537,6,1000,1.0000599999999999,0.0001134060000000936
1.000181746,65538,6,1000,1.0000599999999999,0.00012174600000003366
1.0001900859999999,65537,7,1000,1.00007,0.00012008599999990821
1.0001984159999999,65538,7,1000,1.00007,0.00012841599999990905
1.0002067560000001,65537,8,1000,1.0000800000000001,0.00012675600000000564
1.0002150860000001,65538,8,1000,1.0000800000000001,0.00013508600000000648
1.000223426,65537,9,1000,1.0000899999999999,0.00013342600000010307
1.000231766,65538,9,1000,1.0000899999999999,0.00014176600000004314
1.000240096,65537,10,1000,1.0001,0.00014009599999997846
1.0002484359999999,65538,10,1000,1.0001,0.00014843599999991852
1.0002567659999999,65537,11,1000,1.0001100000000001,0.00014676599999985385
1.0002651060000001,65538,11,1000,1.0001100000000001,0.00015510600000001595
1.000273446,65537,12,1000,1.0001199999999999,0.00015344600000011255
1.000281776,65538,12,1000,1.0001199999999999,0.00016177600000011338
1.000290116,65537,13,1000,1.00013,0.00016011599999998793
1.000298446,65538,13,1000,1.00013,0.00016844599999998877
1.0003067859999999,65537,14,1000,1.00014,0.00016678599999986332
1.0003151260000001,65538,14,1000,1.00014,0.00017512600000002543
1.0003234560000001,65537,15,1000,1.0001500000000001,0.00017345599999996075
1.000331796,65538,15,1000,1.0001500000000001,0.00018179599999990081
1.000340126,65537,16,1000,1.0001599999999999,0.00018012600000005818
1.0003484659999999,65538,16,1000,1.0001599999999999,0.00018846599999999825
1.0003568060000001,65537,17,1000,1.00017,0.00018680600000009484
1.0003651360000001,65538,17,1000,1.00017,0.00019513600000009568
1.000373476,65537,18,1000,1.0001800000000001,0.00019347599999997023
1.000381806,65538,18,1000,1.0001800000000001,0.00020180599999997106
1.000390146,65537,19,1000,1.0001899999999999,0.00020014600000006766
1.0003984859999999,65538,19,1000,1.0001899999999999,0.00020848600000000772
1.0004068159999999,65537,20,1000,1.0002,0.00020681599999994305
1.0004151560000001,65538,20,1000,1.0002,0.00021515600000010515
1.0004234860000001,65537,21,1000,1.00021,0.00021348600000004048
1.000431826,65538,21,1000,1.00021,0.00022182599999998054
1.000440166,65537,22,1000,1.0002200000000001,0.00022016599999985509
1.000448496,65538,22,1000,1.0002200000000001,0.00022849599999985593
1.0004568359999999,65537,23,1000,1.00023,0.00022683599999995252
1.0004651659999999,65538,23,1000,1.00023,0.00023516599999995336
1.0004735060000001,65537,24,1000,1.00024,0.00023350600000004995
1.000481846,65538,24,1000,1.00024,0.00024184599999999001
1.000490176,65537,25,1000,1.0002500000000001,0.00024017599999992534
1.0004985159999999,65538,25,1000,1.0002500000000001,0.0002485159999998654
1.0005068459999999,65537,26,1000,1.0002599999999999,0.00024684600000002277
1.0005151859999999,65538,26,1000,1.0002599999999999,0.00025518599999996283
1.0005235260000001,65537,27,1000,1.00027,0.00025352600000005943
1.0005318560000001,65538,27,1000,1.00027,0.00026185600000006026
1.000540196,65537,28,1000,1.0002800000000001,0.00026019599999993481
1.000548526,65538,28,1000,1.0002800000000001,0.00026852599999993565
1.0005568659999999,65537,29,1000,1.0002899999999999,0.00026686600000003224
1.0005652060000001,65538,29,1000,1.0002899999999999,0.00027520600000019435
1.0005735360000001,65537,30,1000,1.0003,0.00027353600000012968
1.000581876,65538,30,1000,1.0003,0.00028187600000006974
1.000590206,65537,31,1000,1.00031,0.00028020600000000506
1.000598546,65538,31,1000,1.00031,0.00028854599999994512
1.0006068859999999,65537,32,1000,1.0003200000000001,0.00028688599999981967
1.0006152159999999,65538,32,1000,1.0003200000000001,0.00029521599999982051
1.0006235560000001,65537,33,1000,1.0003299999999999,0.00029355600000013915
1.0006318860000001,65538,33,1000,1.0003299999999999,0.00030188600000013999
1.000640226,65537,34,1000,1.00034,0.00030022600000001454
1.000648566,65538,34,1000,1.00034,0.0003085659999999546
1.000656896,65537,35,1000,1.0003500000000001,0.00030689599999988992
1.0006652359999999,65538,35,1000,1.0003500000000001,0.00031523599999982999
1.0006735659999999,65537,36,1000,1.0003599999999999,0.00031356599999998735
1.0006819060000001,65538,36,1000,1.0003599999999999,0.00032190600000014946
1.000690246,65537,37,1000,1.00037,0.00032024600000002401
1.000698576,65538,37,1000,1.00037,0.00032857600000002485
1.0007069159999999,65537,38,1000,1.00038,0.0003269159999998994
1.0007152459999999,65538,38,1000,1.00038,0.00033524599999990023
1.0007235860000001,65537,39,1000,1.0003899999999999,0.00033358600000021887
1.000731926,65538,39,1000,1.0003899999999999,0.00034192600000015894
1.0007402560000001,65537,40,1000,1.0004,0.00034025600000009426
1.000748596,65538,40,1000,1.0004,0.00034859600000003432
1.000756926,65537,41,1000,1.00041,0.00034692599999996965
1.0007652659999999,65538,41,1000,1.00041,0.00035526599999990971
1.0007736060000001,65537,42,1000,1.0004200000000001,0.0003536060000000063
1.0007819360000001,65538,42,1000,1.0004200000000001,0.00036193600000000714
1.000790276,65537,43,1000,1.0004299999999999,0.00036027600000010374
1.000798606,65538,43,1000,1.0004299999999999,0.00036860600000010457
1.000806946,65537,44,1000,1.00044,0.00036694599999997912
1.0008152859999999,65538,44,1000,1.00044,0.00037528599999991918
1.0008236159999999,65537,45,1000,1.0004500000000001,0.00037361599999985451
1.0008319560000001,65538,45,1000,1.0004500000000001,0.00038195600000001662
1.0008402860000001,65537,46,1000,1.0004599999999999,0.00038028600000017398
1.000848626,65538,46,1000,1.0004599999999999,0.00038862600000011405
1.000856966,65537,47,1000,1.00047,0.0003869659999999886
1.000865296,65538,47,1000,1.00047,0.00039529599999998943
1.0008736359999999,65537,48,1000,1.00048,0.00039363599999986398
1.0008819659999999,65538,48,1000,1.00048,0.00040196599999986482
1.0008903060000001,65537,49,1000,1.0004900000000001,0.00040030599999996141
1.000898646,65538,49,1000,1.0004900000000001,0.00040864599999990148
1.000906976,65537,50,1000,1.0004999999999999,0.00040697600000005885
1.0009153159999999,65538,50,1000,1.0004999999999999,0.00041531599999999891
1.0009236459999999,65537,51,1000,1.00051,0.00041364599999993423
1.0009319860000001,65538,51,1000,1.00051,0.00042198600000009634
1.000940326,65537,52,1000,1.0005200000000001,0.00042032599999997089
1.000948656,65538,52,1000,1.0005200000000001,0.00042865599999997173
1.000956996,65537,53,1000,1.0005299999999999,0.00042699600000006832
1.000965326,65538,53,1000,1.0005299999999999,0.00043532600000006916
1.0009736659999999,65537,54,1000,1.00054,0.00043366599999994371
1.0009820060000001,65538,54,1000,1.00054,0.00044200600000010581
1.0009903360000001,65537,55,1000,1.0005500000000001,0.00044033600000004114
1.000998676,65538,55,1000,1.0005500000000001,0.0004486759999999812
1.001007006,65537,56,1000,1.0005599999999999,0.00044700600000013857
1.001015346,65538,56,1000,1.0005599999999999,0.00045534600000007863
1.0010236859999999,65537,57,1000,1.00057,0.00045368599999995318
1.0010320159999999,65538,57,1000,1.00057,0.00046201599999995402
1.0010403560000001,65537,58,1000,1.00058,0.00046035600000005061
1.0010486860000001,65538,58,1000,1.00058,0.00046868600000005145
1.001057026,65537,59,1000,1.0005900000000001,0.000467025999999926
1.001065366,65538,59,1000,1.0005900000000001,0.00047536599999986606
1.001073696,65537,60,1000,1.0005999999999999,0.00047369600000002343
1.0010820359999999,65538,60,1000,1.0005999999999999,0.00048203599999996349
1.0010903659999999,65537,61,1000,1.00061,0.00048036599999989882
1.0010987060000001,65538,61,1000,1.00061,0.00048870600000006093
1.001107046,65537,62,1000,1.0006200000000001,0.00048704599999993547
1.001115376,65538,62,1000,1.0006200000000001,0.00049537599999993631
1.0011237159999999,65537,63,1000,1.0006299999999999,0.00049371600000003291
1.0011320459999999,65538,63,1000,1.0006299999999999,0.00050204600000003374
1.0011403860000001,65537,64,1000,1.00064,0.00050038600000013034
1.001148726,65538,64,1000,1.00064,0.0005087260000000704
1.001157056,65537,65,1000,1.00065,0.00050705600000000572
1.001165396,65538,65,1000,1.00065,0.00051539599999994579
1.001173726,65537,66,1000,1.0006600000000001,0.00051372599999988111
1.0011820659999999,65538,66,1000,1.0006600000000001,0.00052206599999982117
1.0011904060000001,65537,67,1000,1.0006699999999999,0.00052040600000013981
1.0011987360000001,65538,67,1000,1.0006699999999999,0.00052873600000014065
1.001207076,65537,68,1000,1.00068,0.0005270760000000152
1.001215406,65538,68,1000,1.00068,0.00053540600000001604
1.001223746,65537,69,1000,1.0006900000000001,0.00053374599999989059
1.0012320859999999,65538,69,1000,1.0006900000000001,0.00054208599999983065
1.0012404159999999,65537,70,1000,1.0006999999999999,0.00054041599999998802
1.0012487560000001,65538,70,1000,1.0006999999999999,0.00054875600000015012
1.0012570860000001,65537,71,1000,1.00071,0.00054708600000008545
1.001265426,65538,71,1000,1.00071,0.00055542600000002551
1.001273766,65537,72,1000,1.0007200000000001,0.00055376599999990006
1.001282096,65538,72,1000,1.0007200000000001,0.0005620959999999009
1.0012904359999999,65537,73,1000,1.0007299999999999,0.00056043599999999749
1.0012987659999999,65538,73,1000,1.0007299999999999,0.00056876599999999833
1.0013071060000001,65537,74,1000,1.00074,0.00056710600000009492
1.001315446,65538,74,1000,1.00074,0.00057544600000003499
1.001323776,65537,75,1000,1.00075,0.00057377599999997031
1.0013321159999999,65538,75,1000,1.00075,0.00058211599999991037
1.0013404459999999,65537,76,1000,1.0007600000000001,0.0005804459999998457
1.0013487860000001,65538,76,1000,1.0007600000000001,0.0005887860000000078
1.001357126,65537,77,1000,1.0007699999999999,0.0005871260000001044
1.001365456,65538,77,1000,1.0007699999999999,0.00059545600000010523
1.001373796,65537,78,1000,1.00078,0.00059379599999997978
1.001382126,65538,78,1000,1.00078,0.00060212599999998062
1.0013904659999999,65537,79,1000,1.0007900000000001,0.00060046599999985517
1.0013988060000001,65538,79,1000,1.0007900000000001,0.00060880600000001728
1.0014071360000001,65537,80,1000,1.0007999999999999,0.00060713600000017465
1.001415476,65538,80,1000,1.0007999999999999,0.00061547600000011471
1.001423806,65537,81,1000,1.00081,0.00061380600000005003
1.001432146,65538,81,1000,1.00081,0.0006221459999999901
1.0014404859999999,65537,82,1000,1.00082,0.00062048599999986465
1.0014488159999999,65538,82,1000,1.00082,0.00062881599999986548
1.0014571560000001,65537,83,1000,1.0008300000000001,0.00062715599999996208
1.0014654860000001,65538,83,1000,1.0008300000000001,0.00063548599999996291
1.001473826,65537,84,1000,1.00084,0.00063382600000005951
1.001482166,65538,84,1000,1.00084,0.00064216599999999957
1.001490496,65537,85,1000,1.00085,0.0006404959999999349
1.0014988359999999,65538,85,1000,1.00085,0.00064883599999987496
1.0015071659999999,65537,86,1000,1.0008600000000001,0.00064716599999981028
1.0015155060000001,65538,86,1000,1.0008600000000001,0.00065550599999997239
1.001523846,65537,87,1000,1.0008699999999999,0.00065384600000006898
1.001532176,65538,87,1000,1.0008699999999999,0.00066217600000006982
1.0015405159999999,65537,88,1000,1.00088,0.00066051599999994437
1.0015488459999999,65538,88,1000,1.00088,0.00066884599999994521
1.0015571860000001,65537,89,1000,1.0008900000000001,0.0006671860000000418
1.001565526,65538,89,1000,1.0008900000000001,0.00067552599999998186
1.001573856,65537,90,1000,1.0008999999999999,0.00067385600000013923
1.001582196,65538,90,1000,1.0008999999999999,0.00068219600000007929
1.001590526,65537,91,1000,1.00091,0.00068052600000001462
1.0015988659999999,65538,91,1000,1.00091,0.00068886599999995468
1.0016072060000001,65537,92,1000,1.00092,0.00068720600000005128
1.0016155360000001,65538,92,1000,1.00092,0.00069553600000005211
1.001623876,65537,93,1000,1.0009300000000001,0.00069387599999992666
1.001632206,65538,93,1000,1.0009300000000001,0.0007022059999999275
1.001640546,65537,94,1000,1.0009399999999999,0.00070054600000002409
1.0016488859999999,65538,94,1000,1.0009399999999999,0.00070888599999996416
1.0016572159999999,65537,95,1000,1.00095,0.00070721599999989948
1.0016655560000001,65538,95,1000,1.00095,0.00071555600000006159
1.0016738860000001,65537,96,1000,1.0009600000000001,0.00071388599999999691
1.001682226,65538,96,1000,1.0009600000000001,0.00072222599999993697
1.0016905659999999,65537,97,1000,1.0009699999999999,0.00072056600000003357
1.0016988959999999,65538,97,1000,1.0009699999999999,0.00072889600000003441
1.0017072359999999,65537,98,1000,1.00098,0.00072723599999990896
1.0017155659999999,65538,98,1000,1.00098,0.00073556599999990979
1.0017239060000001,65537,99,1000,1.00099,0.00073390600000000639
1.001732246,65538,99,1000,1.00099,0.00074224599999994645
1.001740576,65537,100,1000,1.0009999999999999,0.00074057600000010382
1.0017489159999999,65538,100,1000,1.0009999999999999,0.00074891600000004388
1.0017572459999999,65537,101,1000,1.00101,0.0007472459999999792
1.0017655860000001,65538,101,1000,1.00101,0.00075558600000014131
1.001773926,65537,102,1000,1.00102,0.00075392600000001586
1.001782256,65538,102,1000,1.00102,0.0007622560000000167
1.001790596,65537,103,1000,1.0010300000000001,0.00076059599999989125
1.001798926,65538,103,1000,1.0010300000000001,0.00076892599999989208
1.0018072659999999,65537,104,1000,1.0010399999999999,0.00076726599999998868
1.0018156060000001,65538,104,1000,1.0010399999999999,0.00077560600000015079
1.0018239360000001,65537,105,1000,1.00105,0.00077393600000008611
1.001832276,65538,105,1000,1.00105,0.00078227600000002617
1.001840606,65537,106,1000,1.0010600000000001,0.0007806059999999615
1.001848946,65538,106,1000,1.0010600000000001,0.00078894599999990156
1.0018572859999999,65537,107,1000,1.0010699999999999,0.00078728599999999815
1.0018656159999999,65538,107,1000,1.0010699999999999,0.00079561599999999899
1.0018739560000001,65537,108,1000,1.00108,0.00079395600000009559
1.0018822860000001,65538,108,1000,1.00108,0.00080228600000009642
1.001890626,65537,109,1000,1.00109,0.00080062599999997097
1.0018989659999999,65538,109,1000,1.00109,0.00080896599999991103
1.0019072959999999,65537,110,1000,1.0011000000000001,0.00080729599999984636
1.0019156360000001,65538,110,1000,1.0011000000000001,0.00081563600000000847
1.0019239660000001,65537,111,1000,1.0011099999999999,0.00081396600000016583
1.0019323060000001,65538,111,1000,1.0011099999999999,0.0008223060000001059
1.001940646,65537,112,1000,1.00112,0.00082064599999998045
1.001948976,65538,112,1000,1.00112,0.00082897599999998128
1.0019573159999999,65537,113,1000,1.0011300000000001,0.00082731599999985583
1.0019656459999999,65538,113,1000,1.0011300000000001,0.00083564599999985667
1.0019739860000001,65537,114,1000,1.0011399999999999,0.00083398600000017531
1.001982326,65538,114,1000,1.0011399999999999,0.00084232600000011537
1.001990656,65537,115,1000,1.00115,0.0008406560000000507
1.001998996,65538,115,1000,1.00115,0.00084899599999999076
1.002007326,65537,116,1000,1.00116,0.00084732599999992608
1.0020156659999999,65538,116,1000,1.00116,0.00085566599999986614
1.0020240060000001,65537,117,1000,1.0011699999999999,0.00085400600000018478
1.0020323360000001,65538,117,1000,1.0011699999999999,0.00086233600000018562
1.002040676,65537,118,1000,1.00118,0.00086067600000006017
1.002049006,65538,118,1000,1.00118,0.00086900600000006101
1.002057346,65537,119,1000,1.00119,0.00086734599999993556
1.0020656859999999,65538,119,1000,1.00119,0.00087568599999987562
1.0020740159999999,65537,120,1000,1.0012000000000001,0.00087401599999981094
1.0020823560000001,65538,120,1000,1.0012000000000001,0.00088235599999997305
1.0020906860000001,65537,121,1000,1.0012099999999999,0.00088068600000013042
1.002099026,65538,121,1000,1.0012099999999999,0.00088902600000007048
1.0021073659999999,65537,122,1000,1.00122,0.00088736599999994503
1.0021156959999999,65538,122,1000,1.00122,0.00089569599999994587
1.0021240360000001,65537,123,1000,1.0012300000000001,0.00089403600000004246
1.0021323660000001,65538,123,1000,1.0012300000000001,0.0009023660000000433
1.002140706,65537,124,1000,1.0012399999999999,0.00090070600000013989
1.002149046,65538,124,1000,1.0012399999999999,0.00090904600000007996
1.002157376,65537,125,1000,1.00125,0.00090737600000001528
1.0021657159999999,65538,125,1000,1.00125,0.00091571599999995534
1.0021740459999999,65537,126,1000,1.00126,0.00091404599999989067
1.0021823860000001,65538,126,1000,1.00126,0.00092238600000005277
1.002190726,65537,127,1000,1.0012700000000001,0.00092072599999992732
1.002199056,65538,127,1000,1.0012700000000001,0.00092905599999992816
1.002207396,65537,128,1000,1.0012799999999999,0.00092739600000002476
1.002215726,65538,128,1000,1.0012799999999999,0.00093572600000002559
1.0022240659999999,65537,129,1000,1.00129,0.00093406599999990014
1.0022324060000001,65538,129,1000,1.00129,0.00094240600000006225
1.0022407360000001,65537,130,1000,1.0013000000000001,0.00094073599999999757
1.002249076,65538,130,1000,1.0013000000000001,0.00094907599999993764
1.002257406,65537,131,1000,1.0013099999999999,0.00094740600000009501
1.002265746,65538,131,1000,1.0013099999999999,0.00095574600000003507
1.0022740859999999,65537,132,1000,1.00132,0.00095408599999990962
1.0022824159999999,65538,132,1000,1.00132,0.00096241599999991045
1.0022907560000001,65537,133,1000,1.0013300000000001,0.00096075600000000705
1.0022990860000001,65538,133,1000,1.0013300000000001,0.00096908600000000789
1.002307426,65537,134,1000,1.0013399999999999,0.00096742600000010448
1.0023157659999999,65538,134,1000,1.0013399999999999,0.00097576600000004454
1.0023240959999999,65537,135,1000,1.00135,0.00097409599999997987
1.0023324360000001,65538,135,1000,1.00135,0.00098243600000014197
1.0023407660000001,65537,136,1000,1.00136,0.0009807660000000773
1.002349106,65538,136,1000,1.00136,0.00098910600000001736
1.002357446,65537,137,1000,1.0013700000000001,0.00098744599999989191
1.002365776,65538,137,1000,1.0013700000000001,0.00099577599999989275
1.0023741159999999,65537,138,1000,1.0013799999999999,0.00099411599999998934
1.0023824459999999,65538,138,1000,1.0013799999999999,0.0010024459999999902
1.0023907860000001,65537,139,1000,1.00139,0.0010007860000000868
1.002399126,65538,139,1000,1.00139,0.0010091260000000268
1.002407456,65537,140,1000,1.0014000000000001,0.0010074559999999622
1.002415796,65538,140,1000,1.0014000000000001,0.0010157959999999022
1.002424126,65537,141,1000,1.0014099999999999,0.0010141260000000596
1.0024324659999999,65538,141,1000,1.0014099999999999,0.0010224659999999997
1.0024408060000001,65537,142,1000,1.00142,0.0010208060000000962
1.0024491360000001,65538,142,1000,1.00142,0.0010291360000000971
1.002457476,65537,143,1000,1.00143,0.0010274759999999716
1.002465806,65538,143,1000,1.00143,0.0010358059999999725
1.002474146,65537,144,1000,1.0014400000000001,0.001034145999999847
1.0024824859999999,65538,144,1000,1.0014400000000001,0.0010424859999997871
1.0024908159999999,65537,145,1000,1.00145,0.0010408159999999445
1.0024991560000001,65538,145,1000,1.00145,0.0010491560000001066
1.0025074860000001,65537,146,1000,1.00146,0.0010474860000000419
1.002515826,65538,146,1000,1.00146,0.0010558259999999819
1.0025241659999999,65537,147,1000,1.0014700000000001,0.0010541659999998565
1.0025324959999999,65538,147,1000,1.0014700000000001,0.0010624959999998573
1.0025408360000001,65537,148,1000,1.0014799999999999,0.001060836000000176
1.0025491660000001,65538,148,1000,1.0014799999999999,0.0010691660000001768
1.002557506,65537,149,1000,1.00149,0.0010675060000000514
1.002565846,65538,149,1000,1.00149,0.0010758459999999914
1.002574176,65537,150,1000,1.0015000000000001,0.0010741759999999267
1.0025825159999999,65538,150,1000,1.0015000000000001,0.0010825159999998668
1.0025908459999999,65537,151,1000,1.0015099999999999,0.0010808460000000242
1.0025991860000001,65538,151,1000,1.0015099999999999,0.0010891860000001863
1.002607526,65537,152,1000,1.00152,0.0010875260000000608
1.002615856,65538,152,1000,1.00152,0.0010958560000000617
1.002624196,65537,153,1000,1.00153,0.0010941959999999362
1.002632526,65538,153,1000,1.00153,0.0011025259999999371
1.0026408659999999,65537,154,1000,1.0015400000000001,0.0011008659999998116
1.0026492060000001,65538,154,1000,1.0015400000000001,0.0011092059999999737
1.0026575360000001,65537,155,1000,1.0015499999999999,0.0011075360000001311
1.002665876,65538,155,1000,1.0015499999999999,0.0011158760000000711
1.002674206,65537,156,1000,1.00156,0.0011142060000000065
1.002682546,65538,156,1000,1.00156,0.0011225459999999465
1.0026908859999999,65537,157,1000,1.0015700000000001,0.0011208859999998211
1.0026992159999999,65538,157,1000,1.0015700000000001,0.0011292159999998219
1.0027075560000001,65537,158,1000,1.0015799999999999,0.0011275560000001406
1.0027158860000001,65538,158,1000,1.0015799999999999,0.0011358860000001414
1.002724226,65537,159,1000,1.00159,0.0011342260000000159
1.0027325659999999,65538,159,1000,1.00159,0.001142565999999956
1.0027408959999999,65537,160,1000,1.0016,0.0011408959999998913
1.0027492360000001,65538,160,1000,1.0016,0.0011492360000000534
1.0027575660000001,65537,161,1000,1.0016099999999999,0.0011475660000002108
1.002765906,65538,161,1000,1.0016099999999999,0.0011559060000001509
1.002774246,65537,162,1000,1.00162,0.0011542460000000254
1.002782576,65538,162,1000,1.00162,0.0011625760000000263
1.0027909159999999,65537,163,1000,1.00163,0.0011609159999999008
1.0027992459999999,65538,163,1000,1.00163,0.0011692459999999016
1.0028075860000001,65537,164,1000,1.0016400000000001,0.0011675859999999982
1.002815926,65538,164,1000,1.0016400000000001,0.0011759259999999383
1.002824256,65537,165,1000,1.0016499999999999,0.0011742560000000957
1.002832596,65538,165,1000,1.0016499999999999,0.0011825960000000357
1.002840926,65537,166,1000,1.00166,0.0011809259999999711
1.0028492659999999,65538,166,1000,1.00166,0.0011892659999999111
1.0028576060000001,65537,167,1000,1.0016700000000001,0.0011876060000000077
1.0028659360000001,65538,167,1000,1.0016700000000001,0.0011959360000000085
1.002874276,65537,168,1000,1.0016799999999999,0.0011942760000001051
1.002882606,65538,168,1000,1.0016799999999999,0.001202606000000106
1.0028909459999999,65537,169,1000,1.00169,0.0012009459999999805
1.0028992859999999,65538,169,1000,1.00169,0.0012092859999999206
1.0029076159999999,65537,170,1000,1.0017,0.0012076159999998559
1.0029159560000001,65538,170,1000,1.0017,0.001215956000000018
1.0029242860000001,65537,171,1000,1.0017100000000001,0.0012142859999999533
1.002932626,65538,171,1000,1.0017100000000001,0.0012226259999998934
1.0029409659999999,65537,172,1000,1.0017199999999999,0.00122096599999999
1.0029492959999999,65538,172,1000,1.0017199999999999,0.0012292959999999908
1.0029576360000001,65537,173,1000,1.00173,0.0012276360000000874
1.0029659660000001,65538,173,1000,1.00173,0.0012359660000000883
1.002974306,65537,174,1000,1.0017400000000001,0.0012343059999999628
1.002982646,65538,174,1000,1.0017400000000001,0.0012426459999999029
1.002990976,65537,175,1000,1.0017499999999999,0.0012409760000000603
1.0029993159999999,65538,175,1000,1.0017499999999999,0.0012493160000000003
1.0030076459999999,65537,176,1000,1.00176,0.0012476459999999356
1.0030159860000001,65538,176,1000,1.00176,0.0012559860000000977
1.003024326,65537,177,1000,1.00177,0.0012543259999999723
1.003032656,65538,177,1000,1.00177,0.0012626559999999731
1.003040996,65537,178,1000,1.0017799999999999,0.0012609960000000697
1.003049326,65538,178,1000,1.0017799999999999,0.0012693260000000706
1.0030576659999999,65537,179,1000,1.00179,0.0012676659999999451
1.0030660060000001,65538,179,1000,1.00179,0.0012760060000001072
1.0030743360000001,65537,180,1000,1.0018,0.0012743360000000425
1.003082676,65538,180,1000,1.0018,0.0012826759999999826
1.003091006,65537,181,1000,1.0018100000000001,0.0012810059999999179
1.0030993459999999,65538,181,1000,1.0018100000000001,0.001289345999999858
1.0031076860000001,65537,182,1000,1.0018199999999999,0.0012876860000001766
1.0031160160000001,65538,182,1000,1.0018199999999999,0.0012960160000001775
1.0031243560000001,65537,183,1000,1.00183,0.001294356000000052
1.0031326860000001,65538,183,1000,1.00183,0.0013026860000000529
1.003141026,65537,184,1000,1.0018400000000001,0.0013010259999999274
1.0031493659999999,65538,184,1000,1.0018400000000001,0.0013093659999998675
1.0031576959999999,65537,185,1000,1.0018499999999999,0.0013076960000000248
1.0031660360000001,65538,185,1000,1.0018499999999999,0.0013160360000001869
1.0031743660000001,65537,186,1000,1.00186,0.0013143660000001223
1.003182706,65538,186,1000,1.00186,0.0013227060000000623
1.003191046,65537,187,1000,1.00187,0.0013210459999999369
1.003199376,65538,187,1000,1.00187,0.0013293759999999377
1.0032077159999999,65537,188,1000,1.0018800000000001,0.0013277159999998123
1.0032160459999999,65538,188,1000,1.0018800000000001,0.0013360459999998131
1.0032243860000001,65537,189,1000,1.0018899999999999,0.0013343860000001317
1.003232726,65538,189,1000,1.0018899999999999,0.0013427260000000718
1.003241056,65537,190,1000,1.0019,0.0013410560000000071
1.003249396,65538,190,1000,1.0019,0.0013493959999999472
1.003257726,65537,191,1000,1.0019100000000001,0.0013477259999998825
1.0032660659999999,65538,191,1000,1.0019100000000001,0.0013560659999998226
1.0032744060000001,65537,192,1000,1.0019199999999999,0.0013544060000001412
1.0032827360000001,65538,192,1000,1.0019199999999999,0.0013627360000001421
1.003291076,65537,193,1000,1.00193,0.0013610760000000166
1.003299406,65538,193,1000,1.00193,0.0013694060000000174
1.0033077459999999,65537,194,1000,1.0019400000000001,0.001367745999999892
1.0033160860000001,65538,194,1000,1.0019400000000001,0.0013760860000000541
1.0033244160000001,65537,195,1000,1.0019499999999999,0.0013744160000002115
1.003332756,65538,195,1000,1.0019499999999999,0.0013827560000001515
1.003341086,65537,196,1000,1.00196,0.0013810860000000869
1.003349426,65538,196,1000,1.00196,0.0013894260000000269
1.0033577659999999,65537,197,1000,1.00197,0.0013877659999999015
1.0033660959999999,65538,197,1000,1.00197,0.0013960959999999023
1.0033744360000001,65537,198,1000,1.0019800000000001,0.0013944359999999989
1.0033827660000001,65538,198,1000,1.0019800000000001,0.0014027659999999997
1.003391106,65537,199,1000,1.0019899999999999,0.0014011060000000963
1.003399446,65538,199,1000,1.0019899999999999,0.0014094460000000364
1.003407776,65537,200,1000,1.002,0.0014077759999999717
1.0034161159999999,65538,200,1000,1.002,0.0014161159999999118
1.0034244459999999,65537,201,1000,1.0020100000000001,0.0014144459999998471
1.0034327860000001,65538,201,1000,1.0020100000000001,0.0014227860000000092
1.003441126,65537,202,1000,1.0020199999999999,0.0014211260000001058
1.003449456,65538,202,1000,1.0020199999999999,0.0014294560000001066
1.003457796,65537,203,1000,1.00203,0.0014277959999999812
1.003466126,65538,203,1000,1.00203,0.001436125999999982
1.0034744659999999,65537,204,1000,1.00204,0.0014344659999998566
1.0034828060000001,65538,204,1000,1.00204,0.0014428060000000187
1.0034911360000001,65537,205,1000,1.0020500000000001,0.001441135999999954
1.003499476,65538,205,1000,1.0020500000000001,0.0014494759999998941
1.003507806,65537,206,1000,1.00206,0.0014478060000000514
1.0035161459999999,65538,206,1000,1.00206,0.0014561459999999915
1.0035244860000001,65537,207,1000,1.00207,0.0014544860000000881
1.0035328160000001,65538,207,1000,1.00207,0.0014628160000000889
1.003541156,65537,208,1000,1.0020800000000001,0.0014611559999999635
1.003549486,65538,208,1000,1.0020800000000001,0.0014694859999999643
1.003557826,65537,209,1000,1.0020899999999999,0.0014678260000000609
1.0035661659999999,65538,209,1000,1.0020899999999999,0.001476166000000001
1.0035744959999999,65537,210,1000,1.0021,0.0014744959999999363
1.0035828360000001,65538,210,1000,1.0021,0.0014828360000000984
1.0035911660000001,65537,211,1000,1.0021100000000001,0.0014811660000000337
1.003599506,65538,211,1000,1.0021100000000001,0.0014895059999999738
1.003607846,65537,212,1000,1.0021199999999999,0.0014878460000000704
1.003616176,65538,212,1000,1.0021199999999999,0.0014961760000000712
1.0036245159999999,65537,213,1000,1.00213,0.0014945159999999458
1.0036328459999999,65538,213,1000,1.00213,0.0015028459999999466
1.0036411860000001,65537,214,1000,1.00214,0.0015011860000000432
1.003649526,65538,214,1000,1.00214,0.0015095259999999833
1.003657856,65537,215,1000,1.0021500000000001,0.0015078559999999186
1.003666196,65538,215,1000,1.0021500000000001,0.0015161959999998587
1.003674526,65537,216,1000,1.0021599999999999,0.001514526000000016
1.0036828659999999,65538,216,1000,1.0021599999999999,0.0015228659999999561
1.0036912060000001,65537,217,1000,1.00217,0.0015212060000000527
1.0036995360000001,65538,217,1000,1.00217,0.0015295360000000535
1.003707876,65537,218,1000,1.0021800000000001,0.0015278759999999281
1.003716206,65538,218,1000,1.0021800000000001,0.0015362059999999289
1.0037245459999999,65537,219,1000,1.0021899999999999,0.0015345460000000255
1.0037328860000001,65538,219,1000,1.0021899999999999,0.0015428860000001876
1.0037412160000001,65537,220,1000,1.0022,0.0015412160000001229
1.003749556,65538,220,1000,1.0022,0.001549556000000063
1.003757886,65537,221,1000,1.00221,0.0015478859999999983
1.003766226,65538,221,1000,1.00221,0.0015562259999999384
1.0037745659999999,65537,222,1000,1.0022200000000001,0.0015545659999998129
1.0037828959999999,65538,222,1000,1.0022200000000001,0.0015628959999998138
1.0037912360000001,65537,223,1000,1.00223,0.0015612360000001324
1.0037995660000001,65538,223,1000,1.00223,0.0015695660000001332
1.003807906,65537,224,1000,1.00224,0.0015679060000000078
1.003816246,65538,224,1000,1.00224,0.0015762459999999479
1.003824576,65537,225,1000,1.0022500000000001,0.0015745759999998832
1.0038329159999999,65538,225,1000,1.0022500000000001,0.0015829159999998232
1.0038412459999999,65537,226,1000,1.0022599999999999,0.0015812459999999806
1.0038495860000001,65538,226,1000,1.0022599999999999,0.0015895860000001427
1.003857926,65537,227,1000,1.00227,0.0015879260000000173
1.003866256,65538,227,1000,1.00227,0.0015962560000000181
1.003874596,65537,228,1000,1.0022800000000001,0.0015945959999998927
1.003882926,65538,228,1000,1.0022800000000001,0.0016029259999998935
1.0038912659999999,65537,229,1000,1.0022899999999999,0.0016012659999999901
1.0038996060000001,65538,229,1000,1.0022899999999999,0.0016096060000001522
1.0039079360000001,65537,230,1000,1.0023,0.0016079360000000875
1.003916276,65538,230,1000,1.0023,0.0016162760000000276
1.003924606,65537,231,1000,1.00231,0.0016146059999999629
1.0039329459999999,65538,231,1000,1.00231,0.001622945999999903
1.0039412860000001,65537,232,1000,1.0023200000000001,0.0016212859999999996
1.0039496160000001,65538,232,1000,1.0023200000000001,0.0016296160000000004
1.003957956,65537,233,1000,1.0023299999999999,0.001627956000000097
1.003966286,65538,233,1000,1.0023299999999999,0.0016362860000000978
1.003974626,65537,234,1000,1.00234,0.0016346259999999724
1.0039829659999999,65538,234,1000,1.00234,0.0016429659999999124
1.0039912959999999,65537,235,1000,1.0023500000000001,0.0016412959999998478
1.0039996360000001,65538,235,1000,1.0023500000000001,0.0016496360000000099
1.0040079660000001,65537,236,1000,1.0023599999999999,0.0016479660000001672
1.004016306,65538,236,1000,1.0023599999999999,0.0016563060000001073
1.004024646,65537,237,1000,1.00237,0.0016546459999999819
1.004032976,65538,237,1000,1.00237,0.0016629759999999827
1.0040413159999999,65537,238,1000,1.00238,0.0016613159999998572
1.0040496459999999,65538,238,1000,1.00238,0.0016696459999998581
1.0040579860000001,65537,239,1000,1.0023899999999999,0.0016679860000001767
1.004066326,65538,239,1000,1.0023899999999999,0.0016763260000001168
1.004074656,65537,240,1000,1.0024,0.0016746560000000521
1.0040829959999999,65538,240,1000,1.0024,0.0016829959999999922
1.004091326,65537,241,1000,1.00241,0.0016813259999999275
1.0040996659999999,65538,241,1000,1.00241,0.0016896659999998676
1.0041080060000001,65537,242,1000,1.0024200000000001,0.0016880059999999641
1.0041163360000001,65538,242,1000,1.0024200000000001,0.001696335999999965
1.004124676,65537,243,1000,1.0024299999999999,0.0016946760000000616
1.004133006,65538,243,1000,1.0024299999999999,0.0017030060000000624
1.0041413459999999,65537,244,1000,1.00244,0.001701345999999937
1.0041496860000001,65538,244,1000,1.00244,0.0017096860000000991
1.0041580160000001,65537,245,1000,1.0024500000000001,0.0017080160000000344
1.004166356,65538,245,1000,1.0024500000000001,0.0017163559999999745
1.004174686,65537,246,1000,1.0024599999999999,0.0017146860000001318
1.004183026,65538,246,1000,1.0024599999999999,0.0017230260000000719
1.0041913659999999,65537,247,1000,1.00247,0.0017213659999999464
1.0041996959999999,65538,247,1000,1.00247,0.0017296959999999473
1.0042080360000001,65537,248,1000,1.00248,0.0017280360000000439
1.0042163660000001,65538,248,1000,1.00248,0.0017363660000000447
1.004224706,65537,249,1000,1.0024900000000001,0.0017347059999999193
1.004233046,65538,249,1000,1.0024900000000001,0.0017430459999998593
1.004241376,65537,250,1000,1.0024999999999999,0.0017413760000000167
1.0042497159999999,65538,250,1000,1.0024999999999999,0.0017497159999999568
1.0042580459999999,65537,251,1000,1.00251,0.0017480459999998921
1.0042663860000001,65538,251,1000,1.00251,0.0017563860000000542
1.004274726,65537,252,1000,1.0025200000000001,0.0017547259999999287
1.004283056,65538,252,1000,1.0025200000000001,0.0017630559999999296
1.0042913959999999,65537,253,1000,1.0025299999999999,0.0017613960000000262
1.0042997259999999,65538,253,1000,1.0025299999999999,0.001769726000000027
1.0043080660000001,65537,254,1000,1.00254,0.0017680660000001236
1.0043164060000001,65538,254,1000,1.00254,0.0017764060000000637
1.0043247360000001,65537,255,1000,1.0025500000000001,0.001774735999999999
1.004333076,65538,255,1000,1.0025500000000001,0.001783075999999939
1.004341406,65537,256,1000,1.0025599999999999,0.0017814060000000964
1.0043497459999999,65538,256,1000,1.0025599999999999,0.0017897460000000365
1.0043580860000001,65537,257,1000,1.00257,0.0017880860000001331
1.0043664160000001,65538,257,1000,1.00257,0.0017964160000001339
1.004374756,65537,258,1000,1.00258,0.0017947560000000085
1.004383086,65538,258,1000,1.00258,0.0018030860000000093
1.004391426,65537,259,1000,1.0025900000000001,0.0018014259999998838
1.0043997659999999,65538,259,1000,1.0025900000000001,0.0018097659999998239
1.0044080959999999,65537,260,1000,1.0025999999999999,0.0018080959999999813
1.0044164360000001,65538,260,1000,1.0025999999999999,0.0018164360000001434
1.0044247660000001,65537,261,1000,1.00261,0.0018147660000000787
1.004433106,65538,261,1000,1.00261,0.0018231060000000188
1.004441446,65537,262,1000,1.0026200000000001,0.0018214459999998933
1.004449776,65538,262,1000,1.0026200000000001,0.0018297759999998942
1.0044581159999999,65537,263,1000,1.0026299999999999,0.0018281159999999907
1.0044664459999999,65538,263,1000,1.0026299999999999,0.0018364459999999916
1.0044747860000001,65537,264,1000,1.00264,0.0018347860000000882
1.004483126,65538,264,1000,1.00264,0.0018431260000000282
1.004491456,65537,265,1000,1.00265,0.0018414559999999636
1.0044997959999999,65538,265,1000,1.00265,0.0018497959999999036
1.0045081259999999,65537,266,1000,1.0026600000000001,0.001848125999999839
1.0045164660000001,65538,266,1000,1.0026600000000001,0.0018564660000000011
1.004524806,65537,267,1000,1.00267,0.0018548060000000977
1.004533136,65538,267,1000,1.00267,0.0018631360000000985
1.004541476,65537,268,1000,1.00268,0.001861475999999973
1.004549806,65538,268,1000,1.00268,0.0018698059999999739
1.0045581459999999,65537,269,1000,1.0026900000000001,0.0018681459999998484
1.0045664860000001,65538,269,1000,1.0026900000000001,0.0018764860000000105
1.0045748160000001,65537,270,1000,1.0026999999999999,0.0018748160000001679
1.004583156,65538,270,1000,1.0026999999999999,0.001883156000000108
1.004591486,65537,271,1000,1.00271,0.0018814860000000433
1.004599826,65538,271,1000,1.00271,0.0018898259999999834
1.0046081659999999,65537,272,1000,1.0027200000000001,0.0018881659999998579
1.0046164959999999,65538,272,1000,1.0027200000000001,0.0018964959999998587
1.0046248360000001,65537,273,1000,1.0027299999999999,0.0018948360000001774
1.0046331660000001,65538,273,1000,1.0027299999999999,0.0019031660000001782
1.004641506,65537,274,1000,1.00274,0.0019015060000000528
1.004649846,65538,274,1000,1.00274,0.0019098459999999928
1.004658176,65537,275,1000,1.00275,0.0019081759999999282
1.0046665159999999,65538,275,1000,1.00275,0.0019165159999998682
1.0046748459999999,65537,276,1000,1.0027600000000001,0.0019148459999998035
1.0046831860000001,65538,276,1000,1.0027600000000001,0.0019231859999999656
1.004691526,65537,277,1000,1.0027699999999999,0.0019215260000000622
1.004699856,65538,277,1000,1.0027699999999999,0.0019298560000000631
1.0047081959999999,65537,278,1000,1.00278,0.0019281959999999376
1.0047165259999999,65538,278,1000,1.00278,0.0019365259999999385
1.0047248660000001,65537,279,1000,1.0027900000000001,0.0019348660000000351
1.004733206,65538,279,1000,1.0027900000000001,0.0019432059999999751
1.004741536,65537,280,1000,1.0027999999999999,0.0019415360000001325
1.004749876,65538,280,1000,1.0027999999999999,0.0019498760000000726
1.004758206,65537,281,1000,1.00281,0.0019482060000000079
1.0047665459999999,65538,281,1000,1.00281,0.0019565459999999479
1.0047748860000001,65537,282,1000,1.00282,0.0019548860000000445
1.0047832160000001,65538,282,1000,1.00282,0.0019632160000000454
1.004791556,65537,283,1000,1.0028300000000001,0.0019615559999999199
1.004799886,65538,283,1000,1.0028300000000001,0.0019698859999999208
1.004808226,65537,284,1000,1.00284,0.0019682260000000174
1.0048165659999999,65538,284,1000,1.00284,0.0019765659999999574
1.0048248959999999,65537,285,1000,1.00285,0.0019748959999998927
1.0048332360000001,65538,285,1000,1.00285,0.0019832360000000548
1.0048415660000001,65537,286,1000,1.0028600000000001,0.0019815659999999902
1.004849906,65538,286,1000,1.0028600000000001,0.0019899059999999302
1.004858246,65537,287,1000,1.0028699999999999,0.0019882460000000268
1.004866576,65538,287,1000,1.0028699999999999,0.0019965760000000277
1.0048749159999999,65537,288,1000,1.00288,0.0019949159999999022
1.0048832459999999,65538,288,1000,1.00288,0.002003245999999903
1.0048915860000001,65537,289,1000,1.0028900000000001,0.0020015859999999996
1.004899926,65538,289,1000,1.0028900000000001,0.0020099259999999397
1.004908256,65537,290,1000,1.0028999999999999,0.0020082560000000971
1.0049165959999999,65538,290,1000,1.0028999999999999,0.0020165960000000371
1.0049249259999999,65537,291,1000,1.00291,0.0020149259999999725
1.0049332660000001,65538,291,1000,1.00291,0.0020232660000001346
1.004941606,65537,292,1000,1.00292,0.0020216060000000091
1.004949936,65538,292,1000,1.00292,0.00202993600000001
1.004958276,65537,293,1000,1.0029300000000001,0.0020282759999998845
1.004966606,65538,293,1000,1.0029300000000001,0.0020366059999998853
1.0049749459999999,65537,294,1000,1.0029399999999999,0.0020349459999999819
1.0049832860000001,65538,294,1000,1.0029399999999999,0.002043286000000144
1.0049916160000001,65537,295,1000,1.00295,0.0020416160000000794
1.004999956,65538,295,1000,1.00295,0.0020499560000000194
1.005008286,65537,296,1000,1.0029600000000001,0.0020482859999999548
1.005016626,65538,296,1000,1.0029600000000001,0.0020566259999998948
1.0050249659999999,65537,297,1000,1.0029699999999999,0.0020549659999999914
1.0050332959999999,65538,297,1000,1.0029699999999999,0.0020632959999999922
1.0050416360000001,65537,298,1000,1.00298,0.0020616360000000888
1.0050499660000001,65538,298,1000,1.00298,0.0020699660000000897
1.005058306,65537,299,1000,1.00299,0.0020683059999999642
1.005066646,65538,299,1000,1.00299,0.0020766459999999043
1.005074976,65537,300,1000,1.0029999999999999,0.0020749760000000617
1.0050833159999999,65538,300,1000,1.0029999999999999,0.0020833160000000017
1.0050916459999999,65537,301,1000,1.00301,0.002081645999999937
1.0050999860000001,65538,301,1000,1.00301,0.0020899860000000992
1.005108326,65537,302,1000,1.00302,0.0020883259999999737
1.005116656,65538,302,1000,1.00302,0.0020966559999999745
1.0051249959999999,65537,303,1000,1.0030300000000001,0.0020949959999998491
1.0051333259999999,65538,303,1000,1.0030300000000001,0.0021033259999998499
1.0051416660000001,65537,304,1000,1.0030399999999999,0.0021016660000001686
1.005150006,65538,304,1000,1.0030399999999999,0.0021100060000001086
1.005158336,65537,305,1000,1.00305,0.002108336000000044
1.005166676,65538,305,1000,1.00305,0.002116675999999984
1.005175006,65537,306,1000,1.0030600000000001,0.0021150059999999193
1.0051833459999999,65538,306,1000,1.0030600000000001,0.0021233459999998594
1.0051916860000001,65537,307,1000,1.0030699999999999,0.002121686000000178
1.0052000160000001,65538,307,1000,1.0030699999999999,0.0021300160000001789
1.005208356,65537,308,1000,1.00308,0.0021283560000000534
1.005216686,65538,308,1000,1.00308,0.0021366860000000543
1.005225026,65537,309,1000,1.00309,0.0021350259999999288
1.0052333659999999,65538,309,1000,1.00309,0.0021433659999998689
1.0052416959999999,65537,310,1000,1.0031000000000001,0.0021416959999998042
1.0052500360000001,65538,310,1000,1.0031000000000001,0.0021500359999999663
1.0052583660000001,65537,311,1000,1.0031099999999999,0.0021483660000001237
1.005266706,65538,311,1000,1.0031099999999999,0.0021567060000000637
1.0052750459999999,65537,312,1000,1.00312,0.0021550459999999383
1.005283376,65538,312,1000,1.00312,0.0021633759999999391
1.0052917159999999,65537,313,1000,1.0031300000000001,0.0021617159999998137
1.0053000459999999,65538,313,1000,1.0031300000000001,0.0021700459999998145
1.0053083860000001,65537,314,1000,1.0031399999999999,0.0021683860000001332
1.005316726,65538,314,1000,1.0031399999999999,0.0021767260000000732
1.005325056,65537,315,1000,1.00315,0.0021750560000000085
1.0053333959999999,65538,315,1000,1.00315,0.0021833959999999486
1.0053417259999999,65537,316,1000,1.0031600000000001,0.0021817259999998839
1.0053500660000001,65538,316,1000,1.0031600000000001,0.002190066000000046
1.005358406,65537,317,1000,1.0031699999999999,0.0021884060000001426
1.005366736,65538,317,1000,1.0031699999999999,0.0021967360000001435
1.005375076,65537,318,1000,1.00318,0.002195076000000018
1.005383406,65538,318,1000,1.00318,0.0022034060000000188
1.0053917459999999,65537,319,1000,1.00319,0.0022017459999998934
1.0054000860000001,65538,319,1000,1.00319,0.0022100860000000555
1.0054084160000001,65537,320,1000,1.0032000000000001,0.0022084159999999908
1.005416756,65538,320,1000,1.0032000000000001,0.0022167559999999309
1.005425086,65537,321,1000,1.0032099999999999,0.0022150860000000883
1.005433426,65538,321,1000,1.0032099999999999,0.0022234260000000283
1.0054417659999999,65537,322,1000,1.00322,0.0022217659999999029
1.0054500959999999,65538,322,1000,1.00322,0.0022300959999999037
1.0054584360000001,65537,323,1000,1.0032300000000001,0.0022284360000000003
1.0054667660000001,65538,323,1000,1.0032300000000001,0.0022367660000000011
1.005475106,65537,324,1000,1.0032399999999999,0.0022351060000000977
1.0054834459999999,65538,324,1000,1.0032399999999999,0.0022434460000000378
1.0054917759999999,65537,325,1000,1.00325,0.0022417759999999731
1.0055001160000001,65538,325,1000,1.00325,0.0022501160000001352
1.0055084459999999,65537,326,1000,1.00326,0.0022484459999998485
1.0055167860000001,65538,326,1000,1.00326,0.0022567860000000106
1.005525126,65537,327,1000,1.0032700000000001,0.0022551259999998852
1.005533456,65538,327,1000,1.0032700000000001,0.002263455999999886
1.0055417959999999,65537,328,1000,1.0032799999999999,0.0022617959999999826
1.0055501259999999,65538,328,1000,1.0032799999999999,0.0022701259999999834
1.0055584660000001,65537,329,1000,1.00329,0.00226846600000008
1.005566806,65538,329,1000,1.00329,0.0022768060000000201
1.005575136,65537,330,1000,1.0033000000000001,0.0022751359999999554
1.005583476,65538,330,1000,1.0033000000000001,0.0022834759999998955
1.005591806,65537,331,1000,1.0033099999999999,0.0022818060000000528
1.0056001459999999,65538,331,1000,1.0033099999999999,0.0022901459999999929
1.0056084860000001,65537,332,1000,1.00332,0.0022884860000000895
1.0056168160000001,65538,332,1000,1.00332,0.0022968160000000903
1.005625156,65537,333,1000,1.0033300000000001,0.0022951559999999649
1.005633486,65538,333,1000,1.0033300000000001,0.0023034859999999657
1.005641826,65537,334,1000,1.0033399999999999,0.0023018260000000623
1.0056501659999999,65538,334,1000,1.0033399999999999,0.0023101660000000024
1.0056584959999999,65537,335,1000,1.00335,0.0023084959999999377
1.0056668360000001,65538,335,1000,1.00335,0.0023168360000000998
1.0056751660000001,65537,336,1000,1.00336,0.0023151660000000351
1.005683506,65538,336,1000,1.00336,0.0023235059999999752
1.0056918459999999,65537,337,1000,1.0033700000000001,0.0023218459999998498
1.0057001759999999,65538,337,1000,1.0033700000000001,0.0023301759999998506
1.0057085160000001,65537,338,1000,1.0033799999999999,0.0023285160000001692
1.0057168460000001,65538,338,1000,1.0033799999999999,0.0023368460000001701
1.005725186,65537,339,1000,1.00339,0.0023351860000000446
1.005733526,65538,339,1000,1.00339,0.0023435259999999847
1.005741856,65537,340,1000,1.0034000000000001,0.00234185599999992
1.0057501959999999,65538,340,1000,1.0034000000000001,0.0023501959999998601
1.0057585259999999,65537,341,1000,1.0034099999999999,0.0023485260000000174
1.0057668660000001,65538,341,1000,1.0034099999999999,0.0023568660000001795
1.005775206,65537,342,1000,1.00342,0.0023552060000000541
1.005783536,65538,342,1000,1.00342,0.0023635360000000549
1.005791876,65537,343,1000,1.00343,0.0023618759999999295
1.005800206,65538,343,1000,1.00343,0.0023702059999999303
1.0058085459999999,65537,344,1000,1.0034400000000001,0.0023685459999998049
1.0058168860000001,65538,344,1000,1.0034400000000001,0.002376885999999967
1.0058252160000001,65537,345,1000,1.00345,0.0023752160000001243
1.005833556,65538,345,1000,1.00345,0.0023835560000000644
1.005841886,65537,346,1000,1.00346,0.0023818859999999997
1.005850226,65538,346,1000,1.00346,0.0023902259999999398
1.0058585659999999,65537,347,1000,1.0034700000000001,0.0023885659999998143
1.0058668959999999,65538,347,1000,1.0034700000000001,0.0023968959999998152
1.0058752360000001,65537,348,1000,1.0034799999999999,0.0023952360000001338
1.0058835660000001,65538,348,1000,1.0034799999999999,0.0024035660000001347
1.005891906,65537,349,1000,1.00349,0.0024019060000000092
1.0059002459999999,65538,349,1000,1.00349,0.0024102459999999493
1.0059085759999999,65537,350,1000,1.0035000000000001,0.0024085759999998846
1.0059169160000001,65538,350,1000,1.0035000000000001,0.0024169160000000467
1.0059252460000001,65537,351,1000,1.0035099999999999,0.0024152460000002041
1.005933586,65538,351,1000,1.0035099999999999,0.0024235860000001441
1.005941926,65537,352,1000,1.00352,0.0024219260000000187
1.005950256,65538,352,1000,1.00352,0.0024302560000000195
1.0059585959999999,65537,353,1000,1.00353,0.0024285959999998941
1.0059669259999999,65538,353,1000,1.00353,0.0024369259999998949
1.0059752660000001,65537,354,1000,1.0035400000000001,0.0024352659999999915
1.005983606,65538,354,1000,1.0035400000000001,0.0024436059999999316
1.005991936,65537,355,1000,1.0035499999999999,0.0024419360000000889
1.006000276,65538,355,1000,1.0035499999999999,0.002450276000000029
1.006008606,65537,356,1000,1.00356,0.0024486059999999643
1.0060169459999999,65538,356,1000,1.00356,0.0024569459999999044
1.0060252860000001,65537,357,1000,1.0035700000000001,0.002455286000000001
1.0060336160000001,65538,357,1000,1.0035700000000001,0.0024636160000000018
1.006041956,65537,358,1000,1.0035799999999999,0.0024619560000000984
1.006050286,65538,358,1000,1.0035799999999999,0.0024702860000000992
1.006058626,65537,359,1000,1.00359,0.0024686259999999738
1.0060669659999999,65538,359,1000,1.00359,0.0024769659999999138
1.0060752959999999,65537,360,1000,1.0036,0.0024752959999998492
1.0060836360000001,65538,360,1000,1.0036,0.0024836360000000113
1.0060919660000001,65537,361,1000,1.0036099999999999,0.0024819660000001686
1.006100306,65538,361,1000,1.0036099999999999,0.0024903060000001087
1.0061086459999999,65537,362,1000,1.00362,0.0024886459999999833
1.0061169759999999,65538,362,1000,1.00362,0.0024969759999999841
1.0061253160000001,65537,363,1000,1.00363,0.0024953160000000807
1.0061336460000001,65538,363,1000,1.00363,0.0025036460000000815
1.006141986,65537,364,1000,1.0036400000000001,0.0025019859999999561
1.006150326,65538,364,1000,1.0036400000000001,0.0025103259999998961
1.006158656,65537,365,1000,1.0036499999999999,0.0025086560000000535
1.0061669959999999,65538,365,1000,1.0036499999999999,0.0025169959999999936
1.0061753259999999,65537,366,1000,1.00366,0.0025153259999999289
1.0061836660000001,65538,366,1000,1.00366,0.002523666000000091
1.006192006,65537,367,1000,1.0036700000000001,0.0025220059999999656
1.006200336,65538,367,1000,1.0036700000000001,0.0025303359999999664
1.006208676,65537,368,1000,1.0036799999999999,0.002528676000000063
1.006217006,65538,368,1000,1.0036799999999999,0.0025370060000000638
1.0062253459999999,65537,369,1000,1.00369,0.0025353459999999384
1.0062336860000001,65538,369,1000,1.00369,0.0025436860000001005
1.0062420160000001,65537,370,1000,1.0037,0.0025420160000000358
1.006250356,65538,370,1000,1.0037,0.0025503559999999759
1.006258686,65537,371,1000,1.0037100000000001,0.0025486859999999112
1.006267026,65538,371,1000,1.0037100000000001,0.0025570259999998513
1.0062753659999999,65537,372,1000,1.0037199999999999,0.0025553659999999478
1.0062836959999999,65538,372,1000,1.0037199999999999,0.0025636959999999487
1.0062920360000001,65537,373,1000,1.00373,0.0025620360000000453
1.0063003660000001,65538,373,1000,1.00373,0.0025703660000000461
1.006308706,65537,374,1000,1.0037400000000001,0.0025687059999999207
1.0063170459999999,65538,374,1000,1.0037400000000001,0.0025770459999998607
1.0063253759999999,65537,375,1000,1.0037499999999999,0.0025753760000000181
1.0063337160000001,65538,375,1000,1.0037499999999999,0.0025837160000001802
1.0063420460000001,65537,376,1000,1.00376,0.0025820460000001155
1.006350386,65538,376,1000,1.00376,0.0025903860000000556
1.006358726,65537,377,1000,1.0037700000000001,0.0025887259999999301
1.006367056,65538,377,1000,1.0037700000000001,0.002597055999999931
1.0063753959999999,65537,378,1000,1.0037799999999999,0.0025953960000000276
1.0063837259999999,65538,378,1000,1.0037799999999999,0.0026037260000000284
1.0063920660000001,65537,379,1000,1.00379,0.002602066000000125
1.006400406,65538,379,1000,1.00379,0.0026104060000000651
1.006408736,65537,380,1000,1.0038,0.0026087360000000004
1.006417076,65538,380,1000,1.0038,0.0026170759999999404
1.006425406,65537,381,1000,1.0038100000000001,0.0026154059999998758
1.0064337459999999,65538,381,1000,1.0038100000000001,0.0026237459999998158
1.0064420860000001,65537,382,1000,1.0038199999999999,0.0026220860000001345
1.0064504160000001,65538,382,1000,1.0038199999999999,0.0026304160000001353
1.006458756,65537,383,1000,1.00383,0.0026287560000000099
1.006467086,65538,383,1000,1.00383,0.0026370860000000107
1.006475426,65537,384,1000,1.0038400000000001,0.0026354259999998852
1.0064837659999999,65538,384,1000,1.0038400000000001,0.0026437659999998253
1.0064920959999999,65537,385,1000,1.0038499999999999,0.0026420959999999827
1.0065004360000001,65538,385,1000,1.0038499999999999,0.0026504360000001448
1.0065087660000001,65537,386,1000,1.00386,0.0026487660000000801
1.006517106,65538,386,1000,1.00386,0.0026571060000000202
1.0065254459999999,65537,387,1000,1.00387,0.0026554459999998947
1.0065337759999999,65538,387,1000,1.00387,0.0026637759999998956
1.0065421160000001,65537,388,1000,1.0038800000000001,0.0026621159999999922
1.0065504460000001,65538,388,1000,1.0038800000000001,0.002670445999999993
1.006558786,65537,389,1000,1.0038899999999999,0.0026687860000000896
1.006567126,65538,389,1000,1.0038899999999999,0.0026771260000000296
1.006575456,65537,390,1000,1.0039,0.002675455999999965
1.0065837959999999,65538,390,1000,1.0039,0.002683795999999905
1.0065921259999999,65537,391,1000,1.0039100000000001,0.0026821259999998404
1.0066004660000001,65538,391,1000,1.0039100000000001,0.0026904660000000025
1.006608806,65537,392,1000,1.0039199999999999,0.0026888060000000991
1.006617136,65538,392,1000,1.0039199999999999,0.0026971360000000999
1.006625476,65537,393,1000,1.00393,0.0026954759999999744
1.006633806,65538,393,1000,1.00393,0.0027038059999999753
1.0066421459999999,65537,394,1000,1.0039400000000001,0.0027021459999998498
1.0066504860000001,65538,394,1000,1.0039400000000001,0.0027104860000000119
1.0066588160000001,65537,395,1000,1.0039499999999999,0.0027088160000001693
1.006667156,65538,395,1000,1.0039499999999999,0.0027171560000001094
1.006675486,65537,396,1000,1.00396,0.0027154860000000447
1.0066838259999999,65538,396,1000,1.00396,0.0027238259999999848
1.0066921660000001,65537,397,1000,1.00397,0.0027221660000000814
1.0067004959999999,65538,397,1000,1.00397,0.0027304959999998601
1.0067088360000001,65537,398,1000,1.0039800000000001,0.0027288359999999567
1.0067171660000001,65538,398,1000,1.0039800000000001,0.0027371659999999576
1.006725506,65537,399,1000,1.0039899999999999,0.0027355060000000542
1.0067338459999999,65538,399,1000,1.0039899999999999,0.0027438459999999942
1.0067421759999999,65537,400,1000,1.004,0.0027421759999999296
1.0067505160000001,65538,400,1000,1.004,0.0027505160000000917
1.0067588460000001,65537,401,1000,1.0040100000000001,0.002748846000000027
1.006767186,65538,401,1000,1.0040100000000001,0.0027571859999999671
1.006775526,65537,402,1000,1.0040199999999999,0.0027555260000000636
1.006783856,65538,402,1000,1.0040199999999999,0.0027638560000000645
1.0067921959999999,65537,403,1000,1.00403,0.002762195999999939
1.0068005259999999,65538,403,1000,1.00403,0.0027705259999999399
1.0068088660000001,65537,404,1000,1.00404,0.0027688660000000365
1.006817206,65538,404,1000,1.00404,0.0027772059999999765
1.006825536,65537,405,1000,1.0040500000000001,0.0027755359999999119
1.006833876,65538,405,1000,1.0040500000000001,0.0027838759999998519
1.006842206,65537,406,1000,1.00406,0.0027822060000000093
1.0068505459999999,65538,406,1000,1.00406,0.0027905459999999493
1.0068588860000001,65537,407,1000,1.00407,0.0027888860000000459
1.0068672160000001,65538,407,1000,1.00407,0.0027972160000000468
1.006875556,65537,408,1000,1.0040800000000001,0.0027955559999999213
1.006883886,65538,408,1000,1.0040800000000001,0.0028038859999999222
1.0068922259999999,65537,409,1000,1.0040899999999999,0.0028022260000000188
1.0069005660000001,65538,409,1000,1.0040899999999999,0.0028105660000001809
1.0069088960000001,65537,410,1000,1.0041,0.0028088960000001162
1.006917236,65538,410,1000,1.0041,0.0028172360000000563
1.006925566,65537,411,1000,1.0041100000000001,0.0028155659999999916
1.006933906,65538,411,1000,1.0041100000000001,0.0028239059999999316
1.0069422459999999,65537,412,1000,1.0041199999999999,0.0028222460000000282
1.0069505759999999,65538,412,1000,1.0041199999999999,0.0028305760000000291
1.0069589160000001,65537,413,1000,1.00413,0.0028289160000001257
1.0069672460000001,65538,413,1000,1.00413,0.0028372460000001265
1.006975586,65537,414,1000,1.00414,0.0028355860000000011
1.006983926,65538,414,1000,1.00414,0.0028439259999999411
1.006992256,65537,415,1000,1.0041500000000001,0.0028422559999998764
1.0070005959999999,65538,415,1000,1.0041500000000001,0.0028505959999998165
1.0070089259999999,65537,416,1000,1.0041599999999999,0.0028489259999999739
1.0070172660000001,65538,416,1000,1.0041599999999999,0.002857266000000136
1.007025606,65537,417,1000,1.00417,0.0028556060000000105
1.007033936,65538,417,1000,1.00417,0.0028639360000000114
1.007042276,65537,418,1000,1.0041800000000001,0.0028622759999998859
1.007050606,65538,418,1000,1.0041800000000001,0.0028706059999998867
1.0070589459999999,65537,419,1000,1.0041899999999999,0.0028689459999999833
1.0070672860000001,65538,419,1000,1.0041899999999999,0.0028772860000001454
1.0070756160000001,65537,420,1000,1.0042,0.0028756160000000808
1.007083956,65538,420,1000,1.0042,0.0028839560000000208
1.007092286,65537,421,1000,1.00421,0.0028822859999999562
1.0071006259999999,65538,421,1000,1.00421,0.0028906259999998962
1.0071089660000001,65537,422,1000,1.0042199999999999,0.0028889660000002149
1.0071172960000001,65538,422,1000,1.0042199999999999,0.0028972960000002157
1.007125636,65537,423,1000,1.00423,0.0028956360000000902
1.007133966,65538,423,1000,1.00423,0.0029039660000000911
1.007142306,65537,424,1000,1.00424,0.0029023059999999656
1.0071506459999999,65538,424,1000,1.00424,0.0029106459999999057
1.0071589759999999,65537,425,1000,1.0042500000000001,0.002908975999999841
1.0071673160000001,65538,425,1000,1.0042500000000001,0.0029173160000000031
1.0071756460000001,65537,426,1000,1.0042599999999999,0.0029156460000001605
1.007183986,65538,426,1000,1.0042599999999999,0.0029239860000001006
1.007192326,65537,427,1000,1.00427,0.0029223259999999751
1.007200656,65538,427,1000,1.00427,0.0029306559999999759
1.0072089959999999,65537,428,1000,1.0042800000000001,0.0029289959999998505
1.0072173259999999,65538,428,1000,1.0042800000000001,0.0029373259999998513
1.0072256660000001,65537,429,1000,1.0042899999999999,0.00293566600000017
1.007234006,65538,429,1000,1.0042899999999999,0.00294400600000011
1.007242336,65537,430,1000,1.0043,0.0029423360000000454
1.007250676,65538,430,1000,1.0043,0.0029506759999999854
1.007259006,65537,431,1000,1.00431,0.0029490059999999207
1.0072673459999999,65538,431,1000,1.00431,0.0029573459999998608
1.0072756860000001,65537,432,1000,1.0043200000000001,0.0029556859999999574
1.0072840160000001,65538,432,1000,1.0043200000000001,0.0029640159999999582
1.007292356,65537,433,1000,1.0043299999999999,0.0029623560000000548
1.007300686,65538,433,1000,1.0043299999999999,0.0029706860000000557
1.0073090259999999,65537,434,1000,1.00434,0.0029690259999999302
1.0073173660000001,65538,434,1000,1.00434,0.0029773660000000923
1.0073256960000001,65537,435,1000,1.0043500000000001,0.0029756960000000277
1.007334036,65538,435,1000,1.0043500000000001,0.0029840359999999677
1.007342366,65537,436,1000,1.0043599999999999,0.0029823660000001251
1.007350706,65538,436,1000,1.0043599999999999,0.0029907060000000651
1.0073590459999999,65537,437,1000,1.00437,0.0029890459999999397
1.0073673759999999,65538,437,1000,1.00437,0.0029973759999999405
1.0073757160000001,65537,438,1000,1.0043800000000001,0.0029957160000000371
1.0073840460000001,65538,438,1000,1.0043800000000001,0.003004046000000038
1.007392386,65537,439,1000,1.0043899999999999,0.0030023860000001346
1.007400726,65538,439,1000,1.0043899999999999,0.0030107260000000746
1.007409056,65537,440,1000,1.0044,0.0030090560000000099
1.0074173959999999,65538,440,1000,1.0044,0.00301739599999995
1.0074257259999999,65537,441,1000,1.00441,0.0030157259999998853
1.0074340660000001,65538,441,1000,1.00441,0.0030240660000000474
1.007442406,65537,442,1000,1.0044200000000001,0.003022405999999922
1.007450736,65538,442,1000,1.0044200000000001,0.0030307359999999228
1.007459076,65537,443,1000,1.0044299999999999,0.0030290760000000194
1.007467406,65538,443,1000,1.0044299999999999,0.0030374060000000203
1.0074757459999999,65537,444,1000,1.00444,0.0030357459999998948
1.0074840860000001,65538,444,1000,1.00444,0.0030440860000000569
1.0074924160000001,65537,445,1000,1.0044500000000001,0.0030424159999999922
1.007500756,65538,445,1000,1.0044500000000001,0.0030507559999999323
1.007509086,65537,446,1000,1.0044599999999999,0.0030490860000000897
1.0075174259999999,65538,446,1000,1.0044599999999999,0.0030574260000000297
1.0075257660000001,65537,447,1000,1.00447,0.0030557660000001263
1.0075340960000001,65538,447,1000,1.00447,0.0030640960000001272
1.007542436,65537,448,1000,1.00448,0.0030624360000000017
1.007550766,65538,448,1000,1.00448,0.0030707660000000025
1.007559106,65537,449,1000,1.0044900000000001,0.0030691059999998771
1.0075674459999999,65538,449,1000,1.0044900000000001,0.0030774459999998172
1.0075757759999999,65537,450,1000,1.0044999999999999,0.0030757759999999745
1.0075841160000001,65538,450,1000,1.0044999999999999,0.0030841160000001366
1.0075924460000001,65537,451,1000,1.00451,0.003082446000000072
1.007600786,65538,451,1000,1.00451,0.003090786000000012
1.007609126,65537,452,1000,1.0045200000000001,0.0030891259999998866
1.007617456,65538,452,1000,1.0045200000000001,0.0030974559999998874
1.0076257959999999,65537,453,1000,1.0045299999999999,0.003095795999999984
1.0076341259999999,65538,453,1000,1.0045299999999999,0.0031041259999999848
1.0076424660000001,65537,454,1000,1.00454,0.0031024660000000814
1.007650806,65538,454,1000,1.00454,0.0031108060000000215
1.007659136,65537,455,1000,1.0045500000000001,0.0031091359999999568
1.007667476,65538,455,1000,1.0045500000000001,0.0031174759999998969
1.007675806,65537,456,1000,1.0045599999999999,0.0031158060000000543
1.0076841459999999,65538,456,1000,1.0045599999999999,0.0031241459999999943
1.0076924860000001,65537,457,1000,1.00457,0.0031224860000000909
1.0077008160000001,65538,457,1000,1.00457,0.0031308160000000917
1.007709156,65537,458,1000,1.00458,0.0031291559999999663
1.007717486,65538,458,1000,1.00458,0.0031374859999999671
1.0077258259999999,65537,459,1000,1.0045900000000001,0.0031358259999998417
1.0077341660000001,65538,459,1000,1.0045900000000001,0.0031441660000000038
1.0077424960000001,65537,460,1000,1.0045999999999999,0.0031424960000001612
1.007750836,65538,460,1000,1.0045999999999999,0.0031508360000001012
1.007759166,65537,461,1000,1.00461,0.0031491660000000365
1.007767506,65538,461,1000,1.00461,0.0031575059999999766
1.0077758459999999,65537,462,1000,1.0046200000000001,0.0031558459999998512
1.0077841759999999,65538,462,1000,1.0046200000000001,0.003164175999999852
1.0077925160000001,65537,463,1000,1.0046299999999999,0.0031625160000001706
1.0078008460000001,65538,463,1000,1.0046299999999999,0.0031708460000001715
1.007809186,65537,464,1000,1.00464,0.003169186000000046
1.007817526,65538,464,1000,1.00464,0.0031775259999999861
1.007825856,65537,465,1000,1.00465,0.0031758559999999214
1.0078341959999999,65538,465,1000,1.00465,0.0031841959999998615
1.0078425259999999,65537,466,1000,1.0046600000000001,0.0031825259999997968
1.0078508660000001,65538,466,1000,1.0046600000000001,0.0031908659999999589
1.007859206,65537,467,1000,1.00467,0.0031892060000000555
1.007867536,65538,467,1000,1.00467,0.0031975360000000563
1.0078758759999999,65537,468,1000,1.00468,0.0031958759999999309
1.0078842059999999,65538,468,1000,1.00468,0.0032042059999999317
1.0078925459999999,65537,469,1000,1.0046900000000001,0.0032025459999998063
1.0079008860000001,65538,469,1000,1.0046900000000001,0.0032108859999999684
1.0079092160000001,65537,470,1000,1.0046999999999999,0.0032092160000001257
1.007917556,65538,470,1000,1.0046999999999999,0.0032175560000000658
1.007925886,65537,471,1000,1.00471,0.0032158860000000011
1.0079342259999999,65538,471,1000,1.00471,0.0032242259999999412
1.0079425660000001,65537,472,1000,1.0047200000000001,0.0032225660000000378
1.0079508960000001,65538,472,1000,1.0047200000000001,0.0032308960000000386
1.007959236,65537,473,1000,1.0047299999999999,0.0032292360000001352
1.007967566,65538,473,1000,1.0047299999999999,0.0032375660000001361
1.007975906,65537,474,1000,1.00474,0.0032359060000000106
1.0079842459999999,65538,474,1000,1.00474,0.0032442459999999507
1.0079925759999999,65537,475,1000,1.00475,0.003242575999999886
1.0080009160000001,65538,475,1000,1.00475,0.0032509160000000481
1.0080092460000001,65537,476,1000,1.0047600000000001,0.0032492459999999834
1.008017586,65538,476,1000,1.0047600000000001,0.0032575859999999235
1.008025926,65537,477,1000,1.0047699999999999,0.0032559260000000201
1.008034256,65538,477,1000,1.0047699999999999,0.0032642560000000209
1.0080425959999999,65537,478,1000,1.00478,0.0032625959999998955
1.0080509259999999,65538,478,1000,1.00478,0.0032709259999998963
1.0080592660000001,65537,479,1000,1.0047900000000001,0.0032692659999999929
1.008067606,65538,479,1000,1.0047900000000001,0.003277605999999933
1.008075936,65537,480,1000,1.0047999999999999,0.0032759360000000903
1.0080842759999999,65538,480,1000,1.0047999999999999,0.0032842760000000304
1.0080926059999999,65537,481,1000,1.00481,0.0032826059999999657
1.0081009460000001,65538,481,1000,1.00481,0.0032909460000001278
1.008109286,65537,482,1000,1.00482,0.0032892860000000024
1.008117616,65538,482,1000,1.00482,0.0032976160000000032
1.008125956,65537,483,1000,1.0048299999999999,0.0032959560000000998
1.008134286,65538,483,1000,1.0048299999999999,0.0033042860000001006
1.0081426259999999,65537,484,1000,1.00484,0.0033026259999999752
1.0081509660000001,65538,484,1000,1.00484,0.0033109660000001373
1.0081592960000001,65537,485,1000,1.00485,0.0033092960000000726
1.008167636,65538,485,1000,1.00485,0.0033176360000000127
1.008175966,65537,486,1000,1.0048600000000001,0.003315965999999948
1.008184306,65538,486,1000,1.0048600000000001,0.0033243059999998881
1.0081926459999999,65537,487,1000,1.0048699999999999,0.0033226459999999847
1.0082009759999999,65538,487,1000,1.0048699999999999,0.0033309759999999855
1.0082093160000001,65537,488,1000,1.00488,0.0033293160000000821
1.0082176460000001,65538,488,1000,1.00488,0.0033376460000000829
1.008225986,65537,489,1000,1.0048900000000001,0.0033359859999999575
1.008234326,65538,489,1000,1.0048900000000001,0.0033443259999998975
1.008242656,65537,490,1000,1.0048999999999999,0.0033426560000000549
1.0082509959999999,65538,490,1000,1.0048999999999999,0.003350995999999995
1.0082593259999999,65537,491,1000,1.00491,0.0033493259999999303
1.0082676660000001,65538,491,1000,1.00491,0.0033576660000000924
1.008276006,65537,492,1000,1.00492,0.003356005999999967
1.008284336,65538,492,1000,1.00492,0.0033643359999999678
1.0082926759999999,65537,493,1000,1.0049300000000001,0.0033626759999998423
1.0083010059999999,65538,493,1000,1.0049300000000001,0.0033710059999998432
1.0083093460000001,65537,494,1000,1.0049399999999999,0.0033693460000001618
1.008317686,65538,494,1000,1.0049399999999999,0.0033776860000001019
1.008326016,65537,495,1000,1.00495,0.0033760160000000372
1.008334356,65538,495,1000,1.00495,0.0033843559999999773
1.008342686,65537,496,1000,1.0049600000000001,0.0033826859999999126
1.0083510259999999,65538,496,1000,1.0049600000000001,0.0033910259999998527
1.0083593660000001,65537,497,1000,1.0049699999999999,0.0033893660000001713
1.0083676960000001,65538,497,1000,1.0049699999999999,0.0033976960000001721
1.008376036,65537,498,1000,1.00498,0.0033960360000000467
1.008384366,65538,498,1000,1.00498,0.0034043660000000475
1.008392706,65537,499,1000,1.00499,0.0034027059999999221
1.0084010459999999,65538,499,1000,1.00499,0.0034110459999998621
1.0084093759999999,65537,500,1000,1.0049999999999999,0.0034093760000000195
1.0084177160000001,65538,500,1000,1.0049999999999999,0.0034177160000001816
1.0084260460000001,65537,501,1000,1.00501,0.0034160460000001169
1.008434386,65538,501,1000,1.00501,0.003424386000000057
1.008442726,65537,502,1000,1.00502,0.0034227259999999315
1.008451056,65538,502,1000,1.00502,0.0034310559999999324
1.0084593959999999,65537,503,1000,1.0050300000000001,0.0034293959999998069
1.0084677259999999,65538,503,1000,1.0050300000000001,0.0034377259999998078
1.0084760660000001,65537,504,1000,1.0050399999999999,0.0034360660000001264
1.008484406,65538,504,1000,1.0050399999999999,0.0034444060000000665
1.008492736,65537,505,1000,1.00505,0.0034427360000000018
1.0085010759999999,65538,505,1000,1.00505,0.0034510759999999419
1.0085094059999999,65537,506,1000,1.0050600000000001,0.0034494059999998772
1.0085177460000001,65538,506,1000,1.0050600000000001,0.0034577460000000393
1.008526086,65537,507,1000,1.0050699999999999,0.0034560860000001359
1.008534416,65538,507,1000,1.0050699999999999,0.0034644160000001367
1.008542756,65537,508,1000,1.00508,0.0034627560000000113
1.008551086,65538,508,1000,1.00508,0.0034710860000000121
1.0085594259999999,65537,509,1000,1.00509,0.0034694259999998867
1.0085677660000001,65538,509,1000,1.00509,0.0034777660000000488
1.0085760960000001,65537,510,1000,1.0051000000000001,0.0034760959999999841
1.008584436,65538,510,1000,1.0051000000000001,0.0034844359999999241
1.008592766,65537,511,1000,1.0051099999999999,0.0034827660000000815
1.008601106,65538,511,1000,1.0051099999999999,0.0034911060000000216
1.0086094459999999,65537,512,1000,1.00512,0.0034894459999998961
1.0086177759999999,65538,512,1000,1.00512,0.003497775999999897
1.0086261160000001,65537,513,1000,1.0051300000000001,0.0034961159999999936
1.0086344460000001,65538,513,1000,1.0051300000000001,0.0035044459999999944
1.008642786,65537,514,1000,1.0051399999999999,0.003502786000000091
1.008651126,65538,514,1000,1.0051399999999999,0.0035111260000000311
1.008659456,65537,515,1000,1.00515,0.0035094559999999664
1.0086677959999999,65538,515,1000,1.00515,0.0035177959999999064
1.0086761259999999,65537,516,1000,1.0051600000000001,0.0035161259999998418
1.0086844660000001,65538,516,1000,1.0051600000000001,0.0035244660000000039
1.008692806,65537,517,1000,1.0051699999999999,0.0035228060000001005
1.008701136,65538,517,1000,1.0051699999999999,0.0035311360000001013
1.0087094759999999,65537,518,1000,1.00518,0.0035294759999999759
1.0087178059999999,65538,518,1000,1.00518,0.0035378059999999767
1.0087261460000001,65537,519,1000,1.00519,0.0035361460000000733
1.008734486,65538,519,1000,1.00519,0.0035444860000000133
1.008742816,65537,520,1000,1.0052000000000001,0.0035428159999999487
1.008751156,65538,520,1000,1.0052000000000001,0.0035511559999998887
1.008759486,65537,521,1000,1.0052099999999999,0.0035494860000000461
1.0087678259999999,65538,521,1000,1.0052099999999999,0.0035578259999999862
1.0087761660000001,65537,522,1000,1.00522,0.0035561660000000828
1.0087844960000001,65538,522,1000,1.00522,0.0035644960000000836
1.008792836,65537,523,1000,1.0052300000000001,0.0035628359999999581
1.008801166,65538,523,1000,1.0052300000000001,0.003571165999999959
1.008809506,65537,524,1000,1.0052399999999999,0.0035695060000000556
1.0088178459999999,65538,524,1000,1.0052399999999999,0.0035778459999999956
1.0088261759999999,65537,525,1000,1.00525,0.003576175999999931
1.0088345160000001,65538,525,1000,1.00525,0.0035845160000000931
1.0088428460000001,65537,526,1000,1.00526,0.0035828460000000284
1.008851186,65538,526,1000,1.00526,0.0035911859999999685
1.008859526,65537,527,1000,1.0052700000000001,0.003589525999999843
1.008867856,65538,527,1000,1.0052700000000001,0.0035978559999998438
1.0088761959999999,65537,528,1000,1.00528,0.0035961959999999404
1.0088845259999999,65538,528,1000,1.00528,0.0036045259999999413
1.0088928660000001,65537,529,1000,1.00529,0.0036028660000000379
1.008901206,65538,529,1000,1.00529,0.0036112059999999779
1.008909536,65537,530,1000,1.0053000000000001,0.0036095359999999133
1.0089178759999999,65538,530,1000,1.0053000000000001,0.0036178759999998533
1.0089262059999999,65537,531,1000,1.0053099999999999,0.0036162060000000107
1.0089345460000001,65538,531,1000,1.0053099999999999,0.0036245460000001728
1.008942886,65537,532,1000,1.00532,0.0036228860000000473
1.008951216,65538,532,1000,1.00532,0.0036312160000000482
1.008959556,65537,533,1000,1.0053300000000001,0.0036295559999999227
1.008967886,65538,533,1000,1.0053300000000001,0.0036378859999999236
1.0089762259999999,65537,534,1000,1.0053399999999999,0.0036362260000000202
1.0089845660000001,65538,534,1000,1.0053399999999999,0.0036445660000001823
1.0089928960000001,65537,535,1000,1.00535,0.0036428960000001176
1.009001236,65538,535,1000,1.00535,0.0036512360000000577
1.009009566,65537,536,1000,1.00536,0.003649565999999993
1.009017906,65538,536,1000,1.00536,0.003657905999999933
1.0090262459999999,65537,537,1000,1.0053700000000001,0.0036562459999998076
1.0090345759999999,65538,537,1000,1.0053700000000001,0.0036645759999998084
1.0090429160000001,65537,538,1000,1.0053799999999999,0.0036629160000001271
1.0090512460000001,65538,538,1000,1.0053799999999999,0.0036712460000001279
1.009059586,65537,539,1000,1.00539,0.0036695860000000025
1.0090679259999999,65538,539,1000,1.00539,0.0036779259999999425
1.0090762559999999,65537,540,1000,1.0054000000000001,0.0036762559999998778
1.0090845959999999,65538,540,1000,1.0054000000000001,0.0036845959999998179
1.0090929259999999,65537,541,1000,1.0054099999999999,0.0036829259999999753
1.0091012660000001,65538,541,1000,1.0054099999999999,0.0036912660000001374
1.009109606,65537,542,1000,1.00542,0.0036896060000000119
1.009117936,65538,542,1000,1.00542,0.0036979360000000128
1.0091262759999999,65537,543,1000,1.00543,0.0036962759999998873
1.0091346059999999,65538,543,1000,1.00543,0.0037046059999998882
1.0091429460000001,65537,544,1000,1.0054399999999999,0.0037029460000002068
1.009151286,65538,544,1000,1.0054399999999999,0.0037112860000001469
1.009159616,65537,545,1000,1.00545,0.0037096160000000822
1.009167956,65538,545,1000,1.00545,0.0037179560000000222
1.009176286,65537,546,1000,1.00546,0.0037162859999999576
1.0091846259999999,65538,546,1000,1.00546,0.0037246259999998976
1.0091929660000001,65537,547,1000,1.0054700000000001,0.0037229659999999942
1.0092012960000001,65538,547,1000,1.0054700000000001,0.0037312959999999951
1.009209636,65537,548,1000,1.0054799999999999,0.0037296360000000917
1.009217966,65538,548,1000,1.0054799999999999,0.0037379660000000925
1.009226306,65537,549,1000,1.00549,0.003736305999999967
1.0092346459999999,65538,549,1000,1.00549,0.0037446459999999071
1.0092429759999999,65537,550,1000,1.0055000000000001,0.0037429759999998424
1.0092513160000001,65538,550,1000,1.0055000000000001,0.0037513160000000045
1.0092596460000001,65537,551,1000,1.0055099999999999,0.0037496460000001619
1.009267986,65538,551,1000,1.0055099999999999,0.003757986000000102
1.0092763259999999,65537,552,1000,1.00552,0.0037563259999999765
1.0092846559999999,65538,552,1000,1.00552,0.0037646559999999774
1.0092929960000001,65537,553,1000,1.00553,0.0037629960000000739
1.0093013260000001,65538,553,1000,1.00553,0.0037713260000000748
1.009309666,65537,554,1000,1.0055400000000001,0.0037696659999999493
1.009318006,65538,554,1000,1.0055400000000001,0.0037780059999998894
1.009326336,65537,555,1000,1.0055499999999999,0.0037763360000000468
1.0093346759999999,65538,555,1000,1.0055499999999999,0.0037846759999999868
1.0093430059999999,65537,556,1000,1.00556,0.0037830059999999222
1.0093513460000001,65538,556,1000,1.00556,0.0037913460000000843
1.009359686,65537,557,1000,1.0055700000000001,0.0037896859999999588
1.009368016,65538,557,1000,1.0055700000000001,0.0037980159999999596
1.009376356,65537,558,1000,1.0055799999999999,0.0037963560000000562
1.009384686,65538,558,1000,1.0055799999999999,0.0038046860000000571
1.0093930259999999,65537,559,1000,1.00559,0.0038030259999999316
1.0094013660000001,65538,559,1000,1.00559,0.0038113660000000937
1.0094096960000001,65537,560,1000,1.0056,0.0038096960000000291
1.009418036,65538,560,1000,1.0056,0.0038180359999999691
1.009426366,65537,561,1000,1.0056099999999999,0.0038163660000001265
1.009434706,65538,561,1000,1.0056099999999999,0.0038247060000000666
1.0094430459999999,65537,562,1000,1.00562,0.0038230459999999411
1.0094513759999999,65538,562,1000,1.00562,0.0038313759999999419
1.0094597160000001,65537,563,1000,1.00563,0.0038297160000000385
1.0094680460000001,65538,563,1000,1.00563,0.0038380460000000394
1.009476386,65537,564,1000,1.0056400000000001,0.0038363859999999139
1.0094847259999999,65538,564,1000,1.0056400000000001,0.003844725999999854
1.0094930559999999,65537,565,1000,1.0056499999999999,0.0038430560000000114
1.0095013960000001,65538,565,1000,1.0056499999999999,0.0038513960000001735
1.0095097260000001,65537,566,1000,1.00566,0.0038497260000001088
1.009518066,65538,566,1000,1.00566,0.0038580660000000488
1.009526406,65537,567,1000,1.0056700000000001,0.0038564059999999234
1.009534736,65538,567,1000,1.0056700000000001,0.0038647359999999242
1.0095430759999999,65537,568,1000,1.0056799999999999,0.0038630760000000208
1.0095514059999999,65538,568,1000,1.0056799999999999,0.0038714060000000217
1.0095597460000001,65537,569,1000,1.00569,0.0038697460000001183
1.009568086,65538,569,1000,1.00569,0.0038780860000000583
1.009576416,65537,570,1000,1.0057,0.0038764159999999936
1.009584756,65538,570,1000,1.0057,0.0038847559999999337
1.009593086,65537,571,1000,1.0057100000000001,0.003883085999999869
1.0096014259999999,65538,571,1000,1.0057100000000001,0.0038914259999998091
1.0096097660000001,65537,572,1000,1.0057199999999999,0.0038897660000001277
1.0096180960000001,65538,572,1000,1.0057199999999999,0.0038980960000001286
1.009626436,65537,573,1000,1.00573,0.0038964360000000031
1.009634766,65538,573,1000,1.00573,0.003904766000000004
1.009643106,65537,574,1000,1.0057400000000001,0.0039031059999998785
1.0096514459999999,65538,574,1000,1.0057400000000001,0.0039114459999998186
1.0096597759999999,65537,575,1000,1.0057499999999999,0.0039097759999999759
1.0096681160000001,65538,575,1000,1.0057499999999999,0.003918116000000138
1.0096764460000001,65537,576,1000,1.00576,0.0039164460000000734
1.009684786,65538,576,1000,1.00576,0.0039247860000000134
1.0096931259999999,65537,577,1000,1.0057700000000001,0.003923125999999888
1.0097014559999999,65538,577,1000,1.0057700000000001,0.0039314559999998888
1.0097097960000001,65537,578,1000,1.0057799999999999,0.0039297960000002075
1.0097181260000001,65538,578,1000,1.0057799999999999,0.0039381260000002083
1.009726466,65537,579,1000,1.00579,0.0039364660000000828
1.009734806,65538,579,1000,1.00579,0.0039448060000000229
1.009743136,65537,580,1000,1.0058,0.0039431359999999582
1.0097514759999999,65538,580,1000,1.0058,0.0039514759999998983
1.0097598059999999,65537,581,1000,1.0058100000000001,0.0039498059999998336
1.0097681460000001,65538,581,1000,1.0058100000000001,0.0039581459999999957
1.009776486,65537,582,1000,1.0058199999999999,0.0039564860000000923
1.009784816,65538,582,1000,1.0058199999999999,0.0039648160000000932
1.009793156,65537,583,1000,1.00583,0.0039631559999999677
1.009801486,65538,583,1000,1.00583,0.0039714859999999685
1.0098098259999999,65537,584,1000,1.0058400000000001,0.0039698259999998431
1.0098181660000001,65538,584,1000,1.0058400000000001,0.0039781660000000052
1.0098264960000001,65537,585,1000,1.0058499999999999,0.0039764960000001626
1.009834836,65538,585,1000,1.0058499999999999,0.0039848360000001026
1.009843166,65537,586,1000,1.00586,0.003983166000000038
1.009851506,65538,586,1000,1.00586,0.003991505999999978
1.0098598459999999,65537,587,1000,1.00587,0.0039898459999998526
1.0098681759999999,65538,587,1000,1.00587,0.0039981759999998534
1.0098765160000001,65537,588,1000,1.0058800000000001,0.00399651599999995
1.0098848460000001,65538,588,1000,1.0058800000000001,0.0040048459999999508
1.009893186,65537,589,1000,1.00589,0.0040031860000000474
1.0099015259999999,65538,589,1000,1.00589,0.0040115259999999875
1.0099098559999999,65537,590,1000,1.0059,0.0040098559999999228
1.0099181960000001,65538,590,1000,1.0059,0.0040181960000000849
1.0099265260000001,65537,591,1000,1.0059100000000001,0.0040165260000000202
1.009934866,65538,591,1000,1.0059100000000001,0.0040248659999999603
1.009943206,65537,592,1000,1.0059199999999999,0.0040232060000000569
1.009951536,65538,592,1000,1.0059199999999999,0.0040315360000000577
1.0099598759999999,65537,593,1000,1.00593,0.0040298759999999323
1.0099682059999999,65538,593,1000,1.00593,0.0040382059999999331
1.0099765460000001,65537,594,1000,1.0059400000000001,0.0040365460000000297
1.009984886,65538,594,1000,1.0059400000000001,0.0040448859999999698
1.009993216,65537,595,1000,1.0059499999999999,0.0040432160000001272
1.010001556,65538,595,1000,1.0059499999999999,0.0040515560000000672
1.010009886,65537,596,1000,1.00596,0.0040498860000000025
1.0100182259999999,65538,596,1000,1.00596,0.0040582259999999426
1.0100265660000001,65537,597,1000,1.00597,0.0040565660000000392
1.0100348960000001,65538,597,1000,1.00597,0.00406489600000004
1.010043236,65537,598,1000,1.0059800000000001,0.0040632359999999146
1.010051566,65538,598,1000,1.0059800000000001,0.0040715659999999154
1.010059906,65537,599,1000,1.0059899999999999,0.004069906000000012
1.0100682459999999,65538,599,1000,1.0059899999999999,0.0040782459999999521
1.0100765759999999,65537,600,1000,1.006,0.0040765759999998874
1.0100849160000001,65538,600,1000,1.006,0.0040849160000000495
1.0100932460000001,65537,601,1000,1.0060100000000001,0.0040832459999999848
1.010101586,65538,601,1000,1.0060100000000001,0.0040915859999999249
1.0101099259999999,65537,602,1000,1.0060199999999999,0.0040899260000000215
1.0101182559999999,65538,602,1000,1.0060199999999999,0.0040982560000000223
1.0101265960000001,65537,603,1000,1.00603,0.0040965960000001189
1.0101349260000001,65538,603,1000,1.00603,0.0041049260000001198
1.010143266,65537,604,1000,1.00604,0.0041032659999999943
1.010151606,65538,604,1000,1.00604,0.0041116059999999344
1.010159936,65537,605,1000,1.0060500000000001,0.0041099359999998697
1.0101682759999999,65538,605,1000,1.0060500000000001,0.0041182759999998098
1.0101766059999999,65537,606,1000,1.00606,0.0041166059999999671
1.0101849460000001,65538,606,1000,1.00606,0.0041249460000001292
1.010193286,65537,607,1000,1.00607,0.0041232860000000038
1.010201616,65538,607,1000,1.00607,0.0041316160000000046
1.010209956,65537,608,1000,1.0060800000000001,0.0041299559999998792
1.010218286,65538,608,1000,1.0060800000000001,0.00413828599999988
1.0102266259999999,65537,609,1000,1.0060899999999999,0.0041366259999999766
1.0102349660000001,65538,609,1000,1.0060899999999999,0.0041449660000001387
1.0102432960000001,65537,610,1000,1.0061,0.004143296000000074
1.010251636,65538,610,1000,1.0061,0.0041516360000000141
1.010259966,65537,611,1000,1.0061100000000001,0.0041499659999999494
1.0102683059999999,65538,611,1000,1.0061100000000001,0.0041583059999998895
1.0102766459999999,65537,612,1000,1.0061199999999999,0.0041566459999999861
1.0102849759999999,65538,612,1000,1.0061199999999999,0.0041649759999999869
1.0102933160000001,65537,613,1000,1.00613,0.0041633160000000835
1.0103016460000001,65538,613,1000,1.00613,0.0041716460000000843
1.010309986,65537,614,1000,1.00614,0.0041699859999999589
1.0103183259999999,65538,614,1000,1.00614,0.004178325999999899
1.0103266559999999,65537,615,1000,1.0061500000000001,0.0041766559999998343
1.0103349960000001,65538,615,1000,1.0061500000000001,0.0041849959999999964
1.0103433260000001,65537,616,1000,1.0061599999999999,0.0041833260000001538
1.010351666,65538,616,1000,1.0061599999999999,0.0041916660000000938
1.010360006,65537,617,1000,1.00617,0.0041900059999999684
1.010368336,65538,617,1000,1.00617,0.0041983359999999692
1.0103766759999999,65537,618,1000,1.0061800000000001,0.0041966759999998438
1.0103850059999999,65538,618,1000,1.0061800000000001,0.0042050059999998446
1.0103933460000001,65537,619,1000,1.0061899999999999,0.0042033460000001632
1.010401686,65538,619,1000,1.0061899999999999,0.0042116860000001033
1.010410016,65537,620,1000,1.0062,0.0042100160000000386
1.010418356,65538,620,1000,1.0062,0.0042183559999999787
1.010426686,65537,621,1000,1.00621,0.004216685999999914
1.0104350259999999,65538,621,1000,1.00621,0.0042250259999998541
1.0104433660000001,65537,622,1000,1.0062199999999999,0.0042233660000001727
1.0104516960000001,65538,622,1000,1.0062199999999999,0.0042316960000001735
1.010460036,65537,623,1000,1.00623,0.0042300360000000481
1.010468366,65538,623,1000,1.00623,0.0042383660000000489
1.0104767059999999,65537,624,1000,1.00624,0.0042367059999999235
1.0104850460000001,65538,624,1000,1.00624,0.0042450460000000856
1.0104933760000001,65537,625,1000,1.0062500000000001,0.0042433760000000209
1.010501716,65538,625,1000,1.0062500000000001,0.004251715999999961
1.0105100460000001,65537,626,1000,1.0062599999999999,0.0042500460000001183
1.010518386,65538,626,1000,1.0062599999999999,0.0042583860000000584
1.0105267259999999,65537,627,1000,1.00627,0.004256725999999933
1.0105350559999999,65538,627,1000,1.00627,0.0042650559999999338
1.0105433960000001,65537,628,1000,1.0062800000000001,0.0042633960000000304
1.0105517260000001,65538,628,1000,1.0062800000000001,0.0042717260000000312
1.010560066,65537,629,1000,1.0062899999999999,0.0042700660000001278
1.010568406,65538,629,1000,1.0062899999999999,0.0042784060000000679
1.010576736,65537,630,1000,1.0063,0.0042767360000000032
1.0105850759999999,65538,630,1000,1.0063,0.0042850759999999433
1.0105934059999999,65537,631,1000,1.00631,0.0042834059999998786
1.0106017460000001,65538,631,1000,1.00631,0.0042917460000000407
1.010610086,65537,632,1000,1.0063200000000001,0.0042900859999999152
1.010618416,65538,632,1000,1.0063200000000001,0.0042984159999999161
1.010626756,65537,633,1000,1.0063299999999999,0.0042967560000000127
1.010635086,65538,633,1000,1.0063299999999999,0.0043050860000000135
1.0106434259999999,65537,634,1000,1.00634,0.0043034259999998881
1.0106517660000001,65538,634,1000,1.00634,0.0043117660000000502
1.0106600960000001,65537,635,1000,1.0063500000000001,0.0043100959999999855
1.010668436,65538,635,1000,1.0063500000000001,0.0043184359999999256
1.010676766,65537,636,1000,1.0063599999999999,0.0043167660000000829
1.0106851059999999,65538,636,1000,1.0063599999999999,0.004325106000000023
1.0106934460000001,65537,637,1000,1.00637,0.0043234460000001196
1.0107017760000001,65538,637,1000,1.00637,0.0043317760000001204
1.010710116,65537,638,1000,1.0063800000000001,0.004330115999999995
1.010718446,65538,638,1000,1.0063800000000001,0.0043384459999999958
1.010726786,65537,639,1000,1.0063899999999999,0.0043367860000000924
1.0107351259999999,65538,639,1000,1.0063899999999999,0.0043451260000000325
1.0107434559999999,65537,640,1000,1.0064,0.0043434559999999678
1.0107517960000001,65538,640,1000,1.0064,0.0043517960000001299
1.0107601260000001,65537,641,1000,1.00641,0.0043501260000000652
1.010768466,65538,641,1000,1.00641,0.0043584660000000053
1.010776806,65537,642,1000,1.0064200000000001,0.0043568059999998798
1.010785136,65538,642,1000,1.0064200000000001,0.0043651359999998807
1.0107934759999999,65537,643,1000,1.0064299999999999,0.0043634759999999773
1.0108018059999999,65538,643,1000,1.0064299999999999,0.0043718059999999781
1.0108101460000001,65537,644,1000,1.00644,0.0043701460000000747
1.010818486,65538,644,1000,1.00644,0.0043784860000000148
1.010826816,65537,645,1000,1.0064500000000001,0.0043768159999999501
1.010835156,65538,645,1000,1.0064500000000001,0.0043851559999998901
1.010843486,65537,646,1000,1.0064599999999999,0.0043834860000000475
1.0108518259999999,65538,646,1000,1.0064599999999999,0.0043918259999999876
1.0108601660000001,65537,647,1000,1.00647,0.0043901660000000842
1.0108684960000001,65538,647,1000,1.00647,0.004398496000000085
1.010876836,65537,648,1000,1.00648,0.0043968359999999596
1.010885166,65538,648,1000,1.00648,0.0044051659999999604
1.0108935059999999,65537,649,1000,1.0064900000000001,0.0044035059999998349
1.0109018460000001,65538,649,1000,1.0064900000000001,0.004411845999999997
1.0109101760000001,65537,650,1000,1.0065,0.0044101760000001544
1.010918516,65538,650,1000,1.0065,0.0044185160000000945
1.010926846,65537,651,1000,1.00651,0.0044168460000000298
1.010935186,65538,651,1000,1.00651,0.0044251859999999699
1.0109435259999999,65537,652,1000,1.0065200000000001,0.0044235259999998444
1.0109518559999999,65538,652,1000,1.0065200000000001,0.0044318559999998453
1.0109601960000001,65537,653,1000,1.0065299999999999,0.0044301960000001639
1.0109685260000001,65538,653,1000,1.0065299999999999,0.0044385260000001647
1.010976866,65537,654,1000,1.00654,0.0044368660000000393
1.010985206,65538,654,1000,1.00654,0.0044452059999999793
1.010993536,65537,655,1000,1.0065500000000001,0.0044435359999999147
1.0110018759999999,65538,655,1000,1.0065500000000001,0.0044518759999998547
1.0110102059999999,65537,656,1000,1.0065599999999999,0.0044502060000000121
1.0110185460000001,65538,656,1000,1.0065599999999999,0.0044585460000001742
1.011026886,65537,657,1000,1.00657,0.0044568860000000488
1.011035216,65538,657,1000,1.00657,0.0044652160000000496
1.011043556,65537,658,1000,1.00658,0.0044635559999999241
1.011051886,65538,658,1000,1.00658,0.004471885999999925
1.0110602259999999,65537,659,1000,1.0065900000000001,0.0044702259999997995
1.0110685660000001,65538,659,1000,1.0065900000000001,0.0044785659999999616
1.0110768960000001,65537,660,1000,1.0065999999999999,0.004476896000000119
1.011085236,65538,660,1000,1.0065999999999999,0.0044852360000000591
1.011093566,65537,661,1000,1.00661,0.0044835659999999944
1.0111019059999999,65538,661,1000,1.00661,0.0044919059999999345
1.0111102460000001,65537,662,1000,1.0066200000000001,0.004490246000000031
1.0111185760000001,65538,662,1000,1.0066200000000001,0.0044985760000000319
1.011126916,65537,663,1000,1.0066299999999999,0.0044969160000001285
1.011135246,65538,663,1000,1.0066299999999999,0.0045052460000001293
1.011143586,65537,664,1000,1.00664,0.0045035860000000039
1.0111519259999999,65538,664,1000,1.00664,0.0045119259999999439
1.0111602559999999,65537,665,1000,1.00665,0.0045102559999998793
1.0111685960000001,65538,665,1000,1.00665,0.0045185960000000414
1.0111769260000001,65537,666,1000,1.0066600000000001,0.0045169259999999767
1.011185266,65538,666,1000,1.0066600000000001,0.0045252659999999167
1.011193606,65537,667,1000,1.00667,0.0045236060000000133
1.011201936,65538,667,1000,1.00667,0.0045319360000000142
1.0112102759999999,65537,668,1000,1.00668,0.0045302759999998887
1.0112186059999999,65538,668,1000,1.00668,0.0045386059999998896
1.0112269460000001,65537,669,1000,1.0066900000000001,0.0045369459999999862
1.011235286,65538,669,1000,1.0066900000000001,0.0045452859999999262
1.011243616,65537,670,1000,1.0066999999999999,0.0045436160000000836
1.011251956,65538,670,1000,1.0066999999999999,0.0045519560000000236
1.011260286,65537,671,1000,1.00671,0.004550285999999959
1.0112686259999999,65538,671,1000,1.00671,0.004558625999999899
1.0112769660000001,65537,672,1000,1.0067200000000001,0.0045569659999999956
1.0112852960000001,65538,672,1000,1.0067200000000001,0.0045652959999999965
1.011293636,65537,673,1000,1.0067299999999999,0.0045636360000000931
1.011301966,65538,673,1000,1.0067299999999999,0.0045719660000000939
1.0113103059999999,65537,674,1000,1.00674,0.0045703059999999684
1.0113186460000001,65538,674,1000,1.00674,0.0045786460000001306
1.0113269760000001,65537,675,1000,1.00675,0.0045769760000000659
1.011335316,65538,675,1000,1.00675,0.0045853160000000059
1.011343646,65537,676,1000,1.0067600000000001,0.0045836459999999413
1.011351986,65538,676,1000,1.0067600000000001,0.0045919859999998813
1.0113603259999999,65537,677,1000,1.0067699999999999,0.0045903259999999779
1.0113686559999999,65538,677,1000,1.0067699999999999,0.0045986559999999788
1.0113769960000001,65537,678,1000,1.00678,0.0045969960000000754
1.0113853260000001,65538,678,1000,1.00678,0.0046053260000000762
1.011393666,65537,679,1000,1.0067900000000001,0.0046036659999999507
1.011402006,65538,679,1000,1.0067900000000001,0.0046120059999998908
1.011410336,65537,680,1000,1.0067999999999999,0.0046103360000000482
1.0114186759999999,65538,680,1000,1.0067999999999999,0.0046186759999999882
1.0114270059999999,65537,681,1000,1.00681,0.0046170059999999236
1.0114353460000001,65538,681,1000,1.00681,0.0046253460000000857
1.011443686,65537,682,1000,1.00682,0.0046236859999999602
1.011452016,65538,682,1000,1.00682,0.0046320159999999611
1.0114603559999999,65537,683,1000,1.0068299999999999,0.0046303560000000576
1.011468686,65538,683,1000,1.0068299999999999,0.0046386860000000585
1.0114770259999999,65537,684,1000,1.00684,0.004637025999999933
1.0114853660000001,65538,684,1000,1.00684,0.0046453660000000951
1.0114936960000001,65537,685,1000,1.00685,0.0046436960000000305
1.011502036,65538,685,1000,1.00685,0.0046520359999999705
1.011510366,65537,686,1000,1.0068600000000001,0.0046503659999999059
1.0115187059999999,65538,686,1000,1.0068600000000001,0.0046587059999998459
1.0115270460000001,65537,687,1000,1.0068699999999999,0.0046570460000001646
1.0115353760000001,65538,687,1000,1.0068699999999999,0.0046653760000001654
1.011543716,65537,688,1000,1.00688,0.0046637160000000399
1.011552046,65538,688,1000,1.00688,0.0046720460000000408
1.011560386,65537,689,1000,1.0068900000000001,0.0046703859999999153
1.0115687259999999,65538,689,1000,1.0068900000000001,0.0046787259999998554
1.0115770559999999,65537,690,1000,1.0068999999999999,0.0046770560000000128
1.0115853960000001,65538,690,1000,1.0068999999999999,0.0046853960000001749
1.0115937260000001,65537,691,1000,1.00691,0.0046837260000001102
1.011602066,65538,691,1000,1.00691,0.0046920660000000503
1.011610406,65537,692,1000,1.00692,0.0046904059999999248
1.011618736,65538,692,1000,1.00692,0.0046987359999999256
1.0116270759999999,65537,693,1000,1.0069300000000001,0.0046970759999998002
1.0116354059999999,65538,693,1000,1.0069300000000001,0.004705405999999801
1.0116437460000001,65537,694,1000,1.0069399999999999,0.0047037460000001197
1.011652086,65538,694,1000,1.0069399999999999,0.0047120860000000597
1.011660416,65537,695,1000,1.00695,0.0047104159999999951
1.0116687559999999,65538,695,1000,1.00695,0.0047187559999999351
1.0116770859999999,65537,696,1000,1.0069600000000001,0.0047170859999998704
1.0116854260000001,65538,696,1000,1.0069600000000001,0.0047254260000000325
1.011693766,65537,697,1000,1.0069699999999999,0.0047237660000001291
1.0117020960000001,65538,697,1000,1.0069699999999999,0.00473209600000013
1.011710436,65537,698,1000,1.00698,0.0047304360000000045
1.011718766,65538,698,1000,1.00698,0.0047387660000000054
1.0117271059999999,65537,699,1000,1.0069900000000001,0.0047371059999998799
1.0117354460000001,65538,699,1000,1.0069900000000001,0.004745446000000042
1.0117437760000001,65537,700,1000,1.0069999999999999,0.0047437760000001994
1.011752116,65538,700,1000,1.0069999999999999,0.0047521160000001395
1.011760446,65537,701,1000,1.00701,0.0047504460000000748
1.011768786,65538,701,1000,1.00701,0.0047587860000000148
1.0117771259999999,65537,702,1000,1.00702,0.0047571259999998894
1.0117854559999999,65538,702,1000,1.00702,0.0047654559999998902
1.0117937960000001,65537,703,1000,1.0070300000000001,0.0047637959999999868
1.0118021260000001,65538,703,1000,1.0070300000000001,0.0047721259999999877
1.011810466,65537,704,1000,1.0070399999999999,0.0047704660000000843
1.011818806,65538,704,1000,1.0070399999999999,0.0047788060000000243
1.011827136,65537,705,1000,1.00705,0.0047771359999999596
1.0118354759999999,65538,705,1000,1.00705,0.0047854759999998997
1.0118438059999999,65537,706,1000,1.0070600000000001,0.004783805999999835
1.0118521460000001,65538,706,1000,1.0070600000000001,0.0047921459999999971
1.011860486,65537,707,1000,1.0070699999999999,0.0047904860000000937
1.011868816,65538,707,1000,1.0070699999999999,0.0047988160000000946
1.0118771559999999,65537,708,1000,1.00708,0.0047971559999999691
1.0118854859999999,65538,708,1000,1.00708,0.0048054859999999699
1.0118938260000001,65537,709,1000,1.00709,0.0048038260000000665
1.011902166,65538,709,1000,1.00709,0.0048121660000000066
1.011910496,65537,710,1000,1.0071000000000001,0.0048104959999999419
1.011918836,65538,710,1000,1.0071000000000001,0.004818835999999882
1.011927166,65537,711,1000,1.0071099999999999,0.0048171660000000394
1.0119355059999999,65538,711,1000,1.0071099999999999,0.0048255059999999794
1.0119438460000001,65537,712,1000,1.00712,0.004823846000000076
1.0119521760000001,65538,712,1000,1.00712,0.0048321760000000769
1.011960516,65537,713,1000,1.0071300000000001,0.0048305159999999514
1.011968846,65538,713,1000,1.0071300000000001,0.0048388459999999522
1.011977186,65537,714,1000,1.0071399999999999,0.0048371860000000488
1.0119855259999999,65538,714,1000,1.0071399999999999,0.0048455259999999889
1.0119938559999999,65537,715,1000,1.00715,0.0048438559999999242
1.0120021960000001,65538,715,1000,1.00715,0.0048521960000000863
1.0120105260000001,65537,716,1000,1.0071600000000001,0.0048505260000000217
1.012018866,65538,716,1000,1.0071600000000001,0.0048588659999999617
1.012027206,65537,717,1000,1.0071699999999999,0.0048572060000000583
1.012035536,65538,717,1000,1.0071699999999999,0.0048655360000000591
1.0120438759999999,65537,718,1000,1.00718,0.0048638759999999337
1.0120522059999999,65538,718,1000,1.00718,0.0048722059999999345
1.0120605460000001,65537,719,1000,1.00719,0.0048705460000000311
1.012068886,65538,719,1000,1.00719,0.0048788859999999712
1.012077216,65537,720,1000,1.0072000000000001,0.0048772159999999065
1.0120855559999999,65538,720,1000,1.0072000000000001,0.0048855559999998466
1.0120938859999999,65537,721,1000,1.0072099999999999,0.0048838860000000039
1.0121022260000001,65538,721,1000,1.0072099999999999,0.0048922260000001661
1.012110566,65537,722,1000,1.00722,0.0048905660000000406
1.012118896,65538,722,1000,1.00722,0.0048988960000000414
1.012127236,65537,723,1000,1.0072300000000001,0.004897235999999916
1.012135566,65538,723,1000,1.0072300000000001,0.0049055659999999168
1.0121439059999999,65537,724,1000,1.0072399999999999,0.0049039060000000134
1.0121522460000001,65538,724,1000,1.0072399999999999,0.0049122460000001755
1.0121605760000001,65537,725,1000,1.00725,0.0049105760000001109
1.012168916,65538,725,1000,1.00725,0.0049189160000000509
1.012177246,65537,726,1000,1.00726,0.0049172459999999862
1.012185586,65538,726,1000,1.00726,0.0049255859999999263
1.0121939259999999,65537,727,1000,1.0072700000000001,0.0049239259999998009
1.0122022559999999,65538,727,1000,1.0072700000000001,0.0049322559999998017
1.0122105960000001,65537,728,1000,1.00728,0.0049305960000001203
1.0122189260000001,65538,728,1000,1.00728,0.0049389260000001212
1.012227266,65537,729,1000,1.00729,0.0049372659999999957
1.012235606,65538,729,1000,1.00729,0.0049456059999999358
1.012243936,65537,730,1000,1.0073000000000001,0.0049439359999998711
1.0122522759999999,65538,730,1000,1.0073000000000001,0.0049522759999998112
1.0122606059999999,65537,731,1000,1.0073099999999999,0.0049506059999999685
1.0122689460000001,65538,731,1000,1.0073099999999999,0.0049589460000001306
1.012277286,65537,732,1000,1.00732,0.0049572860000000052
1.012285616,65538,732,1000,1.00732,0.004965616000000006
1.0122939559999999,65537,733,1000,1.0073300000000001,0.0049639559999998806
1.0123022859999999,65538,733,1000,1.0073300000000001,0.0049722859999998814
1.0123106260000001,65537,734,1000,1.0073399999999999,0.0049706260000002001
1.012318966,65538,734,1000,1.0073399999999999,0.0049789660000001401
1.012327296,65537,735,1000,1.00735,0.0049772960000000754
1.012335636,65538,735,1000,1.00735,0.0049856360000000155
1.012343966,65537,736,1000,1.00736,0.0049839659999999508
1.0123523059999999,65538,736,1000,1.00736,0.0049923059999998909
1.0123606460000001,65537,737,1000,1.0073700000000001,0.0049906459999999875
1.0123689760000001,65538,737,1000,1.0073700000000001,0.0049989759999999883
1.012377316,65537,738,1000,1.0073799999999999,0.0049973160000000849
1.012385646,65538,738,1000,1.0073799999999999,0.0050056460000000857
1.012393986,65537,739,1000,1.00739,0.0050039859999999603
1.0124023259999999,65538,739,1000,1.00739,0.0050123259999999004
1.0124106559999999,65537,740,1000,1.0074000000000001,0.0050106559999998357
1.0124189960000001,65538,740,1000,1.0074000000000001,0.0050189959999999978
1.0124273260000001,65537,741,1000,1.0074099999999999,0.0050173260000001552
1.012435666,65538,741,1000,1.0074099999999999,0.0050256660000000952
1.012444006,65537,742,1000,1.00742,0.0050240059999999698
1.012452336,65538,742,1000,1.00742,0.0050323359999999706
1.0124606759999999,65537,743,1000,1.00743,0.0050306759999998452
1.0124690059999999,65538,743,1000,1.00743,0.005039005999999846
1.0124773460000001,65537,744,1000,1.0074399999999999,0.0050373460000001646
1.012485686,65538,744,1000,1.0074399999999999,0.0050456860000001047
1.012494016,65537,745,1000,1.00745,0.00504401600000004
1.0125023559999999,65538,745,1000,1.00745,0.0050523559999999801
1.0125106859999999,65537,746,1000,1.00746,0.0050506859999999154
1.0125190260000001,65538,746,1000,1.00746,0.0050590260000000775
1.012527366,65537,747,1000,1.0074700000000001,0.0050573659999999521
1.012535696,65538,747,1000,1.0074700000000001,0.0050656959999999529
1.012544036,65537,748,1000,1.0074799999999999,0.0050640360000000495
1.012552366,65538,748,1000,1.0074799999999999,0.0050723660000000503
1.0125607059999999,65537,749,1000,1.00749,0.0050707059999999249
1.0125690460000001,65538,749,1000,1.00749,0.005079046000000087
1.0125773760000001,65537,750,1000,1.0075000000000001,0.0050773760000000223
1.012585716,65538,750,1000,1.0075000000000001,0.0050857159999999624
1.012594046,65537,751,1000,1.0075099999999999,0.0050840460000001197
1.012602386,65538,751,1000,1.0075099999999999,0.0050923860000000598
1.0126107259999999,65537,752,1000,1.00752,0.0050907259999999344
1.0126190559999999,65538,752,1000,1.00752,0.0050990559999999352
1.0126273960000001,65537,753,1000,1.00753,0.0050973960000000318
1.0126357260000001,65538,753,1000,1.00753,0.0051057260000000326
1.012644066,65537,754,1000,1.0075400000000001,0.0051040659999999072
1.0126524059999999,65538,754,1000,1.0075400000000001,0.0051124059999998472
1.012660736,65537,755,1000,1.0075499999999999,0.0051107360000000046
1.0126690759999999,65538,755,1000,1.0075499999999999,0.0051190759999999447
1.0126774059999999,65537,756,1000,1.00756,0.00511740599999988
1.0126857460000001,65538,756,1000,1.00756,0.0051257460000000421
1.012694086,65537,757,1000,1.0075700000000001,0.0051240859999999167
1.012702416,65538,757,1000,1.0075700000000001,0.0051324159999999175
1.0127107559999999,65537,758,1000,1.0075799999999999,0.0051307560000000141
1.0127190859999999,65538,758,1000,1.0075799999999999,0.0051390860000000149
1.0127274260000001,65537,759,1000,1.00759,0.0051374260000001115
1.012735766,65538,759,1000,1.00759,0.0051457660000000516
1.012744096,65537,760,1000,1.0076000000000001,0.0051440959999999869
1.012752436,65538,760,1000,1.0076000000000001,0.005152435999999927
1.012760766,65537,761,1000,1.0076099999999999,0.0051507660000000843
1.0127691059999999,65538,761,1000,1.0076099999999999,0.0051591060000000244
1.0127774460000001,65537,762,1000,1.00762,0.005157446000000121
1.0127857760000001,65538,762,1000,1.00762,0.0051657760000001218
1.012794116,65537,763,1000,1.00763,0.0051641159999999964
1.012802446,65538,763,1000,1.00763,0.0051724459999999972
1.012810786,65537,764,1000,1.0076400000000001,0.0051707859999998718
1.0128191259999999,65538,764,1000,1.0076400000000001,0.0051791259999998118
1.0128274559999999,65537,765,1000,1.0076499999999999,0.0051774559999999692
1.0128357960000001,65538,765,1000,1.0076499999999999,0.0051857960000001313
1.0128441260000001,65537,766,1000,1.00766,0.0051841260000000666
1.012852466,65538,766,1000,1.00766,0.0051924660000000067
1.0128608059999999,65537,767,1000,1.0076700000000001,0.0051908059999998812
1.0128691359999999,65538,767,1000,1.0076700000000001,0.0051991359999998821
1.0128774760000001,65537,768,1000,1.0076799999999999,0.0051974760000002007
1.0128858060000001,65538,768,1000,1.0076799999999999,0.0052058060000002015
1.0128941460000001,65537,769,1000,1.00769,0.0052041460000000761
1.012902486,65538,769,1000,1.00769,0.0052124860000000162
1.012910816,65537,770,1000,1.0077,0.0052108159999999515
1.0129191559999999,65538,770,1000,1.0077,0.0052191559999998915
1.0129274859999999,65537,771,1000,1.0077100000000001,0.0052174859999998269
1.0129358260000001,65538,771,1000,1.0077100000000001,0.005225825999999989
1.012944166,65537,772,1000,1.0077199999999999,0.0052241660000000856
1.012952496,65538,772,1000,1.0077199999999999,0.0052324960000000864
1.012960836,65537,773,1000,1.00773,0.005230835999999961
1.012969166,65538,773,1000,1.00773,0.0052391659999999618
1.0129775059999999,65537,774,1000,1.0077400000000001,0.0052375059999998363
1.0129858460000001,65538,774,1000,1.0077400000000001,0.0052458459999999985
1.0129941760000001,65537,775,1000,1.0077499999999999,0.0052441760000001558
1.013002516,65538,775,1000,1.0077499999999999,0.0052525160000000959
1.013010846,65537,776,1000,1.00776,0.0052508460000000312
1.013019186,65538,776,1000,1.00776,0.0052591859999999713
1.0130275259999999,65537,777,1000,1.0077700000000001,0.0052575259999998458
1.0130358559999999,65538,777,1000,1.0077700000000001,0.0052658559999998467
1.0130441960000001,65537,778,1000,1.0077799999999999,0.0052641960000001653
1.0130525260000001,65538,778,1000,1.0077799999999999,0.0052725260000001661
1.013060866,65537,779,1000,1.00779,0.0052708660000000407
1.0130692059999999,65538,779,1000,1.00779,0.0052792059999999807
1.0130775359999999,65537,780,1000,1.0078,0.0052775359999999161
1.0130858760000001,65538,780,1000,1.0078,0.0052858760000000782
1.0130942060000001,65537,781,1000,1.0078100000000001,0.0052842060000000135
1.013102546,65538,781,1000,1.0078100000000001,0.0052925459999999536
1.013110886,65537,782,1000,1.0078199999999999,0.0052908860000000502
1.013119216,65538,782,1000,1.0078199999999999,0.005299216000000051
1.0131275559999999,65537,783,1000,1.00783,0.0052975559999999255
1.0131358859999999,65538,783,1000,1.00783,0.0053058859999999264
1.0131442260000001,65537,784,1000,1.0078400000000001,0.005304226000000023
1.013152566,65538,784,1000,1.0078400000000001,0.005312565999999963
1.013160896,65537,785,1000,1.0078499999999999,0.0053108960000001204
1.013169236,65538,785,1000,1.0078499999999999,0.0053192360000000605
1.013177566,65537,786,1000,1.00786,0.0053175659999999958
1.0131859059999999,65538,786,1000,1.00786,0.0053259059999999359
1.0131942460000001,65537,787,1000,1.00787,0.0053242460000000325
1.0132025760000001,65538,787,1000,1.00787,0.0053325760000000333
1.013210916,65537,788,1000,1.0078800000000001,0.0053309159999999078
1.013219246,65538,788,1000,1.0078800000000001,0.0053392459999999087
1.013227586,65537,789,1000,1.00789,0.0053375860000000053
1.0132359259999999,65538,789,1000,1.00789,0.0053459259999999453
1.0132442559999999,65537,790,1000,1.0079,0.0053442559999998807
1.0132525960000001,65538,790,1000,1.0079,0.0053525960000000428
1.0132609260000001,65537,791,1000,1.0079100000000001,0.0053509259999999781
1.013269266,65538,791,1000,1.0079100000000001,0.0053592659999999182
1.0132776059999999,65537,792,1000,1.0079199999999999,0.0053576060000000147
1.0132859359999999,65538,792,1000,1.0079199999999999,0.0053659360000000156
1.0132942760000001,65537,793,1000,1.00793,0.0053642760000001122
1.0133026060000001,65538,793,1000,1.00793,0.005372606000000113
1.013310946,65537,794,1000,1.0079400000000001,0.0053709459999999876
1.013319286,65538,794,1000,1.0079400000000001,0.0053792859999999276
1.013327616,65537,795,1000,1.0079499999999999,0.005377616000000085
1.0133359559999999,65538,795,1000,1.0079499999999999,0.0053859560000000251
1.0133442859999999,65537,796,1000,1.00796,0.0053842859999999604
1.0133526260000001,65538,796,1000,1.00796,0.0053926260000001225
1.013360966,65537,797,1000,1.00797,0.005390965999999997
1.013369296,65538,797,1000,1.00797,0.0053992959999999979
1.013377636,65537,798,1000,1.0079800000000001,0.0053976359999998724
1.013385966,65538,798,1000,1.0079800000000001,0.0054059659999998733
1.0133943059999999,65537,799,1000,1.0079899999999999,0.0054043059999999699
1.0134026460000001,65538,799,1000,1.0079899999999999,0.005412646000000132
1.0134109760000001,65537,800,1000,1.008,0.0054109760000000673
1.013419316,65538,800,1000,1.008,0.0054193160000000073
1.013427646,65537,801,1000,1.0080100000000001,0.0054176459999999427
1.013435986,65538,801,1000,1.0080100000000001,0.0054259859999998827
1.0134443259999999,65537,802,1000,1.0080199999999999,0.0054243259999999793
1.0134526559999999,65538,802,1000,1.0080199999999999,0.0054326559999999802
1.0134609960000001,65537,803,1000,1.00803,0.0054309960000000768
1.0134693260000001,65538,803,1000,1.00803,0.0054393260000000776
1.013477666,65537,804,1000,1.00804,0.0054376659999999521
1.0134860059999999,65538,804,1000,1.00804,0.0054460059999998922
1.0134943359999999,65537,805,1000,1.0080499999999999,0.0054443360000000496
1.0135026760000001,65538,805,1000,1.0080499999999999,0.0054526760000002117
1.0135110060000001,65537,806,1000,1.00806,0.005451006000000147
1.013519346,65538,806,1000,1.00806,0.0054593460000000871
1.013527686,65537,807,1000,1.00807,0.0054576859999999616
1.013536016,65538,807,1000,1.00807,0.0054660159999999625
1.0135443559999999,65537,808,1000,1.0080800000000001,0.005464355999999837
1.0135526859999999,65538,808,1000,1.0080800000000001,0.0054726859999998378
1.0135610260000001,65537,809,1000,1.0080899999999999,0.0054710260000001565
1.013569366,65538,809,1000,1.0080899999999999,0.0054793660000000965
1.013577696,65537,810,1000,1.0081,0.0054776960000000319
1.013586036,65538,810,1000,1.0081,0.0054860359999999719
1.013594366,65537,811,1000,1.0081100000000001,0.0054843659999999073
1.0136027059999999,65538,811,1000,1.0081100000000001,0.0054927059999998473
1.0136110460000001,65537,812,1000,1.0081199999999999,0.005491046000000166
1.0136193760000001,65538,812,1000,1.0081199999999999,0.0054993760000001668
1.013627716,65537,813,1000,1.00813,0.0054977160000000413
1.013636046,65538,813,1000,1.00813,0.0055060460000000422
1.013644386,65537,814,1000,1.00814,0.0055043859999999167
1.0136527259999999,65538,814,1000,1.00814,0.0055127259999998568
1.0136610559999999,65537,815,1000,1.0081500000000001,0.0055110559999997921
1.0136693960000001,65538,815,1000,1.0081500000000001,0.0055193959999999542
1.0136777260000001,65537,816,1000,1.0081599999999999,0.0055177260000001116
1.013686066,65538,816,1000,1.0081599999999999,0.0055260660000000517
1.0136944059999999,65537,817,1000,1.00817,0.0055244059999999262
1.0137027359999999,65538,817,1000,1.00817,0.005532735999999927
1.0137110760000001,65537,818,1000,1.0081800000000001,0.0055310760000000236
1.0137194060000001,65538,818,1000,1.0081800000000001,0.0055394060000000245
1.013727746,65537,819,1000,1.0081899999999999,0.0055377460000001211
1.013736086,65538,819,1000,1.0081899999999999,0.0055460860000000611
1.013744416,65537,820,1000,1.0082,0.0055444159999999965
1.0137527559999999,65538,820,1000,1.0082,0.0055527559999999365
1.0137610859999999,65537,821,1000,1.0082100000000001,0.0055510859999998718
1.0137694260000001,65538,821,1000,1.0082100000000001,0.005559426000000034
1.013777766,65537,822,1000,1.0082199999999999,0.0055577660000001305
1.013786096,65538,822,1000,1.0082199999999999,0.0055660960000001314
1.013794436,65537,823,1000,1.00823,0.0055644360000000059
1.013802766,65538,823,1000,1.00823,0.0055727660000000068
1.0138111059999999,65537,824,1000,1.00824,0.0055711059999998813
1.0138194460000001,65538,824,1000,1.00824,0.0055794460000000434
1.0138277760000001,65537,825,1000,1.0082500000000001,0.0055777759999999788
1.013836116,65538,825,1000,1.0082500000000001,0.0055861159999999188
1.013844446,65537,826,1000,1.0082599999999999,0.0055844460000000762
1.013852786,65538,826,1000,1.0082599999999999,0.0055927860000000162
1.0138611259999999,65537,827,1000,1.00827,0.0055911259999998908
1.0138694559999999,65538,827,1000,1.00827,0.0055994559999998916
1.0138777960000001,65537,828,1000,1.0082800000000001,0.0055977959999999882
1.0138861260000001,65538,828,1000,1.0082800000000001,0.0056061259999999891
1.013894466,65537,829,1000,1.0082899999999999,0.0056044660000000857
1.0139028059999999,65538,829,1000,1.0082899999999999,0.0056128060000000257
1.0139111359999999,65537,830,1000,1.0083,0.005611135999999961
1.0139194760000001,65538,830,1000,1.0083,0.0056194760000001232
1.0139278060000001,65537,831,1000,1.00831,0.0056178060000000585
1.013936146,65538,831,1000,1.00831,0.0056261459999999985
1.013944486,65537,832,1000,1.0083200000000001,0.0056244859999998731
1.013952816,65538,832,1000,1.0083200000000001,0.0056328159999998739
1.0139611559999999,65537,833,1000,1.0083299999999999,0.0056311559999999705
1.0139694859999999,65538,833,1000,1.0083299999999999,0.0056394859999999714
1.0139778260000001,65537,834,1000,1.00834,0.0056378260000000679
1.013986166,65538,834,1000,1.00834,0.005646166000000008
1.013994496,65537,835,1000,1.0083500000000001,0.0056444959999999433
1.014002836,65538,835,1000,1.0083500000000001,0.0056528359999998834
1.014011166,65537,836,1000,1.0083599999999999,0.0056511660000000408
1.0140195059999999,65538,836,1000,1.0083599999999999,0.0056595059999999808
1.0140278460000001,65537,837,1000,1.00837,0.0056578460000000774
1.0140361760000001,65538,837,1000,1.00837,0.0056661760000000783
1.014044516,65537,838,1000,1.0083800000000001,0.0056645159999999528
1.014052846,65538,838,1000,1.0083800000000001,0.0056728459999999536
1.0140611859999999,65537,839,1000,1.0083899999999999,0.0056711860000000502
1.0140695260000001,65538,839,1000,1.0083899999999999,0.0056795260000002123
1.0140778560000001,65537,840,1000,1.0084,0.0056778560000001477
1.0140861960000001,65538,840,1000,1.0084,0.0056861960000000877
1.0140945260000001,65537,841,1000,1.00841,0.0056845260000000231
1.014102866,65538,841,1000,1.00841,0.0056928659999999631
1.0141112059999999,65537,842,1000,1.0084200000000001,0.0056912059999998377
1.0141195359999999,65538,842,1000,1.0084200000000001,0.0056995359999998385
1.0141278760000001,65537,843,1000,1.0084299999999999,0.0056978760000001571
1.0141362060000001,65538,843,1000,1.0084299999999999,0.005706206000000158
1.014144546,65537,844,1000,1.00844,0.0057045460000000325
1.014152886,65538,844,1000,1.00844,0.0057128859999999726
1.014161216,65537,845,1000,1.0084500000000001,0.0057112159999999079
1.0141695559999999,65538,845,1000,1.0084500000000001,0.005719555999999848
1.0141778859999999,65537,846,1000,1.0084599999999999,0.0057178860000000054
1.0141862260000001,65538,846,1000,1.0084599999999999,0.0057262260000001675
1.014194566,65537,847,1000,1.00847,0.005724566000000042
1.014202896,65538,847,1000,1.00847,0.0057328960000000428
1.014211236,65537,848,1000,1.00848,0.0057312359999999174
1.014219566,65538,848,1000,1.00848,0.0057395659999999182
1.0142279059999999,65537,849,1000,1.0084900000000001,0.0057379059999997928
1.0142362460000001,65538,849,1000,1.0084900000000001,0.0057462459999999549
1.0142445760000001,65537,850,1000,1.0085,0.0057445760000001123
1.014252916,65538,850,1000,1.0085,0.0057529160000000523
1.014261246,65537,851,1000,1.00851,0.0057512459999999876
1.0142695859999999,65538,851,1000,1.00851,0.0057595859999999277
1.0142779260000001,65537,852,1000,1.0085200000000001,0.0057579260000000243
1.0142862560000001,65538,852,1000,1.0085200000000001,0.0057662560000000251
1.014294596,65537,853,1000,1.0085299999999999,0.0057645960000001217
1.014302926,65538,853,1000,1.0085299999999999,0.0057729260000001226
1.014311266,65537,854,1000,1.00854,0.0057712659999999971
1.0143196059999999,65538,854,1000,1.00854,0.0057796059999999372
1.0143279359999999,65537,855,1000,1.0085500000000001,0.0057779359999998725
1.0143362760000001,65538,855,1000,1.0085500000000001,0.0057862760000000346
1.0143446060000001,65537,856,1000,1.0085599999999999,0.005784606000000192
1.014352946,65538,856,1000,1.0085599999999999,0.005792946000000132
1.014361286,65537,857,1000,1.00857,0.0057912860000000066
1.014369616,65538,857,1000,1.00857,0.0057996160000000074
1.0143779559999999,65537,858,1000,1.00858,0.005797955999999882
1.0143862859999999,65538,858,1000,1.00858,0.0058062859999998828
1.0143946260000001,65537,859,1000,1.0085900000000001,0.0058046259999999794
1.014402966,65538,859,1000,1.0085900000000001,0.0058129659999999195
1.014411296,65537,860,1000,1.0085999999999999,0.0058112960000000768
1.014419636,65538,860,1000,1.0085999999999999,0.0058196360000000169
1.014427966,65537,861,1000,1.00861,0.0058179659999999522
1.0144363059999999,65538,861,1000,1.00861,0.0058263059999998923
1.0144446460000001,65537,862,1000,1.0086200000000001,0.0058246459999999889
1.0144529760000001,65538,862,1000,1.0086200000000001,0.0058329759999999897
1.014461316,65537,863,1000,1.0086299999999999,0.0058313160000000863
1.014469646,65538,863,1000,1.0086299999999999,0.0058396460000000872
1.0144779859999999,65537,864,1000,1.00864,0.0058379859999999617
1.0144863260000001,65538,864,1000,1.00864,0.0058463260000001238
1.0144946560000001,65537,865,1000,1.00865,0.0058446560000000591
1.014502996,65538,865,1000,1.00865,0.0058529959999999992
1.014511326,65537,866,1000,1.0086599999999999,0.0058513260000001566
1.014519666,65538,866,1000,1.0086599999999999,0.0058596660000000966
1.0145280059999999,65537,867,1000,1.00867,0.0058580059999999712
1.0145363359999999,65538,867,1000,1.00867,0.005866335999999972
1.0145446760000001,65537,868,1000,1.00868,0.0058646760000000686
1.0145530060000001,65538,868,1000,1.00868,0.0058730060000000694
1.014561346,65537,869,1000,1.0086900000000001,0.005871345999999944
1.014569686,65538,869,1000,1.0086900000000001,0.0058796859999998841
1.014578016,65537,870,1000,1.0086999999999999,0.0058780160000000414
1.0145863559999999,65538,870,1000,1.0086999999999999,0.0058863559999999815
1.0145946859999999,65537,871,1000,1.00871,0.0058846859999999168
1.0146030260000001,65538,871,1000,1.00871,0.0058930260000000789
1.014611366,65537,872,1000,1.0087200000000001,0.0058913659999999535
1.014619696,65538,872,1000,1.0087200000000001,0.0058996959999999543
1.014628036,65537,873,1000,1.0087299999999999,0.0058980360000000509
1.014636366,65538,873,1000,1.0087299999999999,0.0059063660000000517
1.0146447059999999,65537,874,1000,1.00874,0.0059047059999999263
1.0146530460000001,65538,874,1000,1.00874,0.0059130460000000884
1.0146613760000001,65537,875,1000,1.00875,0.0059113760000000237
1.014669716,65538,875,1000,1.00875,0.0059197159999999638
1.014678046,65537,876,1000,1.0087600000000001,0.0059180459999998991
1.0146863859999999,65538,876,1000,1.0087600000000001,0.0059263859999998392
1.0146947260000001,65537,877,1000,1.0087699999999999,0.0059247260000001578
1.0147030560000001,65538,877,1000,1.0087699999999999,0.0059330560000001586
1.014711396,65537,878,1000,1.00878,0.0059313960000000332
1.014719726,65538,878,1000,1.00878,0.005939726000000034
1.014728066,65537,879,1000,1.0087900000000001,0.0059380659999999086
1.0147364059999999,65538,879,1000,1.0087900000000001,0.0059464059999998486
1.0147447359999999,65537,880,1000,1.0087999999999999,0.005944736000000006
1.0147530760000001,65538,880,1000,1.0087999999999999,0.0059530760000001681
1.0147614060000001,65537,881,1000,1.00881,0.0059514060000001034
1.014769746,65538,881,1000,1.00881,0.0059597460000000435
1.014778086,65537,882,1000,1.0088200000000001,0.0059580859999999181
1.014786416,65538,882,1000,1.0088200000000001,0.0059664159999999189
1.0147947559999999,65537,883,1000,1.0088299999999999,0.0059647560000000155
1.0148030859999999,65538,883,1000,1.0088299999999999,0.0059730860000000163
1.0148114260000001,65537,884,1000,1.00884,0.0059714260000001129
1.014819766,65538,884,1000,1.00884,0.005979766000000053
1.014828096,65537,885,1000,1.00885,0.0059780959999999883
1.014836436,65538,885,1000,1.00885,0.0059864359999999284
1.014844766,65537,886,1000,1.0088600000000001,0.0059847659999998637
1.0148531059999999,65538,886,1000,1.0088600000000001,0.0059931059999998038
1.0148614460000001,65537,887,1000,1.0088699999999999,0.0059914460000001224
1.0148697760000001,65538,887,1000,1.0088699999999999,0.0059997760000001232
1.014878116,65537,888,1000,1.00888,0.0059981159999999978
1.014886446,65538,888,1000,1.00888,0.0060064459999999986
1.0148947859999999,65537,889,1000,1.0088900000000001,0.0060047859999998732
1.0149031260000001,65538,889,1000,1.0088900000000001,0.0060131260000000353
1.0149114560000001,65537,890,1000,1.0088999999999999,0.0060114560000001926
1.014919796,65538,890,1000,1.0088999999999999,0.0060197960000001327
1.014928126,65537,891,1000,1.00891,0.006018126000000068
1.014936466,65538,891,1000,1.00891,0.0060264660000000081
1.0149448059999999,65537,892,1000,1.00892,0.0060248059999998826
1.0149531359999999,65538,892,1000,1.00892,0.0060331359999998835
1.0149614760000001,65537,893,1000,1.0089300000000001,0.0060314759999999801
1.0149698060000001,65538,893,1000,1.0089300000000001,0.0060398059999999809
1.014978146,65537,894,1000,1.0089399999999999,0.0060381460000000775
1.014986486,65538,894,1000,1.0089399999999999,0.0060464860000000176
1.014994816,65537,895,1000,1.00895,0.0060448159999999529
1.0150031559999999,65538,895,1000,1.00895,0.006053155999999893
1.0150114859999999,65537,896,1000,1.0089600000000001,0.0060514859999998283
1.0150198260000001,65538,896,1000,1.0089600000000001,0.0060598259999999904
1.015028166,65537,897,1000,1.0089699999999999,0.006058166000000087
1.015036496,65538,897,1000,1.0089699999999999,0.0060664960000000878
1.015044836,65537,898,1000,1.00898,0.0060648359999999624
1.015053166,65538,898,1000,1.00898,0.0060731659999999632
1.0150615059999999,65537,899,1000,1.0089900000000001,0.0060715059999998378
1.0150698460000001,65538,899,1000,1.0089900000000001,0.0060798459999999999
1.0150781760000001,65537,900,1000,1.0089999999999999,0.0060781760000001572
1.015086516,65538,900,1000,1.0089999999999999,0.0060865160000000973
1.015094846,65537,901,1000,1.00901,0.0060848460000000326
1.0151031859999999,65538,901,1000,1.00901,0.0060931859999999727
1.0151115260000001,65537,902,1000,1.00902,0.0060915260000000693
1.0151198560000001,65538,902,1000,1.00902,0.0060998560000000701
1.015128196,65537,903,1000,1.0090300000000001,0.0060981959999999447
1.015136526,65538,903,1000,1.0090300000000001,0.0061065259999999455
1.015144866,65537,904,1000,1.0090399999999999,0.0061048660000000421
1.0151532059999999,65538,904,1000,1.0090399999999999,0.0061132059999999822
1.0151615359999999,65537,905,1000,1.00905,0.0061115359999999175
1.0151698760000001,65538,905,1000,1.00905,0.0061198760000000796
1.0151782060000001,65537,906,1000,1.0090600000000001,0.0061182060000000149
1.015186546,65538,906,1000,1.0090600000000001,0.006126545999999955
1.015194886,65537,907,1000,1.0090699999999999,0.0061248860000000516
1.015203216,65538,907,1000,1.0090699999999999,0.0061332160000000524
1.0152115559999999,65537,908,1000,1.00908,0.006131555999999927
1.0152198859999999,65538,908,1000,1.00908,0.0061398859999999278
1.0152282260000001,65537,909,1000,1.00909,0.0061382260000000244
1.015236566,65538,909,1000,1.00909,0.0061465659999999644
1.015244896,65537,910,1000,1.0091000000000001,0.0061448959999998998
1.0152532359999999,65538,910,1000,1.0091000000000001,0.0061532359999998398
1.0152615659999999,65537,911,1000,1.00911,0.0061515659999999972
1.0152699060000001,65538,911,1000,1.00911,0.0061599060000001593
1.0152782460000001,65537,912,1000,1.00912,0.0061582460000000339
1.0152865760000001,65538,912,1000,1.00912,0.0061665760000000347
1.015294916,65537,913,1000,1.0091300000000001,0.0061649159999999092
1.015303246,65538,913,1000,1.0091300000000001,0.0061732459999999101
1.0153115859999999,65537,914,1000,1.0091399999999999,0.0061715860000000067
1.0153199260000001,65538,914,1000,1.0091399999999999,0.0061799260000001688
1.0153282560000001,65537,915,1000,1.00915,0.0061782560000001041
1.015336596,65538,915,1000,1.00915,0.0061865960000000442
1.015344926,65537,916,1000,1.0091600000000001,0.0061849259999999795
1.015353266,65538,916,1000,1.0091600000000001,0.0061932659999999196
1.0153616059999999,65537,917,1000,1.0091699999999999,0.0061916060000000162
1.0153699359999999,65538,917,1000,1.0091699999999999,0.006199936000000017
1.0153782760000001,65537,918,1000,1.00918,0.0061982760000001136
1.0153866060000001,65538,918,1000,1.00918,0.0062066060000001144
1.015394946,65537,919,1000,1.00919,0.006204945999999989
1.015403286,65538,919,1000,1.00919,0.006213285999999929
1.015411616,65537,920,1000,1.0092000000000001,0.0062116159999998644
1.0154199559999999,65538,920,1000,1.0092000000000001,0.0062199559999998044
1.0154282859999999,65537,921,1000,1.0092099999999999,0.0062182859999999618
1.0154366260000001,65538,921,1000,1.0092099999999999,0.0062266260000001239
1.015444966,65537,922,1000,1.00922,0.0062249659999999984
1.015453296,65538,922,1000,1.00922,0.0062332959999999993
1.0154616359999999,65537,923,1000,1.0092300000000001,0.0062316359999998738
1.0154699659999999,65538,923,1000,1.0092300000000001,0.0062399659999998747
1.0154783060000001,65537,924,1000,1.0092399999999999,0.0062383060000001933
1.015486646,65538,924,1000,1.0092399999999999,0.0062466460000001334
1.015494976,65537,925,1000,1.00925,0.0062449760000000687
1.015503316,65538,925,1000,1.00925,0.0062533160000000088
1.015511646,65537,926,1000,1.00926,0.0062516459999999441
1.0155199859999999,65538,926,1000,1.00926,0.0062599859999998841
1.0155283260000001,65537,927,1000,1.0092699999999999,0.0062583260000002028
1.0155366560000001,65538,927,1000,1.0092699999999999,0.0062666560000002036
1.015544996,65537,928,1000,1.00928,0.0062649960000000782
1.015553326,65538,928,1000,1.00928,0.006273326000000079
1.015561666,65537,929,1000,1.00929,0.0062716659999999536
1.0155700059999999,65538,929,1000,1.00929,0.0062800059999998936
1.0155783359999999,65537,930,1000,1.0093000000000001,0.0062783359999998289
1.0155866760000001,65538,930,1000,1.0093000000000001,0.006286675999999991
1.0155950060000001,65537,931,1000,1.0093099999999999,0.0062850060000001484
1.015603346,65538,931,1000,1.0093099999999999,0.0062933460000000885
1.015611686,65537,932,1000,1.00932,0.006291685999999963
1.015620016,65538,932,1000,1.00932,0.0063000159999999639
1.0156283559999999,65537,933,1000,1.0093300000000001,0.0062983559999998384
1.0156366859999999,65538,933,1000,1.0093300000000001,0.0063066859999998393
1.0156450260000001,65537,934,1000,1.0093399999999999,0.0063050260000001579
1.015653366,65538,934,1000,1.0093399999999999,0.006313366000000098
1.015661696,65537,935,1000,1.00935,0.0063116960000000333
1.0156700359999999,65538,935,1000,1.00935,0.0063200359999999733
1.0156783659999999,65537,936,1000,1.00936,0.0063183659999999087
1.0156867060000001,65538,936,1000,1.00936,0.0063267060000000708
1.015695046,65537,937,1000,1.0093700000000001,0.0063250459999999453
1.015703376,65538,937,1000,1.0093700000000001,0.0063333759999999462
1.015711716,65537,938,1000,1.0093799999999999,0.0063317160000000428
1.015720046,65538,938,1000,1.0093799999999999,0.0063400460000000436
1.0157283859999999,65537,939,1000,1.00939,0.0063383859999999181
1.0157367260000001,65538,939,1000,1.00939,0.0063467260000000802
1.0157450560000001,65537,940,1000,1.0094000000000001,0.0063450560000000156
1.015753396,65538,940,1000,1.0094000000000001,0.0063533959999999556
1.015761726,65537,941,1000,1.0094099999999999,0.006351726000000113
1.015770066,65538,941,1000,1.0094099999999999,0.0063600660000000531
1.0157784059999999,65537,942,1000,1.00942,0.0063584059999999276
1.0157867359999999,65538,942,1000,1.00942,0.0063667359999999285
1.0157950760000001,65537,943,1000,1.00943,0.006365076000000025
1.0158034060000001,65538,943,1000,1.00943,0.0063734060000000259
1.015811746,65537,944,1000,1.0094399999999999,0.0063717460000001225
1.015820086,65538,944,1000,1.0094399999999999,0.0063800860000000625
1.015828416,65537,945,1000,1.00945,0.0063784159999999979
1.0158367559999999,65538,945,1000,1.00945,0.0063867559999999379
1.0158450859999999,65537,946,1000,1.00946,0.0063850859999998733
1.0158534260000001,65538,946,1000,1.00946,0.0063934260000000354
1.015861766,65537,947,1000,1.0094700000000001,0.0063917659999999099
1.015870096,65538,947,1000,1.0094700000000001,0.0064000959999999107
1.0158784359999999,65537,948,1000,1.0094799999999999,0.0063984360000000073
1.0158867659999999,65538,948,1000,1.0094799999999999,0.0064067660000000082
1.0158951060000001,65537,949,1000,1.00949,0.0064051060000001048
1.015903446,65538,949,1000,1.00949,0.0064134460000000448
1.015911776,65537,950,1000,1.0095000000000001,0.0064117759999999802
1.015920116,65538,950,1000,1.0095000000000001,0.0064201159999999202
1.015928446,65537,951,1000,1.0095099999999999,0.0064184460000000776
1.0159367859999999,65538,951,1000,1.0095099999999999,0.0064267860000000177
1.0159451260000001,65537,952,1000,1.00952,0.0064251260000001142
1.0159534560000001,65538,952,1000,1.00952,0.0064334560000001151
1.015961796,65537,953,1000,1.00953,0.0064317959999999896
1.015970126,65538,953,1000,1.00953,0.0064401259999999905
1.015978466,65537,954,1000,1.0095400000000001,0.006438465999999865
1.0159868059999999,65538,954,1000,1.0095400000000001,0.0064468059999998051
1.0159951359999999,65537,955,1000,1.0095499999999999,0.0064451359999999625
1.0160034760000001,65538,955,1000,1.0095499999999999,0.0064534760000001246
1.0160118060000001,65537,956,1000,1.00956,0.0064518060000000599
1.016020146,65538,956,1000,1.00956,0.0064601459999999999
1.016028486,65537,957,1000,1.0095700000000001,0.0064584859999998745
1.016036816,65538,957,1000,1.0095700000000001,0.0064668159999998753
1.0160451559999999,65537,958,1000,1.0095799999999999,0.0064651559999999719
1.0160534859999999,65538,958,1000,1.0095799999999999,0.0064734859999999728
1.0160618260000001,65537,959,1000,1.00959,0.0064718260000000694
1.016070166,65538,959,1000,1.00959,0.0064801660000000094
1.016078496,65537,960,1000,1.0096000000000001,0.0064784959999999447
1.0160868359999999,65538,960,1000,1.0096000000000001,0.0064868359999998848
1.0160951659999999,65537,961,1000,1.0096099999999999,0.0064851660000000422
1.0161035060000001,65538,961,1000,1.0096099999999999,0.0064935060000002043
1.016111846,65537,962,1000,1.00962,0.0064918460000000788
1.016120176,65538,962,1000,1.00962,0.0065001760000000797
1.016128516,65537,963,1000,1.00963,0.0064985159999999542
1.016136846,65538,963,1000,1.00963,0.0065068459999999551
1.0161451859999999,65537,964,1000,1.0096400000000001,0.0065051859999998296
1.0161535260000001,65538,964,1000,1.0096400000000001,0.0065135259999999917
1.0161618560000001,65537,965,1000,1.0096499999999999,0.0065118560000001491
1.016170196,65538,965,1000,1.0096499999999999,0.0065201960000000891
1.016178526,65537,966,1000,1.00966,0.0065185260000000245
1.016186866,65538,966,1000,1.00966,0.0065268659999999645
1.0161952059999999,65537,967,1000,1.0096700000000001,0.0065252059999998391
1.0162035359999999,65538,967,1000,1.0096700000000001,0.0065335359999998399
1.0162118760000001,65537,968,1000,1.0096799999999999,0.0065318760000001586
1.0162202060000001,65538,968,1000,1.0096799999999999,0.0065402060000001594
1.016228546,65537,969,1000,1.00969,0.0065385460000000339
1.016236886,65538,969,1000,1.00969,0.006546885999999974
1.016245216,65537,970,1000,1.0097,0.0065452159999999093
1.0162535559999999,65538,970,1000,1.0097,0.0065535559999998494
1.0162618859999999,65537,971,1000,1.0097100000000001,0.0065518859999997847
1.0162702260000001,65538,971,1000,1.0097100000000001,0.0065602259999999468
1.016278566,65537,972,1000,1.00972,0.0065585660000000434
1.016286896,65538,972,1000,1.00972,0.0065668960000000443
1.0162952359999999,65537,973,1000,1.00973,0.0065652359999999188
1.0163035659999999,65538,973,1000,1.00973,0.0065735659999999196
1.0163119060000001,65537,974,1000,1.0097400000000001,0.0065719060000000162
1.016320246,65538,974,1000,1.0097400000000001,0.0065802459999999563
1.016328576,65537,975,1000,1.0097499999999999,0.0065785760000001137
1.016336916,65538,975,1000,1.0097499999999999,0.0065869160000000537
1.016345246,65537,976,1000,1.00976,0.0065852459999999891
1.0163535859999999,65538,976,1000,1.00976,0.0065935859999999291
1.0163619260000001,65537,977,1000,1.0097700000000001,0.0065919260000000257
1.0163702560000001,65538,977,1000,1.0097700000000001,0.0066002560000000265
1.016378596,65537,978,1000,1.0097799999999999,0.0065985960000001231
1.016386926,65538,978,1000,1.0097799999999999,0.006606926000000124
1.016395266,65537,979,1000,1.00979,0.0066052659999999985
1.0164036059999999,65538,979,1000,1.00979,0.0066136059999999386
1.0164119359999999,65537,980,1000,1.0098,0.0066119359999998739
1.0164202760000001,65538,980,1000,1.0098,0.006620276000000036
1.0164286060000001,65537,981,1000,1.0098100000000001,0.0066186059999999713
1.016436946,65538,981,1000,1.0098100000000001,0.0066269459999999114
1.0164452859999999,65537,982,1000,1.0098199999999999,0.006625286000000008
1.0164536159999999,65538,982,1000,1.0098199999999999,0.0066336160000000088
1.0164619560000001,65537,983,1000,1.00983,0.0066319560000001054
1.0164702859999999,65538,983,1000,1.00983,0.0066402859999998842
1.0164786260000001,65537,984,1000,1.0098400000000001,0.0066386259999999808
1.016486966,65538,984,1000,1.0098400000000001,0.0066469659999999209
1.016495296,65537,985,1000,1.0098499999999999,0.0066452960000000783
1.0165036359999999,65538,985,1000,1.0098499999999999,0.0066536360000000183
1.0165119659999999,65537,986,1000,1.00986,0.0066519659999999536
1.0165203060000001,65538,986,1000,1.00986,0.0066603060000001157
1.016528646,65537,987,1000,1.00987,0.0066586459999999903
1.016536976,65538,987,1000,1.00987,0.0066669759999999911
1.016545316,65537,988,1000,1.0098799999999999,0.0066653160000000877
1.016553646,65538,988,1000,1.0098799999999999,0.0066736460000000886
1.0165619859999999,65537,989,1000,1.00989,0.0066719859999999631
1.0165703260000001,65538,989,1000,1.00989,0.0066803260000001252
1.0165786560000001,65537,990,1000,1.0099,0.0066786560000000605
1.016586996,65538,990,1000,1.0099,0.0066869960000000006
1.016595326,65537,991,1000,1.0099100000000001,0.0066853259999999359
1.016603666,65538,991,1000,1.0099100000000001,0.006693665999999876
1.0166120059999999,65537,992,1000,1.0099199999999999,0.0066920059999999726
1.0166203359999999,65538,992,1000,1.0099199999999999,0.0067003359999999734
1.0166286760000001,65537,993,1000,1.00993,0.00669867600000007
1.0166370060000001,65538,993,1000,1.00993,0.0067070060000000709
1.016645346,65537,994,1000,1.0099400000000001,0.0067053459999999454
1.0166536859999999,65538,994,1000,1.0099400000000001,0.0067136859999998855
1.0166620159999999,65537,995,1000,1.0099499999999999,0.0067120160000000428
1.0166703560000001,65538,995,1000,1.0099499999999999,0.0067203560000002049
1.0166786860000001,65537,996,1000,1.00996,0.0067186860000001403
1.016687026,65538,996,1000,1.00996,0.0067270260000000803
1.016695366,65537,997,1000,1.00997,0.0067253659999999549
1.016703696,65538,997,1000,1.00997,0.0067336959999999557
1.0167120359999999,65537,998,1000,1.0099800000000001,0.0067320359999998303
1.0167203659999999,65538,998,1000,1.0099800000000001,0.0067403659999998311
1.0167287060000001,65537,999,1000,1.0099899999999999,0.0067387060000001497
1.016737046,65538,999,1000,1.0099899999999999,0.0067470460000000898
1.016745376,65537,1000,1000,1.01,0.0067453760000000251
1.016753716,65538,1000,1000,1.01,0.0067537159999999652
1.016762046,65537,1001,1000,1.0100100000000001,0.0067520459999999005
1.0167703859999999,65538,1001,1000,1.0100100000000001,0.0067603859999998406
1.0167787260000001,65537,1002,1000,1.0100199999999999,0.0067587260000001592
1.0167870560000001,65538,1002,1000,1.0100199999999999,0.0067670560000001601
1.016795396,65537,1003,1000,1.01003,0.0067653960000000346
1.016803726,65538,1003,1000,1.01003,0.0067737260000000354
1.016812066,65537,1004,1000,1.01004,0.00677206599999991
1.0168204059999999,65538,1004,1000,1.01004,0.0067804059999998501
1.0168287359999999,65537,1005,1000,1.0100499999999999,0.0067787360000000074
1.0168370760000001,65538,1005,1000,1.0100499999999999,0.0067870760000001695
1.0168454060000001,65537,1006,1000,1.01006,0.0067854060000001049
1.016853746,65538,1006,1000,1.01006,0.0067937460000000449
1.0168620859999999,65537,1007,1000,1.01007,0.0067920859999999195
1.0168704159999999,65538,1007,1000,1.01007,0.0068004159999999203
1.0168787560000001,65537,1008,1000,1.0100800000000001,0.0067987560000000169
1.0168870860000001,65538,1008,1000,1.0100800000000001,0.0068070860000000177
1.016895426,65537,1009,1000,1.0100899999999999,0.0068054260000001143
1.016903766,65538,1009,1000,1.0100899999999999,0.0068137660000000544
1.016912096,65537,1010,1000,1.0101,0.0068120959999999897
1.0169204359999999,65538,1010,1000,1.0101,0.0068204359999999298
1.0169287659999999,65537,1011,1000,1.0101100000000001,0.0068187659999998651
1.0169371060000001,65538,1011,1000,1.0101100000000001,0.0068271060000000272
1.016945446,65537,1012,1000,1.0101199999999999,0.0068254460000001238
1.016953776,65538,1012,1000,1.0101199999999999,0.0068337760000001246
1.016962116,65537,1013,1000,1.01013,0.0068321159999999992
1.016970446,65538,1013,1000,1.01013,0.006840446
1.0169787859999999,65537,1014,1000,1.01014,0.0068387859999998746
1.0169871260000001,65538,1014,1000,1.01014,0.0068471260000000367
1.0169954560000001,65537,1015,1000,1.0101500000000001,0.006845455999999972
1.017003796,65538,1015,1000,1.0101500000000001,0.0068537959999999121
1.017012126,65537,1016,1000,1.0101599999999999,0.0068521260000000694
1.017020466,65538,1016,1000,1.0101599999999999,0.0068604660000000095
1.0170288059999999,65537,1017,1000,1.01017,0.0068588059999998841
1.0170371359999999,65538,1017,1000,1.01017,0.0068671359999998849
1.0170454760000001,65537,1018,1000,1.0101800000000001,0.0068654759999999815
1.0170538060000001,65538,1018,1000,1.0101800000000001,0.0068738059999999823
1.017062146,65537,1019,1000,1.0101899999999999,0.0068721460000000789
1.0170704859999999,65538,1019,1000,1.0101899999999999,0.006880486000000019
1.0170788159999999,65537,1020,1000,1.0102,0.0068788159999999543
1.0170871560000001,65538,1020,1000,1.0102,0.0068871560000001164
1.0170954860000001,65537,1021,1000,1.0102100000000001,0.0068854860000000517
1.017103826,65538,1021,1000,1.0102100000000001,0.0068938259999999918
1.017112166,65537,1022,1000,1.0102199999999999,0.0068921660000000884
1.017120496,65538,1022,1000,1.0102199999999999,0.0069004960000000892
1.0171288359999999,65537,1023,1000,1.01023,0.0068988359999999638
1.0171371659999999,65538,1023,1000,1.01023,0.0069071659999999646
1.0171455060000001,65537,1024,1000,1.01024,0.0069055060000000612
1.017153846,65538,1024,1000,1.01024,0.0069138460000000013
1.017162176,65537,1025,1000,1.0102500000000001,0.0069121759999999366
1.017170516,65538,1025,1000,1.0102500000000001,0.0069205159999998767
1.017178846,65537,1026,1000,1.0102599999999999,0.006918846000000034
1.0171871859999999,65538,1026,1000,1.0102599999999999,0.0069271859999999741
1.0171955260000001,65537,1027,1000,1.01027,0.0069255260000000707
1.0172038560000001,65538,1027,1000,1.01027,0.0069338560000000715
1.017212196,65537,1028,1000,1.0102800000000001,0.0069321959999999461
1.017220526,65538,1028,1000,1.0102800000000001,0.0069405259999999469
1.017228866,65537,1029,1000,1.0102899999999999,0.0069388660000000435
1.0172372059999999,65538,1029,1000,1.0102899999999999,0.0069472059999999836
1.0172455359999999,65537,1030,1000,1.0103,0.0069455359999999189
1.0172538760000001,65538,1030,1000,1.0103,0.006953876000000081
1.0172622060000001,65537,1031,1000,1.01031,0.0069522060000000163
1.017270546,65538,1031,1000,1.01031,0.0069605459999999564
1.0172788859999999,65537,1032,1000,1.0103200000000001,0.0069588859999998309
1.0172872159999999,65538,1032,1000,1.0103200000000001,0.0069672159999998318
1.0172955560000001,65537,1033,1000,1.01033,0.0069655560000001504
1.0173038860000001,65538,1033,1000,1.01033,0.0069738860000001512
1.017312226,65537,1034,1000,1.01034,0.0069722260000000258
1.017320566,65538,1034,1000,1.01034,0.0069805659999999659
1.017328896,65537,1035,1000,1.0103500000000001,0.0069788959999999012
1.0173372359999999,65538,1035,1000,1.0103500000000001,0.0069872359999998412
1.0173455659999999,65537,1036,1000,1.0103599999999999,0.0069855659999999986
1.0173539060000001,65538,1036,1000,1.0103599999999999,0.0069939060000001607
1.017362246,65537,1037,1000,1.01037,0.0069922460000000353
1.017370576,65538,1037,1000,1.01037,0.0070005760000000361
1.017378916,65537,1038,1000,1.0103800000000001,0.0069989159999999107
1.017387246,65538,1038,1000,1.0103800000000001,0.0070072459999999115
1.0173955859999999,65537,1039,1000,1.0103899999999999,0.0070055860000000081
1.0174039260000001,65538,1039,1000,1.0103899999999999,0.0070139260000001702
1.0174122560000001,65537,1040,1000,1.0104,0.0070122560000001055
1.017420596,65538,1040,1000,1.0104,0.0070205960000000456
1.017428926,65537,1041,1000,1.01041,0.0070189259999999809
1.017437266,65538,1041,1000,1.01041,0.007027265999999921
1.0174456059999999,65537,1042,1000,1.0104200000000001,0.0070256059999997955
1.0174539359999999,65538,1042,1000,1.0104200000000001,0.0070339359999997964
1.0174622760000001,65537,1043,1000,1.0104299999999999,0.007032276000000115
1.0174706060000001,65538,1043,1000,1.0104299999999999,0.0070406060000001158
1.017478946,65537,1044,1000,1.01044,0.0070389459999999904
1.0174872859999999,65538,1044,1000,1.01044,0.0070472859999999304
1.0174956159999999,65537,1045,1000,1.0104500000000001,0.0070456159999998658
1.0175039560000001,65538,1045,1000,1.0104500000000001,0.0070539560000000279
1.0175122860000001,65537,1046,1000,1.0104599999999999,0.0070522860000001852
1.017520626,65538,1046,1000,1.0104599999999999,0.0070606260000001253
1.017528966,65537,1047,1000,1.01047,0.0070589659999999999
1.017537296,65538,1047,1000,1.01047,0.0070672960000000007
1.0175456359999999,65537,1048,1000,1.01048,0.0070656359999998752
1.0175539659999999,65538,1048,1000,1.01048,0.0070739659999998761
1.0175623060000001,65537,1049,1000,1.0104900000000001,0.0070723059999999727
1.017570646,65538,1049,1000,1.0104900000000001,0.0070806459999999127
1.017578976,65537,1050,1000,1.0105,0.0070789760000000701
1.017587316,65538,1050,1000,1.0105,0.0070873160000000102
1.017595646,65537,1051,1000,1.01051,0.0070856459999999455
1.0176039859999999,65538,1051,1000,1.01051,0.0070939859999998855
1.0176123260000001,65537,1052,1000,1.0105200000000001,0.0070923259999999821
1.0176206560000001,65538,1052,1000,1.0105200000000001,0.007100655999999983
1.017628996,65537,1053,1000,1.0105299999999999,0.0070989960000000796
1.017637326,65538,1053,1000,1.0105299999999999,0.0071073260000000804
1.0176456659999999,65537,1054,1000,1.01054,0.007105665999999955
1.0176540060000001,65538,1054,1000,1.01054,0.0071140060000001171
1.0176623359999999,65537,1055,1000,1.0105500000000001,0.0071123359999998303
1.0176706760000001,65538,1055,1000,1.0105500000000001,0.0071206759999999925
1.0176790060000001,65537,1056,1000,1.0105599999999999,0.0071190060000001498
1.017687346,65538,1056,1000,1.0105599999999999,0.0071273460000000899
1.0176956859999999,65537,1057,1000,1.01057,0.0071256859999999644
1.0177040159999999,65538,1057,1000,1.01057,0.0071340159999999653
1.0177123560000001,65537,1058,1000,1.01058,0.0071323560000000619
1.0177206860000001,65538,1058,1000,1.01058,0.0071406860000000627
1.017729026,65537,1059,1000,1.0105900000000001,0.0071390259999999373
1.017737366,65538,1059,1000,1.0105900000000001,0.0071473659999998773
1.017745696,65537,1060,1000,1.0105999999999999,0.0071456960000000347
1.0177540359999999,65538,1060,1000,1.0105999999999999,0.0071540359999999747
1.0177623659999999,65537,1061,1000,1.01061,0.0071523659999999101
1.0177707060000001,65538,1061,1000,1.01061,0.0071607060000000722
1.017779046,65537,1062,1000,1.0106200000000001,0.0071590459999999467
1.017787376,65538,1062,1000,1.0106200000000001,0.0071673759999999476
1.017795716,65537,1063,1000,1.0106299999999999,0.0071657160000000442
1.017804046,65538,1063,1000,1.0106299999999999,0.007174046000000045
1.0178123859999999,65537,1064,1000,1.01064,0.0071723859999999195
1.0178207260000001,65538,1064,1000,1.01064,0.0071807260000000817
1.0178290560000001,65537,1065,1000,1.01065,0.007179056000000017
1.017837396,65538,1065,1000,1.01065,0.007187395999999957
1.017845726,65537,1066,1000,1.0106599999999999,0.0071857260000001144
1.0178540659999999,65538,1066,1000,1.0106599999999999,0.0071940660000000545
1.0178624060000001,65537,1067,1000,1.01067,0.0071924060000001511
1.0178707360000001,65538,1067,1000,1.01067,0.0072007360000001519
1.017879076,65537,1068,1000,1.01068,0.0071990760000000265
1.0178874060000001,65538,1068,1000,1.01068,0.0072074060000000273
1.017895746,65537,1069,1000,1.0106900000000001,0.0072057459999999018
1.0179040859999999,65538,1069,1000,1.0106900000000001,0.0072140859999998419
1.0179124159999999,65537,1070,1000,1.0106999999999999,0.0072124159999999993
1.0179207560000001,65538,1070,1000,1.0106999999999999,0.0072207560000001614
1.0179290860000001,65537,1071,1000,1.01071,0.0072190860000000967
1.017937426,65538,1071,1000,1.01071,0.0072274260000000368
1.017945766,65537,1072,1000,1.0107200000000001,0.0072257659999999113
1.017954096,65538,1072,1000,1.0107200000000001,0.0072340959999999122
1.0179624359999999,65537,1073,1000,1.0107299999999999,0.0072324360000000087
1.0179707659999999,65538,1073,1000,1.0107299999999999,0.0072407660000000096
1.0179791060000001,65537,1074,1000,1.01074,0.0072391060000001062
1.017987446,65538,1074,1000,1.01074,0.0072474460000000462
1.017995776,65537,1075,1000,1.01075,0.0072457759999999816
1.018004116,65538,1075,1000,1.01075,0.0072541159999999216
1.018012446,65537,1076,1000,1.0107600000000001,0.007252445999999857
1.0180207859999999,65538,1076,1000,1.0107600000000001,0.007260785999999797
1.0180291260000001,65537,1077,1000,1.0107699999999999,0.0072591260000001157
1.0180374560000001,65538,1077,1000,1.0107699999999999,0.0072674560000001165
1.018045796,65537,1078,1000,1.01078,0.007265795999999991
1.018054126,65538,1078,1000,1.01078,0.0072741259999999919
1.0180624659999999,65537,1079,1000,1.0107900000000001,0.0072724659999998664
1.0180708060000001,65538,1079,1000,1.0107900000000001,0.0072808060000000285
1.0180791360000001,65537,1080,1000,1.0107999999999999,0.0072791360000001859
1.018087476,65538,1080,1000,1.0107999999999999,0.007287476000000126
1.018095806,65537,1081,1000,1.01081,0.0072858060000000613
1.018104146,65538,1081,1000,1.01081,0.0072941460000000014
1.0181124859999999,65537,1082,1000,1.0108200000000001,0.0072924859999998759
1.0181208159999999,65538,1082,1000,1.0108200000000001,0.0073008159999998767
1.0181291560000001,65537,1083,1000,1.0108299999999999,0.0072991560000001954
1.0181374860000001,65538,1083,1000,1.0108299999999999,0.0073074860000001962
1.018145826,65537,1084,1000,1.01084,0.0073058260000000708
1.018154166,65538,1084,1000,1.01084,0.0073141660000000108
1.018162496,65537,1085,1000,1.01085,0.0073124959999999462
1.0181708359999999,65538,1085,1000,1.01085,0.0073208359999998862
1.0181791659999999,65537,1086,1000,1.0108600000000001,0.0073191659999998215
1.0181875060000001,65538,1086,1000,1.0108600000000001,0.0073275059999999836
1.018195846,65537,1087,1000,1.0108699999999999,0.0073258460000000802
1.018204176,65538,1087,1000,1.0108699999999999,0.0073341760000000811
1.018212516,65537,1088,1000,1.01088,0.0073325159999999556
1.018220846,65538,1088,1000,1.01088,0.0073408459999999565
1.0182291859999999,65537,1089,1000,1.0108900000000001,0.007339185999999831
1.0182375260000001,65538,1089,1000,1.0108900000000001,0.0073475259999999931
1.0182458560000001,65537,1090,1000,1.0108999999999999,0.0073458560000001505
1.018254196,65538,1090,1000,1.0108999999999999,0.0073541960000000905
1.018262526,65537,1091,1000,1.01091,0.0073525260000000259
1.0182708659999999,65538,1091,1000,1.01091,0.0073608659999999659
1.0182792060000001,65537,1092,1000,1.01092,0.0073592060000000625
1.0182875360000001,65538,1092,1000,1.01092,0.0073675360000000634
1.018295876,65537,1093,1000,1.0109300000000001,0.0073658759999999379
1.018304206,65538,1093,1000,1.0109300000000001,0.0073742059999999388
1.018312546,65537,1094,1000,1.0109399999999999,0.0073725460000000353
1.0183208859999999,65538,1094,1000,1.0109399999999999,0.0073808859999999754
1.0183292159999999,65537,1095,1000,1.01095,0.0073792159999999107
1.0183375560000001,65538,1095,1000,1.01095,0.0073875560000000728
1.0183458860000001,65537,1096,1000,1.0109600000000001,0.0073858860000000082
1.018354226,65538,1096,1000,1.0109600000000001,0.0073942259999999482
1.018362566,65537,1097,1000,1.0109699999999999,0.0073925660000000448
1.018370896,65538,1097,1000,1.0109699999999999,0.0074008960000000457
1.0183792359999999,65537,1098,1000,1.01098,0.0073992359999999202
1.0183875659999999,65538,1098,1000,1.01098,0.007407565999999921
1.0183959060000001,65537,1099,1000,1.0109900000000001,0.0074059060000000176
1.018404246,65538,1099,1000,1.0109900000000001,0.0074142459999999577
1.018412576,65537,1100,1000,1.0109999999999999,0.0074125760000001151
1.018420916,65538,1100,1000,1.0109999999999999,0.0074209160000000551
1.018429246,65537,1101,1000,1.01101,0.0074192459999999905
1.0184375859999999,65538,1101,1000,1.01101,0.0074275859999999305
1.0184459260000001,65537,1102,1000,1.01102,0.0074259260000000271
1.0184542560000001,65538,1102,1000,1.01102,0.007434256000000028
1.018462596,65537,1103,1000,1.0110300000000001,0.0074325959999999025
1.018470926,65538,1103,1000,1.0110300000000001,0.0074409259999999033
1.0184792659999999,65537,1104,1000,1.0110399999999999,0.0074392659999999999
1.0184876060000001,65538,1104,1000,1.0110399999999999,0.007447606000000162
1.0184959360000001,65537,1105,1000,1.01105,0.0074459360000000974
1.018504276,65538,1105,1000,1.01105,0.0074542760000000374
1.018512606,65537,1106,1000,1.0110600000000001,0.0074526059999999728
1.018520946,65538,1106,1000,1.0110600000000001,0.0074609459999999128
1.0185292859999999,65537,1107,1000,1.0110699999999999,0.0074592860000000094
1.0185376159999999,65538,1107,1000,1.0110699999999999,0.0074676160000000102
1.0185459560000001,65537,1108,1000,1.01108,0.0074659560000001068
1.0185542860000001,65538,1108,1000,1.01108,0.0074742860000001077
1.018562626,65537,1109,1000,1.01109,0.0074726259999999822
1.018570966,65538,1109,1000,1.01109,0.0074809659999999223
1.018579296,65537,1110,1000,1.0111000000000001,0.0074792959999998576
1.0185876359999999,65538,1110,1000,1.0111000000000001,0.0074876359999997977
1.0185959659999999,65537,1111,1000,1.01111,0.007485965999999955
1.0186043060000001,65538,1111,1000,1.01111,0.0074943060000001172
1.018612646,65537,1112,1000,1.01112,0.0074926459999999917
1.018620976,65538,1112,1000,1.01112,0.0075009759999999925
1.018629316,65537,1113,1000,1.0111300000000001,0.0074993159999998671
1.018637646,65538,1113,1000,1.0111300000000001,0.0075076459999998679
1.0186459859999999,65537,1114,1000,1.0111399999999999,0.0075059859999999645
1.0186543260000001,65538,1114,1000,1.0111399999999999,0.0075143260000001266
1.0186626560000001,65537,1115,1000,1.01115,0.007512656000000062
1.018670996,65538,1115,1000,1.01115,0.007520996000000002
1.018679326,65537,1116,1000,1.0111600000000001,0.0075193259999999373
1.0186876659999999,65538,1116,1000,1.0111600000000001,0.0075276659999998774
1.0186960060000001,65537,1117,1000,1.0111699999999999,0.007526006000000196
1.0187043360000001,65538,1117,1000,1.0111699999999999,0.0075343360000001969
1.018712676,65537,1118,1000,1.01118,0.0075326760000000714
1.018721006,65538,1118,1000,1.01118,0.0075410060000000723
1.018729346,65537,1119,1000,1.01119,0.0075393459999999468
1.0187376859999999,65538,1119,1000,1.01119,0.0075476859999998869
1.0187460159999999,65537,1120,1000,1.0112000000000001,0.0075460159999998222
1.0187543560000001,65538,1120,1000,1.0112000000000001,0.0075543559999999843
1.0187626860000001,65537,1121,1000,1.0112099999999999,0.0075526860000001417
1.018771026,65538,1121,1000,1.0112099999999999,0.0075610260000000817
1.018779366,65537,1122,1000,1.01122,0.0075593659999999563
1.018787696,65538,1122,1000,1.01122,0.0075676959999999571
1.0187960359999999,65537,1123,1000,1.0112300000000001,0.0075660359999998317
1.0188043659999999,65538,1123,1000,1.0112300000000001,0.0075743659999998325
1.0188127060000001,65537,1124,1000,1.0112399999999999,0.0075727060000001511
1.018821046,65538,1124,1000,1.0112399999999999,0.0075810460000000912
1.018829376,65537,1125,1000,1.01125,0.0075793760000000265
1.0188377159999999,65538,1125,1000,1.01125,0.0075877159999999666
1.0188460459999999,65537,1126,1000,1.01126,0.0075860459999999019
1.0188543859999999,65538,1126,1000,1.01126,0.007594385999999842
1.0188627260000001,65537,1127,1000,1.0112699999999999,0.0075927260000001606
1.0188710560000001,65538,1127,1000,1.0112699999999999,0.0076010560000001615
1.018879396,65537,1128,1000,1.01128,0.007599396000000036
1.018887726,65538,1128,1000,1.01128,0.0076077260000000368
1.0188960659999999,65537,1129,1000,1.01129,0.0076060659999999114
1.0189044060000001,65538,1129,1000,1.01129,0.0076144060000000735
1.0189127360000001,65537,1130,1000,1.0113000000000001,0.0076127360000000088
1.018921076,65538,1130,1000,1.0113000000000001,0.0076210759999999489
1.018929406,65537,1131,1000,1.0113099999999999,0.0076194060000001063
1.018937746,65538,1131,1000,1.0113099999999999,0.0076277460000000463
1.0189460859999999,65537,1132,1000,1.01132,0.0076260859999999209
1.0189544159999999,65538,1132,1000,1.01132,0.0076344159999999217
1.0189627560000001,65537,1133,1000,1.0113300000000001,0.0076327560000000183
1.0189710860000001,65538,1133,1000,1.0113300000000001,0.0076410860000000191
1.018979426,65537,1134,1000,1.0113399999999999,0.0076394260000001157
1.018987766,65538,1134,1000,1.0113399999999999,0.0076477660000000558
1.018996096,65537,1135,1000,1.01135,0.0076460959999999911
1.0190044359999999,65538,1135,1000,1.01135,0.0076544359999999312
1.0190127659999999,65537,1136,1000,1.01136,0.0076527659999998665
1.0190211060000001,65538,1136,1000,1.01136,0.0076611060000000286
1.019029446,65537,1137,1000,1.0113700000000001,0.0076594459999999032
1.019037776,65538,1137,1000,1.0113700000000001,0.007667775999999904
1.0190461159999999,65537,1138,1000,1.0113799999999999,0.0076661160000000006
1.0190544459999999,65538,1138,1000,1.0113799999999999,0.0076744460000000014
1.0190627860000001,65537,1139,1000,1.01139,0.007672786000000098
1.019071126,65538,1139,1000,1.01139,0.0076811260000000381
1.0190794560000001,65537,1140,1000,1.0114000000000001,0.0076794559999999734
1.019087796,65538,1140,1000,1.0114000000000001,0.0076877959999999135
1.019096126,65537,1141,1000,1.0114099999999999,0.0076861260000000708
1.0191044659999999,65538,1141,1000,1.0114099999999999,0.0076944660000000109
1.0191128060000001,65537,1142,1000,1.01142,0.0076928060000001075
1.0191211360000001,65538,1142,1000,1.01142,0.0077011360000001083
1.019129476,65537,1143,1000,1.0114300000000001,0.0076994759999999829
1.019137806,65538,1143,1000,1.0114300000000001,0.0077078059999999837
1.019146146,65537,1144,1000,1.0114399999999999,0.0077061460000000803
1.0191544859999999,65538,1144,1000,1.0114399999999999,0.0077144860000000204
1.0191628159999999,65537,1145,1000,1.01145,0.0077128159999999557
1.0191711560000001,65538,1145,1000,1.01145,0.0077211560000001178
1.0191794860000001,65537,1146,1000,1.01146,0.0077194860000000531
1.019187826,65538,1146,1000,1.01146,0.0077278259999999932
1.019196166,65537,1147,1000,1.0114700000000001,0.0077261659999998678
1.019204496,65538,1147,1000,1.0114700000000001,0.0077344959999998686
1.0192128359999999,65537,1148,1000,1.0114799999999999,0.0077328359999999652
1.0192211659999999,65538,1148,1000,1.0114799999999999,0.007741165999999966
1.0192295060000001,65537,1149,1000,1.01149,0.0077395060000000626
1.019237846,65538,1149,1000,1.01149,0.0077478460000000027
1.019246176,65537,1150,1000,1.0115000000000001,0.007746175999999938
1.0192545159999999,65538,1150,1000,1.0115000000000001,0.0077545159999998781
1.0192628459999999,65537,1151,1000,1.0115099999999999,0.0077528460000000354
1.0192711860000001,65538,1151,1000,1.0115099999999999,0.0077611860000001975
1.019279526,65537,1152,1000,1.01152,0.0077595260000000721
1.019287856,65538,1152,1000,1.01152,0.0077678560000000729
1.019296196,65537,1153,1000,1.01153,0.0077661959999999475
1.019304526,65538,1153,1000,1.01153,0.0077745259999999483
1.0193128659999999,65537,1154,1000,1.0115400000000001,0.0077728659999998229
1.0193212060000001,65538,1154,1000,1.0115400000000001,0.007781205999999985
1.0193295360000001,65537,1155,1000,1.0115499999999999,0.0077795360000001423
1.019337876,65538,1155,1000,1.0115499999999999,0.0077878760000000824
1.019346206,65537,1156,1000,1.01156,0.0077862060000000177
1.019354546,65538,1156,1000,1.01156,0.0077945459999999578
1.0193628859999999,65537,1157,1000,1.0115700000000001,0.0077928859999998323
1.0193712159999999,65538,1157,1000,1.0115700000000001,0.0078012159999998332
1.0193795560000001,65537,1158,1000,1.0115799999999999,0.0077995560000001518
1.0193878860000001,65538,1158,1000,1.0115799999999999,0.0078078860000001526
1.019396226,65537,1159,1000,1.01159,0.0078062260000000272
1.019404566,65538,1159,1000,1.01159,0.0078145659999999673
1.019412896,65537,1160,1000,1.0116000000000001,0.0078128959999999026
1.0194212359999999,65538,1160,1000,1.0116000000000001,0.0078212359999998426
1.0194295659999999,65537,1161,1000,1.0116099999999999,0.007819566
1.0194379060000001,65538,1161,1000,1.0116099999999999,0.0078279060000001621
1.019446246,65537,1162,1000,1.01162,0.0078262460000000367
1.019454576,65538,1162,1000,1.01162,0.0078345760000000375
1.0194629159999999,65537,1163,1000,1.01163,0.0078329159999999121
1.0194712459999999,65538,1163,1000,1.01163,0.0078412459999999129
1.0194795860000001,65537,1164,1000,1.0116400000000001,0.0078395860000000095
1.019487926,65538,1164,1000,1.0116400000000001,0.0078479259999999496
1.019496256,65537,1165,1000,1.0116499999999999,0.0078462560000001069
1.019504596,65538,1165,1000,1.0116499999999999,0.007854596000000047
1.019512926,65537,1166,1000,1.01166,0.0078529259999999823
1.0195212659999999,65538,1166,1000,1.01166,0.0078612659999999224
1.0195296060000001,65537,1167,1000,1.0116700000000001,0.007859606000000019
1.0195379360000001,65538,1167,1000,1.0116700000000001,0.0078679360000000198
1.019546276,65537,1168,1000,1.0116799999999999,0.0078662760000001164
1.019554606,65538,1168,1000,1.0116799999999999,0.0078746060000001172
1.019562946,65537,1169,1000,1.01169,0.0078729459999999918
1.0195712859999999,65538,1169,1000,1.01169,0.0078812859999999318
1.0195796159999999,65537,1170,1000,1.0117,0.0078796159999998672
1.0195879560000001,65538,1170,1000,1.0117,0.0078879560000000293
1.0195962860000001,65537,1171,1000,1.0117100000000001,0.0078862859999999646
1.019604626,65538,1171,1000,1.0117100000000001,0.0078946259999999047
1.019612966,65537,1172,1000,1.01172,0.0078929660000000013
1.019621296,65538,1172,1000,1.01172,0.0079012960000000021
1.0196296359999999,65537,1173,1000,1.01173,0.0078996359999998766
1.0196379659999999,65538,1173,1000,1.01173,0.0079079659999998775
1.0196463060000001,65537,1174,1000,1.0117400000000001,0.0079063059999999741
1.019654646,65538,1174,1000,1.0117400000000001,0.0079146459999999141
1.019662976,65537,1175,1000,1.0117499999999999,0.0079129760000000715
1.0196713159999999,65538,1175,1000,1.0117499999999999,0.0079213160000000116
1.0196796459999999,65537,1176,1000,1.01176,0.0079196459999999469
1.0196879860000001,65538,1176,1000,1.01176,0.007927986000000109
1.019696326,65537,1177,1000,1.0117700000000001,0.0079263259999999836
1.019704656,65538,1177,1000,1.0117700000000001,0.0079346559999999844
1.019712996,65537,1178,1000,1.0117799999999999,0.007932996000000081
1.019721326,65538,1178,1000,1.0117799999999999,0.0079413260000000818
1.0197296659999999,65537,1179,1000,1.01179,0.0079396659999999564
1.0197380060000001,65538,1179,1000,1.01179,0.0079480060000001185
1.0197463360000001,65537,1180,1000,1.0118,0.0079463360000000538
1.019754676,65538,1180,1000,1.0118,0.0079546759999999939
1.019763006,65537,1181,1000,1.0118100000000001,0.0079530059999999292
1.019771346,65538,1181,1000,1.0118100000000001,0.0079613459999998692
1.0197796859999999,65537,1182,1000,1.0118199999999999,0.0079596859999999658
1.0197880159999999,65538,1182,1000,1.0118199999999999,0.0079680159999999667
1.0197963560000001,65537,1183,1000,1.01183,0.0079663560000000633
1.0198046860000001,65538,1183,1000,1.01183,0.0079746860000000641
1.019813026,65537,1184,1000,1.0118400000000001,0.0079730259999999387
1.019821366,65538,1184,1000,1.0118400000000001,0.0079813659999998787
1.019829696,65537,1185,1000,1.0118499999999999,0.0079796960000000361
1.0198380359999999,65538,1185,1000,1.0118499999999999,0.0079880359999999762
1.0198463659999999,65537,1186,1000,1.01186,0.0079863659999999115
1.0198547060000001,65538,1186,1000,1.01186,0.0079947060000000736
1.019863046,65537,1187,1000,1.01187,0.0079930459999999481
1.019871376,65538,1187,1000,1.01187,0.008001375999999949
1.0198797159999999,65537,1188,1000,1.0118799999999999,0.0079997160000000456
1.0198880459999999,65538,1188,1000,1.0118799999999999,0.0080080460000000464
1.0198963860000001,65537,1189,1000,1.01189,0.008006386000000143
1.019904726,65538,1189,1000,1.01189,0.0080147260000000831
1.019913056,65537,1190,1000,1.0119,0.0080130560000000184
1.019921396,65538,1190,1000,1.0119,0.0080213959999999584
1.019929726,65537,1191,1000,1.0119100000000001,0.0080197259999998938
1.0199380659999999,65538,1191,1000,1.0119100000000001,0.0080280659999998338
1.0199464060000001,65537,1192,1000,1.0119199999999999,0.0080264060000001525
1.0199547360000001,65538,1192,1000,1.0119199999999999,0.0080347360000001533
1.019963076,65537,1193,1000,1.01193,0.0080330760000000279
1.019971406,65538,1193,1000,1.01193,0.0080414060000000287
1.019979746,65537,1194,1000,1.0119400000000001,0.0080397459999999032
1.0199880859999999,65538,1194,1000,1.0119400000000001,0.0080480859999998433
1.0199964159999999,65537,1195,1000,1.0119499999999999,0.0080464160000000007
1.0200047560000001,65538,1195,1000,1.0119499999999999,0.0080547560000001628
1.0200130860000001,65537,1196,1000,1.01196,0.0080530860000000981
1.020021426,65538,1196,1000,1.01196,0.0080614260000000382
1.0200297659999999,65537,1197,1000,1.01197,0.0080597659999999127
1.0200380959999999,65538,1197,1000,1.01197,0.0080680959999999136
1.0200464359999999,65537,1198,1000,1.0119800000000001,0.0080664359999997881
1.0200547659999999,65538,1198,1000,1.0119800000000001,0.0080747659999997889
1.0200631060000001,65537,1199,1000,1.0119899999999999,0.0080731060000001076
1.020071446,65538,1199,1000,1.0119899999999999,0.0080814460000000476
1.020079776,65537,1200,1000,1.012,0.008079775999999983
1.0200881159999999,65538,1200,1000,1.012,0.008088115999999923
1.0200964459999999,65537,1201,1000,1.0120100000000001,0.0080864459999998584
1.0201047860000001,65538,1201,1000,1.0120100000000001,0.0080947860000000205
1.020113126,65537,1202,1000,1.0120199999999999,0.0080931260000001171
1.020121456,65538,1202,1000,1.0120199999999999,0.0081014560000001179
1.020129796,65537,1203,1000,1.01203,0.0080997959999999924
1.020138126,65538,1203,1000,1.01203,0.0081081259999999933
1.0201464659999999,65537,1204,1000,1.0120400000000001,0.0081064659999998678
1.0201548060000001,65538,1204,1000,1.0120400000000001,0.0081148060000000299
1.0201631360000001,65537,1205,1000,1.0120499999999999,0.0081131360000001873
1.020171476,65538,1205,1000,1.0120499999999999,0.0081214760000001274
1.020179806,65537,1206,1000,1.01206,0.0081198060000000627
1.020188146,65538,1206,1000,1.01206,0.0081281460000000028
1.0201964859999999,65537,1207,1000,1.01207,0.0081264859999998773
1.0202048159999999,65538,1207,1000,1.01207,0.0081348159999998781
1.0202131560000001,65537,1208,1000,1.0120800000000001,0.0081331559999999747
1.0202214860000001,65538,1208,1000,1.0120800000000001,0.0081414859999999756
1.020229826,65537,1209,1000,1.0120899999999999,0.0081398260000000722
1.0202381659999999,65538,1209,1000,1.0120899999999999,0.0081481660000000122
1.0202464959999999,65537,1210,1000,1.0121,0.0081464959999999476
1.0202548360000001,65538,1210,1000,1.0121,0.0081548360000001097
1.0202631660000001,65537,1211,1000,1.0121100000000001,0.008153166000000045
1.0202715060000001,65538,1211,1000,1.0121100000000001,0.0081615059999999851
1.020279846,65537,1212,1000,1.0121199999999999,0.0081598460000000816
1.020288176,65538,1212,1000,1.0121199999999999,0.0081681760000000825
1.0202965159999999,65537,1213,1000,1.01213,0.008166515999999957
1.0203048459999999,65538,1213,1000,1.01213,0.0081748459999999579
1.0203131860000001,65537,1214,1000,1.01214,0.0081731860000000545
1.020321526,65538,1214,1000,1.01214,0.0081815259999999945
1.020329856,65537,1215,1000,1.0121500000000001,0.0081798559999999298
1.020338196,65538,1215,1000,1.0121500000000001,0.0081881959999998699
1.020346526,65537,1216,1000,1.0121599999999999,0.0081865260000000273
1.0203548659999999,65538,1216,1000,1.0121599999999999,0.0081948659999999673
1.0203632060000001,65537,1217,1000,1.01217,0.0081932060000000639
1.0203715360000001,65538,1217,1000,1.01217,0.0082015360000000648
1.020379876,65537,1218,1000,1.0121800000000001,0.0081998759999999393
1.020388206,65538,1218,1000,1.0121800000000001,0.0082082059999999402
1.020396546,65537,1219,1000,1.0121899999999999,0.0082065460000000368
1.0204048859999999,65538,1219,1000,1.0121899999999999,0.0082148859999999768
1.0204132159999999,65537,1220,1000,1.0122,0.0082132159999999121
1.0204215560000001,65538,1220,1000,1.0122,0.0082215560000000742
1.0204298860000001,65537,1221,1000,1.0122100000000001,0.0082198860000000096
1.020438226,65538,1221,1000,1.0122100000000001,0.0082282259999999496
1.0204465659999999,65537,1222,1000,1.0122199999999999,0.0082265660000000462
1.0204548959999999,65538,1222,1000,1.0122199999999999,0.0082348960000000471
1.0204632360000001,65537,1223,1000,1.01223,0.0082332360000001437
1.0204715660000001,65538,1223,1000,1.01223,0.0082415660000001445
1.020479906,65537,1224,1000,1.01224,0.008239906000000019
1.020488246,65538,1224,1000,1.01224,0.0082482459999999591
1.020496576,65537,1225,1000,1.0122500000000001,0.0082465759999998944
1.0205049159999999,65538,1225,1000,1.0122500000000001,0.0082549159999998345
1.0205132459999999,65537,1226,1000,1.0122599999999999,0.0082532459999999919
1.0205215860000001,65538,1226,1000,1.0122599999999999,0.008261586000000154
1.020529926,65537,1227,1000,1.01227,0.0082599260000000285
1.020538256,65538,1227,1000,1.01227,0.0082682560000000294
1.020546596,65537,1228,1000,1.0122800000000001,0.0082665959999999039
1.020554926,65538,1228,1000,1.0122800000000001,0.0082749259999999047
1.0205632659999999,65537,1229,1000,1.0122899999999999,0.0082732660000000013
1.0205716060000001,65538,1229,1000,1.0122899999999999,0.0082816060000001634
1.0205799360000001,65537,1230,1000,1.0123,0.0082799360000000988
1.020588276,65538,1230,1000,1.0123,0.0082882760000000388
1.020596606,65537,1231,1000,1.01231,0.0082866059999999742
1.020604946,65538,1231,1000,1.01231,0.0082949459999999142
1.0206132859999999,65537,1232,1000,1.0123200000000001,0.0082932859999997888
1.0206216159999999,65538,1232,1000,1.0123200000000001,0.0083016159999997896
1.0206299560000001,65537,1233,1000,1.01233,0.0082999560000001082
1.0206382860000001,65538,1233,1000,1.01233,0.0083082860000001091
1.020646626,65537,1234,1000,1.01234,0.0083066259999999836
1.0206549659999999,65538,1234,1000,1.01234,0.0083149659999999237
1.0206632959999999,65537,1235,1000,1.0123500000000001,0.008313295999999859
1.0206716360000001,65538,1235,1000,1.0123500000000001,0.0083216360000000211
1.0206799660000001,65537,1236,1000,1.0123599999999999,0.0083199660000001785
1.020688306,65538,1236,1000,1.0123599999999999,0.0083283060000001186
1.020696646,65537,1237,1000,1.01237,0.0083266459999999931
1.020704976,65538,1237,1000,1.01237,0.0083349759999999939
1.0207133159999999,65537,1238,1000,1.0123800000000001,0.0083333159999998685
1.0207216459999999,65538,1238,1000,1.0123800000000001,0.0083416459999998693
1.0207299860000001,65537,1239,1000,1.0123899999999999,0.008339986000000188
1.020738326,65538,1239,1000,1.0123899999999999,0.008348326000000128
1.020746656,65537,1240,1000,1.0124,0.0083466560000000634
1.020754996,65538,1240,1000,1.0124,0.0083549960000000034
1.020763326,65537,1241,1000,1.01241,0.0083533259999999387
1.0207716659999999,65538,1241,1000,1.01241,0.0083616659999998788
1.0207800060000001,65537,1242,1000,1.0124200000000001,0.0083600059999999754
1.0207883360000001,65538,1242,1000,1.0124200000000001,0.0083683359999999762
1.020796676,65537,1243,1000,1.0124299999999999,0.0083666760000000728
1.020805006,65538,1243,1000,1.0124299999999999,0.0083750060000000737
1.020813346,65537,1244,1000,1.01244,0.0083733459999999482
1.0208216859999999,65538,1244,1000,1.01244,0.0083816859999998883
1.0208300159999999,65537,1245,1000,1.0124500000000001,0.0083800159999998236
1.0208383560000001,65538,1245,1000,1.0124500000000001,0.0083883559999999857
1.0208466860000001,65537,1246,1000,1.0124599999999999,0.0083866860000001431
1.020855026,65538,1246,1000,1.0124599999999999,0.0083950260000000831
1.0208633659999999,65537,1247,1000,1.01247,0.0083933659999999577
1.0208716959999999,65538,1247,1000,1.01247,0.0084016959999999585
1.0208800360000001,65537,1248,1000,1.01248,0.0084000360000000551
1.0208883660000001,65538,1248,1000,1.01248,0.008408366000000056
1.020896706,65537,1249,1000,1.0124899999999999,0.0084067060000001526
1.020905046,65537,1250,1000,1.0125,0.0084050460000000271
1.020913382,65537,1251,1000,1.01251,0.0084033820000000148
1.0209217180000001,65537,1252,1000,1.0125200000000001,0.0084017180000000025
1.0209300539999999,65537,1253,1000,1.0125299999999999,0.0084000539999999901
1.0209383860000001,65538,1253,1000,1.0125299999999999,0.0084083860000001565
1.020946726,65537,1254,1000,1.01254,0.008406726000000031
1.0209550620000001,65537,1255,1000,1.0125500000000001,0.0084050620000000187
1.0209633979999999,65537,1256,1000,1.0125599999999999,0.0084033980000000064
1.020971734,65537,1257,1000,1.01257,0.008401733999999994
1.02098007,65537,1258,1000,1.01258,0.0084000699999999817
1.0209884060000001,65538,1258,1000,1.01258,0.0084084060000000349
1.0209967360000001,65537,1259,1000,1.0125900000000001,0.0084067359999999702
1.021005076,65537,1260,1000,1.0125999999999999,0.0084050760000000668
1.0210134120000001,65537,1261,1000,1.01261,0.0084034120000000545
1.0210217479999999,65537,1262,1000,1.0126200000000001,0.0084017479999998201
1.0210300859999999,65537,1263,1000,1.0126299999999999,0.0084000859999999733
1.0210384159999999,65538,1263,1000,1.0126299999999999,0.0084084159999999741
1.0210467560000001,65537,1264,1000,1.01264,0.0084067560000000707
1.0210550920000001,65537,1265,1000,1.0126500000000001,0.0084050920000000584
1.0210634279999999,65537,1266,1000,1.0126599999999999,0.0084034280000000461
1.0210717659999999,65537,1267,1000,1.01267,0.0084017659999999772
1.021080102,65537,1268,1000,1.01268,0.0084001019999999649
1.0210884360000001,65538,1268,1000,1.01268,0.0084084360000000746
1.0210967660000001,65537,1269,1000,1.0126900000000001,0.00840676600000001
1.021105106,65537,1270,1000,1.0126999999999999,0.0084051060000001065
1.021113446,65537,1271,1000,1.01271,0.0084034459999999811
1.021121782,65537,1272,1000,1.0127200000000001,0.0084017819999999688
1.0211301180000001,65537,1273,1000,1.0127299999999999,0.0084001180000001785
1.0211384459999999,65538,1273,1000,1.0127299999999999,0.0084084460000000139
1.0211467860000001,65537,1274,1000,1.01274,0.0084067860000001104
1.021155126,65537,1275,1000,1.01275,0.008405125999999985
1.0211634620000001,65537,1276,1000,1.0127600000000001,0.0084034619999999727
1.0211717979999999,65537,1277,1000,1.0127699999999999,0.0084017979999999604
1.021180134,65537,1278,1000,1.01278,0.008400133999999948
1.0211884659999999,65538,1278,1000,1.01278,0.0084084659999998923
1.0211968060000001,65537,1279,1000,1.0127900000000001,0.0084068059999999889
1.0212051419999999,65537,1280,1000,1.0127999999999999,0.0084051419999999766
1.021213478,65537,1281,1000,1.01281,0.0084034779999999643
1.021221814,65537,1282,1000,1.0128200000000001,0.0084018139999999519
1.0212301500000001,65537,1283,1000,1.0128299999999999,0.0084001500000001617
1.0212384859999999,65538,1283,1000,1.0128299999999999,0.0084084859999999928
1.0212468159999999,65537,1284,1000,1.01284,0.0084068159999999281
1.0212551560000001,65537,1285,1000,1.01285,0.0084051560000000247
1.0212634920000001,65537,1286,1000,1.0128600000000001,0.0084034920000000124
1.0212718279999999,65537,1287,1000,1.0128699999999999,0.0084018280000000001
1.0212801659999999,65537,1288,1000,1.01288,0.0084001659999999312
1.0212884959999999,65538,1288,1000,1.01288,0.008408495999999932
1.0212968360000001,65537,1289,1000,1.0128900000000001,0.0084068360000000286
1.0213051719999999,65537,1290,1000,1.0128999999999999,0.0084051720000000163
1.021313508,65537,1291,1000,1.01291,0.008403508000000004
1.021321846,65537,1292,1000,1.01292,0.0084018459999999351
1.021330182,65537,1293,1000,1.0129300000000001,0.0084001819999999228
1.0213385159999999,65538,1293,1000,1.0129300000000001,0.0084085159999998105
1.0213468459999999,65537,1294,1000,1.01294,0.0084068459999999678
1.0213551860000001,65537,1295,1000,1.01295,0.0084051860000000644
1.021363526,65537,1296,1000,1.0129600000000001,0.008403525999999939
1.0213718620000001,65537,1297,1000,1.0129699999999999,0.0084018620000001487
1.0213801979999999,65537,1298,1000,1.01298,0.0084001979999999143
1.021388526,65538,1298,1000,1.01298,0.0084085259999999717
1.0213968659999999,65537,1299,1000,1.0129900000000001,0.0084068659999998463
1.0214052060000001,65537,1300,1000,1.0129999999999999,0.0084052060000001649
1.0214135419999999,65537,1301,1000,1.01301,0.0084035419999999306
1.0214218779999999,65537,1302,1000,1.01302,0.0084018779999999182
1.021430214,65537,1303,1000,1.0130300000000001,0.0084002139999999059
1.0214385459999999,65538,1303,1000,1.0130300000000001,0.0084085459999998502
1.0214468860000001,65537,1304,1000,1.0130399999999999,0.0084068860000001688
1.0214552219999999,65537,1305,1000,1.01305,0.0084052219999999345
1.021463558,65537,1306,1000,1.0130600000000001,0.0084035579999999221
1.021471894,65537,1307,1000,1.0130699999999999,0.0084018940000001319
1.0214802300000001,65537,1308,1000,1.01308,0.0084002300000001195
1.0214885659999999,65538,1308,1000,1.01308,0.0084085659999999507
1.0214968959999999,65537,1309,1000,1.01309,0.008406895999999886
1.0215052360000001,65537,1310,1000,1.0130999999999999,0.0084052360000002047
1.0215135719999999,65537,1311,1000,1.01311,0.0084035719999999703
1.021521908,65537,1312,1000,1.01312,0.008401907999999958
1.021530246,65537,1313,1000,1.0131300000000001,0.0084002459999998891
1.021538576,65538,1313,1000,1.0131300000000001,0.0084085759999998899
1.0215469159999999,65537,1314,1000,1.0131399999999999,0.0084069159999999865
1.021555252,65537,1315,1000,1.01315,0.0084052519999999742
1.021563588,65537,1316,1000,1.0131600000000001,0.0084035879999999619
1.021571926,65537,1317,1000,1.0131699999999999,0.008401926000000115
1.0215802620000001,65537,1318,1000,1.01318,0.0084002620000001027
1.021588596,65538,1318,1000,1.01318,0.0084085959999999904
1.021596926,65537,1319,1000,1.01319,0.0084069259999999257
1.0216052659999999,65537,1320,1000,1.0132000000000001,0.0084052659999998003
1.0216136060000001,65537,1321,1000,1.0132099999999999,0.0084036060000001189
1.0216219419999999,65537,1322,1000,1.01322,0.0084019419999998846
1.0216302779999999,65537,1323,1000,1.0132300000000001,0.0084002779999998722
1.021638606,65538,1323,1000,1.0132300000000001,0.0084086059999999296
1.0216469459999999,65537,1324,1000,1.0132399999999999,0.0084069460000000262
1.0216552860000001,65537,1325,1000,1.01325,0.0084052860000001228
1.0216636219999999,65537,1326,1000,1.01326,0.0084036219999998885
1.021671958,65537,1327,1000,1.0132699999999999,0.0084019580000000982
1.021680294,65537,1328,1000,1.01328,0.0084002940000000859
1.021688626,65538,1328,1000,1.01328,0.0084086260000000301
1.0216969659999999,65537,1329,1000,1.01329,0.0084069659999999047
1.021705302,65537,1330,1000,1.0133000000000001,0.0084053019999998924
1.021713638,65537,1331,1000,1.0133099999999999,0.0084036380000001021
1.0217219740000001,65537,1332,1000,1.01332,0.0084019740000000898
1.0217303099999999,65537,1333,1000,1.0133300000000001,0.0084003099999998554
1.021738646,65538,1333,1000,1.0133300000000001,0.0084086459999999086
1.021746976,65537,1334,1000,1.0133399999999999,0.008406976000000066
1.0217553159999999,65537,1335,1000,1.01335,0.0084053159999999405
1.021763652,65537,1336,1000,1.01336,0.0084036519999999282
1.021771988,65537,1337,1000,1.0133700000000001,0.0084019879999999159
1.021780326,65537,1338,1000,1.0133799999999999,0.008400326000000069
1.021788656,65538,1338,1000,1.0133799999999999,0.0084086560000000699
1.021796996,65537,1339,1000,1.01339,0.0084069959999999444
1.021805332,65537,1340,1000,1.0134000000000001,0.0084053319999999321
1.0218136680000001,65537,1341,1000,1.0134099999999999,0.0084036680000001418
1.0218220060000001,65537,1342,1000,1.01342,0.0084020060000000729
1.0218303419999999,65537,1343,1000,1.0134300000000001,0.0084003419999998385
1.021838676,65538,1343,1000,1.0134300000000001,0.0084086759999999483
1.021847006,65537,1344,1000,1.0134399999999999,0.0084070060000001057
1.0218553459999999,65537,1345,1000,1.01345,0.0084053459999999802
1.0218636860000001,65537,1346,1000,1.01346,0.0084036860000000768
1.0218720219999999,65537,1347,1000,1.0134700000000001,0.0084020219999998424
1.021880358,65537,1348,1000,1.0134799999999999,0.0084003580000000522
1.021888686,65538,1348,1000,1.0134799999999999,0.0084086860000001096
1.021897026,65537,1349,1000,1.01349,0.0084070259999999841
1.0219053659999999,65537,1350,1000,1.0135000000000001,0.0084053659999998587
1.021913702,65537,1351,1000,1.0135099999999999,0.0084037020000000684
1.021922038,65537,1352,1000,1.01352,0.0084020380000000561
1.0219303740000001,65537,1353,1000,1.01353,0.0084003740000000438
1.021938706,65538,1353,1000,1.01353,0.008408705999999988
1.021947046,65537,1354,1000,1.0135400000000001,0.0084070459999998626
1.021955382,65537,1355,1000,1.01355,0.0084053820000000723
1.0219637180000001,65537,1356,1000,1.01356,0.00840371800000006
1.0219720539999999,65537,1357,1000,1.0135700000000001,0.0084020539999998256
1.02198039,65537,1358,1000,1.0135799999999999,0.0084003900000000353
1.021988726,65538,1358,1000,1.0135799999999999,0.0084087260000000885
1.021997056,65537,1359,1000,1.01359,0.0084070560000000238
1.022005396,65537,1360,1000,1.0136000000000001,0.0084053959999998984
1.022013732,65537,1361,1000,1.0136099999999999,0.0084037320000001081
1.0220220680000001,65537,1362,1000,1.01362,0.0084020680000000958
1.0220304060000001,65537,1363,1000,1.01363,0.0084004060000000269
1.0220387360000001,65538,1363,1000,1.01363,0.0084087360000000277
1.022047076,65537,1364,1000,1.0136400000000001,0.0084070759999999023
1.0220554120000001,65537,1365,1000,1.0136499999999999,0.008405412000000112
1.0220637480000001,65537,1366,1000,1.01366,0.0084037480000000997
1.0220720860000001,65537,1367,1000,1.0136700000000001,0.0084020860000000308
1.0220804219999999,65537,1368,1000,1.0136799999999999,0.0084004220000000185
1.022088756,65538,1368,1000,1.0136799999999999,0.0084087560000001282
1.022097086,65537,1369,1000,1.01369,0.0084070860000000636
1.022105426,65537,1370,1000,1.0137,0.0084054259999999381
1.0221137659999999,65537,1371,1000,1.0137100000000001,0.0084037659999998127
1.022122102,65537,1372,1000,1.01372,0.0084021020000000224
1.022130438,65537,1373,1000,1.01373,0.0084004380000000101
1.0221387660000001,65538,1373,1000,1.01373,0.0084087660000000675
1.022147106,65537,1374,1000,1.0137400000000001,0.008407105999999942
1.022155446,65537,1375,1000,1.0137499999999999,0.0084054460000000386
1.022163782,65537,1376,1000,1.01376,0.0084037820000000263
1.0221721180000001,65537,1377,1000,1.0137700000000001,0.008402118000000014
1.0221804539999999,65537,1378,1000,1.0137799999999999,0.0084004540000000016
1.0221887860000001,65538,1378,1000,1.0137799999999999,0.008408786000000168
1.022197126,65537,1379,1000,1.01379,0.0084071260000000425
1.0222054620000001,65537,1380,1000,1.0138,0.0084054620000000302
1.0222137979999999,65537,1381,1000,1.0138100000000001,0.0084037979999997958
1.0222221339999999,65537,1382,1000,1.0138199999999999,0.0084021340000000055
1.02223047,65537,1383,1000,1.01383,0.0084004699999999932
1.0222388060000001,65538,1383,1000,1.01383,0.0084088060000000464
1.0222471360000001,65537,1384,1000,1.0138400000000001,0.0084071359999999817
1.022255476,65537,1385,1000,1.0138499999999999,0.0084054760000000783
1.022263812,65537,1386,1000,1.01386,0.008403812000000066
1.0222721480000001,65537,1387,1000,1.01387,0.0084021480000000537
1.0222804860000001,65537,1388,1000,1.0138799999999999,0.0084004860000002068
1.0222888160000001,65538,1388,1000,1.0138799999999999,0.0084088160000002077
1.022297156,65537,1389,1000,1.01389,0.0084071560000000822
1.0223054920000001,65537,1390,1000,1.0139,0.0084054920000000699
1.0223138279999999,65537,1391,1000,1.0139100000000001,0.0084038279999998355
1.0223221659999999,65537,1392,1000,1.0139199999999999,0.0084021659999999887
1.022330502,65537,1393,1000,1.01393,0.0084005019999999764
1.0223388360000001,65538,1393,1000,1.01393,0.0084088360000000861
1.0223471660000001,65537,1394,1000,1.0139400000000001,0.0084071660000000215
1.022355506,65537,1395,1000,1.0139499999999999,0.008405506000000118
1.022363846,65537,1396,1000,1.01396,0.0084038459999999926
1.022372182,65537,1397,1000,1.01397,0.0084021819999999803
1.0223805180000001,65537,1398,1000,1.0139800000000001,0.008400517999999968
1.0223888459999999,65538,1398,1000,1.0139800000000001,0.0084088459999998033
1.0223971860000001,65537,1399,1000,1.0139899999999999,0.008407186000000122
1.022405526,65537,1400,1000,1.014,0.0084055259999999965
1.0224138620000001,65537,1401,1000,1.0140100000000001,0.0084038619999999842
1.0224221979999999,65537,1402,1000,1.0140199999999999,0.0084021979999999719
1.0224305339999999,65537,1403,1000,1.01403,0.0084005339999999595
1.0224388659999999,65538,1403,1000,1.01403,0.0084088659999999038
1.0224472060000001,65537,1404,1000,1.0140400000000001,0.0084072060000000004
1.0224555420000001,65537,1405,1000,1.0140499999999999,0.0084055420000002101
1.0224638779999999,65537,1406,1000,1.01406,0.0084038779999999758
1.022472214,65537,1407,1000,1.01407,0.0084022139999999634
1.02248055,65537,1408,1000,1.0140800000000001,0.0084005499999999511
1.0224888860000001,65538,1408,1000,1.0140800000000001,0.0084088860000000043
1.0224972160000001,65537,1409,1000,1.0140899999999999,0.0084072160000001617
1.022505556,65537,1410,1000,1.0141,0.0084055560000000362
1.0225138920000001,65537,1411,1000,1.0141100000000001,0.0084038920000000239
1.0225222279999999,65537,1412,1000,1.0141199999999999,0.0084022280000000116
1.0225305659999999,65537,1413,1000,1.01413,0.0084005659999999427
1.0225388959999999,65538,1413,1000,1.01413,0.0084088959999999435
1.0225472360000001,65537,1414,1000,1.01414,0.0084072360000000401
1.0225555719999999,65537,1415,1000,1.0141500000000001,0.0084055719999998058
1.022563908,65537,1416,1000,1.01416,0.0084039080000000155
1.022572246,65537,1417,1000,1.01417,0.0084022459999999466
1.022580582,65537,1418,1000,1.0141800000000001,0.0084005819999999343
1.0225889159999999,65538,1418,1000,1.0141800000000001,0.008408915999999822
1.0225972459999999,65537,1419,1000,1.0141899999999999,0.0084072459999999793
1.0226055860000001,65537,1420,1000,1.0142,0.0084055860000000759
1.022613926,65537,1421,1000,1.0142100000000001,0.0084039259999999505
1.0226222620000001,65537,1422,1000,1.0142199999999999,0.0084022620000001602
1.0226305979999999,65537,1423,1000,1.01423,0.0084005979999999258
1.0226389259999999,65538,1423,1000,1.01423,0.0084089259999999832
1.0226472660000001,65537,1424,1000,1.01424,0.0084072660000000798
1.0226556060000001,65537,1425,1000,1.0142500000000001,0.0084056059999999544
1.0226639420000001,65537,1426,1000,1.0142599999999999,0.0084039420000001641
1.0226722779999999,65537,1427,1000,1.01427,0.0084022779999999297
1.022680614,65537,1428,1000,1.0142800000000001,0.0084006139999999174
1.0226889459999999,65538,1428,1000,1.0142800000000001,0.0084089459999998617
1.0226972860000001,65537,1429,1000,1.0142899999999999,0.0084072860000001803
1.0227056219999999,65537,1430,1000,1.0143,0.008405621999999946
1.022713958,65537,1431,1000,1.01431,0.0084039579999999336
1.022722294,65537,1432,1000,1.0143200000000001,0.0084022939999999213
1.0227306300000001,65537,1433,1000,1.01433,0.008400630000000131
1.0227389659999999,65538,1433,1000,1.01433,0.0084089659999999622
1.0227472959999999,65537,1434,1000,1.01434,0.0084072959999998975
1.0227556360000001,65537,1435,1000,1.0143500000000001,0.0084056359999999941
1.0227639719999999,65537,1436,1000,1.0143599999999999,0.0084039719999999818
1.022772308,65537,1437,1000,1.01437,0.0084023079999999695
1.022780646,65537,1438,1000,1.0143800000000001,0.0084006459999999006
1.022788976,65538,1438,1000,1.0143800000000001,0.0084089759999999014
1.0227973159999999,65537,1439,1000,1.0143899999999999,0.008407315999999998
1.022805652,65537,1440,1000,1.0144,0.0084056519999999857
1.022813988,65537,1441,1000,1.01441,0.0084039879999999734
1.022822326,65537,1442,1000,1.0144200000000001,0.0084023259999999045
1.0228306620000001,65537,1443,1000,1.0144299999999999,0.0084006620000001142
1.0228389959999999,65538,1443,1000,1.0144299999999999,0.0084089960000000019
1.0228473259999999,65537,1444,1000,1.01444,0.0084073259999999372
1.0228556660000001,65537,1445,1000,1.0144500000000001,0.0084056660000000338
1.022864006,65537,1446,1000,1.0144599999999999,0.0084040060000001304
1.0228723420000001,65537,1447,1000,1.01447,0.0084023420000001181
1.0228806779999999,65537,1448,1000,1.01448,0.0084006779999998837
1.022889006,65538,1448,1000,1.01448,0.0084090059999999411
1.0228973459999999,65537,1449,1000,1.0144899999999999,0.0084073460000000377
1.0229056860000001,65537,1450,1000,1.0145,0.0084056860000001343
1.0229140219999999,65537,1451,1000,1.01451,0.0084040219999999
1.022922358,65537,1452,1000,1.0145200000000001,0.0084023579999998876
1.022930694,65537,1453,1000,1.0145299999999999,0.0084006940000000974
1.022939026,65538,1453,1000,1.0145299999999999,0.0084090260000000416
1.0229473659999999,65537,1454,1000,1.01454,0.0084073659999999162
1.022955702,65537,1455,1000,1.0145500000000001,0.0084057019999999039
1.022964038,65537,1456,1000,1.0145599999999999,0.0084040380000001136
1.0229723740000001,65537,1457,1000,1.01457,0.0084023740000001013
1.0229807099999999,65537,1458,1000,1.01458,0.0084007099999998669
1.022989046,65538,1458,1000,1.01458,0.0084090459999999201
1.022997376,65537,1459,1000,1.0145900000000001,0.0084073759999998554
1.0230057159999999,65537,1460,1000,1.0145999999999999,0.008405715999999952
1.023014052,65537,1461,1000,1.01461,0.0084040519999999397
1.023022388,65537,1462,1000,1.0146200000000001,0.0084023879999999274
1.023030726,65537,1463,1000,1.0146299999999999,0.0084007260000000805
1.023039056,65538,1463,1000,1.0146299999999999,0.0084090560000000814
1.0230473959999999,65537,1464,1000,1.01464,0.0084073959999999559
1.023055732,65537,1465,1000,1.0146500000000001,0.0084057319999999436
1.023064068,65537,1466,1000,1.0146599999999999,0.0084040680000001533
1.023072406,65537,1467,1000,1.01467,0.0084024060000000844
1.0230807420000001,65537,1468,1000,1.01468,0.0084007420000000721
1.023089076,65538,1468,1000,1.01468,0.0084090759999999598
1.023097406,65537,1469,1000,1.0146900000000001,0.0084074059999998951
1.0231057459999999,65537,1470,1000,1.0146999999999999,0.0084057459999999917
1.0231140860000001,65537,1471,1000,1.01471,0.0084040860000000883
1.0231224219999999,65537,1472,1000,1.0147200000000001,0.008402421999999854
1.023130758,65537,1473,1000,1.0147299999999999,0.0084007580000000637
1.023139086,65538,1473,1000,1.0147299999999999,0.0084090860000001211
1.023147426,65537,1474,1000,1.01474,0.0084074259999999956
1.0231557659999999,65537,1475,1000,1.01475,0.0084057659999998702
1.023164102,65537,1476,1000,1.0147600000000001,0.0084041019999998579
1.023172438,65537,1477,1000,1.0147699999999999,0.0084024380000000676
1.0231807740000001,65537,1478,1000,1.01478,0.0084007740000000553
1.023189106,65538,1478,1000,1.01478,0.0084091059999999995
1.023197446,65537,1479,1000,1.0147900000000001,0.0084074459999998741
1.023205782,65537,1480,1000,1.0147999999999999,0.0084057820000000838
1.0232141180000001,65537,1481,1000,1.01481,0.0084041180000000715
1.0232224539999999,65537,1482,1000,1.0148200000000001,0.0084024539999998371
1.0232307899999999,65537,1483,1000,1.0148299999999999,0.0084007900000000468
1.023239126,65538,1483,1000,1.0148299999999999,0.0084091260000001
1.023247456,65537,1484,1000,1.01484,0.0084074560000000353
1.0232557959999999,65537,1485,1000,1.01485,0.0084057959999999099
1.023264132,65537,1486,1000,1.0148600000000001,0.0084041319999998976
1.023272468,65537,1487,1000,1.0148699999999999,0.0084024680000001073
1.023280806,65537,1488,1000,1.01488,0.0084008060000000384
1.023289136,65538,1488,1000,1.01488,0.0084091360000000392
1.023297476,65537,1489,1000,1.0148900000000001,0.0084074759999999138
1.023305812,65537,1490,1000,1.0148999999999999,0.0084058120000001235
1.0233141480000001,65537,1491,1000,1.01491,0.0084041480000001112
1.0233224860000001,65537,1492,1000,1.01492,0.0084024860000000423
1.0233308219999999,65537,1493,1000,1.0149300000000001,0.0084008219999998079
1.023339156,65538,1493,1000,1.0149300000000001,0.0084091559999999177
1.023347486,65537,1494,1000,1.01494,0.0084074860000000751
1.023355826,65537,1495,1000,1.01495,0.0084058259999999496
1.0233641659999999,65537,1496,1000,1.0149600000000001,0.0084041659999998242
1.023372502,65537,1497,1000,1.0149699999999999,0.0084025020000000339
1.023380838,65537,1498,1000,1.01498,0.0084008380000000216
1.0233891660000001,65538,1498,1000,1.01498,0.008409166000000079
1.023397506,65537,1499,1000,1.0149900000000001,0.0084075059999999535
1.023405846,65537,1500,1000,1.0149999999999999,0.0084058460000000501
1.023414182,65537,1501,1000,1.01501,0.0084041820000000378
1.0234225180000001,65537,1502,1000,1.01502,0.0084025180000000255
1.0234308539999999,65537,1503,1000,1.0150300000000001,0.0084008539999997911
1.0234391860000001,65538,1503,1000,1.0150300000000001,0.0084091859999999574
1.023447526,65537,1504,1000,1.0150399999999999,0.008407526000000054
1.023455862,65537,1505,1000,1.01505,0.0084058620000000417
1.0234641980000001,65537,1506,1000,1.0150600000000001,0.0084041980000000294
1.0234725339999999,65537,1507,1000,1.0150699999999999,0.008402534000000017
1.02348087,65537,1508,1000,1.01508,0.0084008700000000047
1.023489206,65538,1508,1000,1.01508,0.0084092060000000579
1.023497536,65537,1509,1000,1.01509,0.0084075359999999932
1.023505876,65537,1510,1000,1.0150999999999999,0.0084058760000000898
1.023514212,65537,1511,1000,1.01511,0.0084042120000000775
1.0235225480000001,65537,1512,1000,1.01512,0.0084025480000000652
1.0235308860000001,65537,1513,1000,1.0151300000000001,0.0084008859999999963
1.0235392160000001,65538,1513,1000,1.0151300000000001,0.0084092159999999971
1.023547556,65537,1514,1000,1.0151399999999999,0.0084075560000000937
1.0235558920000001,65537,1515,1000,1.01515,0.0084058920000000814
1.0235642279999999,65537,1516,1000,1.0151600000000001,0.008404227999999847
1.0235725659999999,65537,1517,1000,1.0151699999999999,0.0084025660000000002
1.023580902,65537,1518,1000,1.01518,0.0084009019999999879
1.0235892360000001,65538,1518,1000,1.01518,0.0084092360000000976
1.0235975660000001,65537,1519,1000,1.01519,0.008407566000000033
1.023605906,65537,1520,1000,1.0152000000000001,0.0084059059999999075
1.0236142459999999,65537,1521,1000,1.0152099999999999,0.0084042460000000041
1.023622582,65537,1522,1000,1.01522,0.0084025819999999918
1.0236309180000001,65537,1523,1000,1.0152300000000001,0.0084009179999999795
1.0236392459999999,65538,1523,1000,1.0152300000000001,0.0084092459999998148
1.0236475860000001,65537,1524,1000,1.0152399999999999,0.0084075860000001335
1.023655926,65537,1525,1000,1.01525,0.008405926000000008
1.023664262,65537,1526,1000,1.0152600000000001,0.0084042619999999957
1.0236725980000001,65537,1527,1000,1.0152699999999999,0.0084025980000002054
1.0236809339999999,65537,1528,1000,1.01528,0.008400933999999971
1.0236892660000001,65538,1528,1000,1.01528,0.0084092660000001374
1.023697606,65537,1529,1000,1.01529,0.0084076060000000119
1.0237059420000001,65537,1530,1000,1.0153000000000001,0.0084059419999999996
1.0237142779999999,65537,1531,1000,1.0153099999999999,0.0084042779999999873
1.023722614,65537,1532,1000,1.01532,0.0084026139999999749
1.02373095,65537,1533,1000,1.0153300000000001,0.0084009499999999626
1.0237392860000001,65538,1533,1000,1.0153300000000001,0.0084092860000000158
1.0237476160000001,65537,1534,1000,1.0153399999999999,0.0084076160000001732
1.023755956,65537,1535,1000,1.01535,0.0084059560000000477
1.0237642920000001,65537,1536,1000,1.01536,0.0084042920000000354
1.0237726279999999,65537,1537,1000,1.0153700000000001,0.008402627999999801
1.0237809659999999,65537,1538,1000,1.0153799999999999,0.0084009659999999542
1.0237892959999999,65538,1538,1000,1.0153799999999999,0.008409295999999955
1.0237976360000001,65537,1539,1000,1.01539,0.0084076360000000516
1.0238059719999999,65537,1540,1000,1.0154000000000001,0.0084059719999998173
1.023814308,65537,1541,1000,1.0154099999999999,0.008404308000000027
1.0238226459999999,65537,1542,1000,1.01542,0.0084026459999999581
1.023830982,65537,1543,1000,1.0154300000000001,0.0084009819999999458
1.0238393160000001,65538,1543,1000,1.0154300000000001,0.0084093160000000555
1.0238476459999999,65537,1544,1000,1.0154399999999999,0.0084076459999999908
1.0238559860000001,65537,1545,1000,1.01545,0.0084059860000000874
1.023864326,65537,1546,1000,1.01546,0.008404325999999962
1.023872662,65537,1547,1000,1.0154700000000001,0.0084026619999999497
1.0238809980000001,65537,1548,1000,1.0154799999999999,0.0084009980000001594
1.0238893259999999,65538,1548,1000,1.0154799999999999,0.0084093259999999947
1.0238976660000001,65537,1549,1000,1.01549,0.0084076660000000913
1.023906006,65537,1550,1000,1.0155000000000001,0.0084060059999999659
1.0239143420000001,65537,1551,1000,1.0155099999999999,0.0084043420000001756
1.0239226779999999,65537,1552,1000,1.01552,0.0084026779999999412
1.023931014,65537,1553,1000,1.01553,0.0084010139999999289
1.0239393459999999,65538,1553,1000,1.01553,0.0084093459999998732
1.0239476860000001,65537,1554,1000,1.0155400000000001,0.0084076859999999698
1.0239560219999999,65537,1555,1000,1.01555,0.0084060219999999575
1.023964358,65537,1556,1000,1.01556,0.0084043579999999452
1.023972694,65537,1557,1000,1.0155700000000001,0.0084026939999999328
1.0239810300000001,65537,1558,1000,1.0155799999999999,0.0084010300000001426
1.0239893659999999,65538,1558,1000,1.0155799999999999,0.0084093659999999737
1.0239976959999999,65537,1559,1000,1.01559,0.008407695999999909
1.0240060360000001,65537,1560,1000,1.0156000000000001,0.0084060360000000056
1.0240143719999999,65537,1561,1000,1.0156099999999999,0.0084043719999999933
1.0240227079999999,65537,1562,1000,1.01562,0.008402707999999981
1.0240310459999999,65537,1563,1000,1.01563,0.0084010459999999121
1.0240393759999999,65538,1563,1000,1.01563,0.0084093759999999129
1.0240477160000001,65537,1564,1000,1.0156400000000001,0.0084077160000000095
1.0240560519999999,65537,1565,1000,1.0156499999999999,0.0084060519999999972
1.024064388,65537,1566,1000,1.01566,0.0084043879999999849
1.024072726,65537,1567,1000,1.0156700000000001,0.008402725999999916
1.024081062,65537,1568,1000,1.0156799999999999,0.0084010620000001257
1.0240893980000001,65537,1569,1000,1.01569,0.0083993980000001134
1.0240977259999999,65538,1569,1000,1.01569,0.0084077259999999487
1.0241060660000001,65537,1570,1000,1.0157,0.0084060660000000453
1.024114406,65537,1571,1000,1.0157099999999999,0.0084044060000001419
1.0241227420000001,65537,1572,1000,1.01572,0.0084027420000001296
1.0241310779999999,65537,1573,1000,1.01573,0.0084010779999998952
1.024139414,65537,1574,1000,1.0157400000000001,0.0083994139999998829
1.0241477459999999,65538,1574,1000,1.0157400000000001,0.0084077459999998272
1.0241560860000001,65537,1575,1000,1.0157499999999999,0.0084060860000001458
1.0241644219999999,65537,1576,1000,1.01576,0.0084044219999999115
1.024172758,65537,1577,1000,1.0157700000000001,0.0084027579999998991
1.024181094,65537,1578,1000,1.0157799999999999,0.0084010940000001089
1.0241894300000001,65537,1579,1000,1.01579,0.0083994300000000965
1.0241977659999999,65538,1579,1000,1.01579,0.0084077659999999277
1.0242060959999999,65537,1580,1000,1.0158,0.008406095999999863
1.0242144360000001,65537,1581,1000,1.0158100000000001,0.0084044359999999596
1.0242227719999999,65537,1582,1000,1.0158199999999999,0.0084027719999999473
1.0242311079999999,65537,1583,1000,1.01583,0.008401107999999935
1.0242394459999999,65537,1584,1000,1.0158400000000001,0.0083994459999998661
1.0242477759999999,65538,1584,1000,1.0158400000000001,0.0084077759999998669
1.0242561160000001,65537,1585,1000,1.0158499999999999,0.0084061160000001856
1.0242644519999999,65537,1586,1000,1.01586,0.0084044519999999512
1.024272788,65537,1587,1000,1.0158700000000001,0.0084027879999999389
1.024281126,65537,1588,1000,1.0158799999999999,0.008401126000000092
1.024289462,65537,1589,1000,1.01589,0.0083994620000000797
1.0242977959999999,65538,1589,1000,1.01589,0.0084077959999999674
1.0243061259999999,65537,1590,1000,1.0159,0.0084061259999999027
1.0243144660000001,65537,1591,1000,1.0159100000000001,0.0084044659999999993
1.024322806,65537,1592,1000,1.0159199999999999,0.0084028060000000959
1.0243311420000001,65537,1593,1000,1.01593,0.0084011420000000836
1.0243394779999999,65537,1594,1000,1.0159400000000001,0.0083994779999998492
1.024347806,65538,1594,1000,1.0159400000000001,0.0084078059999999066
1.0243561459999999,65537,1595,1000,1.0159499999999999,0.0084061460000000032
1.0243644860000001,65537,1596,1000,1.01596,0.0084044860000000998
1.0243728219999999,65537,1597,1000,1.01597,0.0084028219999998655
1.024381158,65537,1598,1000,1.0159800000000001,0.0084011579999998531
1.024389494,65537,1599,1000,1.0159899999999999,0.0083994940000000629
1.024397826,65538,1599,1000,1.0159899999999999,0.0084078260000000071
1.0244061659999999,65537,1600,1000,1.016,0.0084061659999998817
1.0244145019999999,65537,1601,1000,1.0160100000000001,0.0084045019999998694
1.024422838,65537,1602,1000,1.0160199999999999,0.0084028380000000791
1.0244311740000001,65537,1603,1000,1.01603,0.0084011740000000668
1.0244395100000001,65537,1604,1000,1.0160400000000001,0.0083995100000000544
1.0244478459999999,65538,1604,1000,1.0160400000000001,0.0084078459999998856
1.0244561759999999,65537,1605,1000,1.0160499999999999,0.0084061760000000429
1.0244645160000001,65537,1606,1000,1.01606,0.0084045160000001395
1.0244728519999999,65537,1607,1000,1.01607,0.0084028519999999052
1.024481188,65537,1608,1000,1.0160800000000001,0.0084011879999998929
1.024489526,65537,1609,1000,1.0160899999999999,0.008399526000000046
1.024497856,65538,1609,1000,1.0160899999999999,0.0084078560000000468
1.0245061959999999,65537,1610,1000,1.0161,0.0084061959999999214
1.024514532,65537,1611,1000,1.0161100000000001,0.0084045319999999091
1.024522868,65537,1612,1000,1.0161199999999999,0.0084028680000001188
1.024531206,65537,1613,1000,1.01613,0.0084012060000000499
1.0245395420000001,65537,1614,1000,1.01614,0.0083995420000000376
1.024547876,65538,1614,1000,1.01614,0.0084078759999999253
1.024556206,65537,1615,1000,1.0161500000000001,0.0084062059999998606
1.0245645459999999,65537,1616,1000,1.01616,0.0084045459999999572
1.0245728860000001,65537,1617,1000,1.01617,0.0084028860000000538
1.0245812219999999,65537,1618,1000,1.0161800000000001,0.0084012219999998194
1.024589558,65537,1619,1000,1.0161899999999999,0.0083995580000000292
1.024597886,65538,1619,1000,1.0161899999999999,0.0084078860000000866
1.024606226,65537,1620,1000,1.0162,0.0084062259999999611
1.0246145659999999,65537,1621,1000,1.0162100000000001,0.0084045659999998357
1.0246229019999999,65537,1622,1000,1.0162199999999999,0.0084029020000000454
1.024631238,65537,1623,1000,1.01623,0.0084012380000000331
1.0246395740000001,65537,1624,1000,1.01624,0.0083995740000000207
1.024647906,65538,1624,1000,1.01624,0.008407905999999965
1.0246562459999999,65537,1625,1000,1.0162500000000001,0.0084062459999998396
1.024664582,65537,1626,1000,1.0162599999999999,0.0084045820000000493
1.024672918,65537,1627,1000,1.01627,0.008402918000000037
1.0246812540000001,65537,1628,1000,1.0162800000000001,0.0084012540000000246
1.0246895899999999,65537,1629,1000,1.0162899999999999,0.0083995900000000123
1.024697926,65538,1629,1000,1.0162899999999999,0.0084079260000000655
1.024706256,65537,1630,1000,1.0163,0.0084062560000000008
1.0247145959999999,65537,1631,1000,1.01631,0.0084045959999998754
1.024722932,65537,1632,1000,1.0163199999999999,0.0084029320000000851
1.024731268,65537,1633,1000,1.01633,0.0084012680000000728
1.024739606,65537,1634,1000,1.01634,0.0083996060000000039
1.024747936,65538,1634,1000,1.01634,0.0084079360000000047
1.024756276,65537,1635,1000,1.0163500000000001,0.0084062759999998793
1.024764612,65537,1636,1000,1.0163599999999999,0.008404612000000089
1.0247729480000001,65537,1637,1000,1.01637,0.0084029480000000767
1.0247812860000001,65537,1638,1000,1.0163800000000001,0.0084012860000000078
1.0247896219999999,65537,1639,1000,1.0163899999999999,0.0083996219999999955
1.024797956,65538,1639,1000,1.0163899999999999,0.0084079560000001052
1.024806286,65537,1640,1000,1.0164,0.0084062860000000406
1.024814626,65537,1641,1000,1.01641,0.0084046259999999151
1.0248229659999999,65537,1642,1000,1.0164200000000001,0.0084029659999997897
1.0248313019999999,65537,1643,1000,1.0164299999999999,0.0084013019999999994
1.024839638,65537,1644,1000,1.01644,0.0083996379999999871
1.0248479660000001,65538,1644,1000,1.01644,0.0084079660000000445
1.024856306,65537,1645,1000,1.0164500000000001,0.008406305999999919
1.0248646459999999,65537,1646,1000,1.0164599999999999,0.0084046460000000156
1.024872982,65537,1647,1000,1.01647,0.0084029820000000033
1.024881318,65537,1648,1000,1.0164800000000001,0.008401317999999991
1.0248896540000001,65537,1649,1000,1.0164899999999999,0.0083996540000002007
1.024897986,65538,1649,1000,1.0164899999999999,0.008407986000000145
1.024906326,65537,1650,1000,1.0165,0.0084063260000000195
1.024914662,65537,1651,1000,1.01651,0.0084046620000000072
1.0249229980000001,65537,1652,1000,1.0165200000000001,0.0084029979999999949
1.0249313339999999,65537,1653,1000,1.0165299999999999,0.0084013339999999825
1.02493967,65537,1654,1000,1.01654,0.0083996699999999702
1.024948006,65538,1654,1000,1.01654,0.0084080060000000234
1.024956336,65537,1655,1000,1.0165500000000001,0.0084063359999999587
1.024964676,65537,1656,1000,1.0165599999999999,0.0084046760000000553
1.024973012,65537,1657,1000,1.01657,0.008403012000000043
1.0249813480000001,65537,1658,1000,1.01658,0.0084013480000000307
1.0249896860000001,65537,1659,1000,1.0165900000000001,0.0083996859999999618
1.0249980160000001,65538,1659,1000,1.0165900000000001,0.0084080159999999626
1.025006356,65537,1660,1000,1.0165999999999999,0.0084063560000000592
1.0250146920000001,65537,1661,1000,1.01661,0.0084046920000000469
1.0250230279999999,65537,1662,1000,1.0166200000000001,0.0084030279999998125
1.0250313660000001,65537,1663,1000,1.0166299999999999,0.0084013660000001877
1.0250397019999999,65537,1664,1000,1.01664,0.0083997019999999534
1.0250480360000001,65538,1664,1000,1.01664,0.0084080360000000631
1.0250563660000001,65537,1665,1000,1.0166500000000001,0.0084063659999999985
1.025064706,65537,1666,1000,1.0166599999999999,0.008404706000000095
1.0250730459999999,65537,1667,1000,1.01667,0.0084030459999999696
1.025081382,65537,1668,1000,1.01668,0.0084013819999999573
1.025089718,65537,1669,1000,1.0166900000000001,0.008399717999999945
1.0250980460000001,65538,1669,1000,1.0166900000000001,0.0084080460000000024
1.025106386,65537,1670,1000,1.0166999999999999,0.0084063860000000989
1.025114726,65537,1671,1000,1.01671,0.0084047259999999735
1.025123062,65537,1672,1000,1.0167200000000001,0.0084030619999999612
1.0251313980000001,65537,1673,1000,1.0167299999999999,0.0084013980000001709
1.0251397339999999,65537,1674,1000,1.01674,0.0083997339999999365
1.0251480660000001,65538,1674,1000,1.01674,0.0084080660000001028
1.025156406,65537,1675,1000,1.01675,0.0084064059999999774
1.0251647420000001,65537,1676,1000,1.0167600000000001,0.0084047419999999651
1.0251730779999999,65537,1677,1000,1.01677,0.0084030779999999528
1.025181414,65537,1678,1000,1.01678,0.0084014139999999404
1.02518975,65537,1679,1000,1.0167900000000001,0.0083997499999999281
1.0251980860000001,65538,1679,1000,1.0167900000000001,0.0084080859999999813
1.0252064160000001,65537,1680,1000,1.0167999999999999,0.0084064160000001387
1.025214756,65537,1681,1000,1.01681,0.0084047560000000132
1.0252230920000001,65537,1682,1000,1.0168200000000001,0.0084030920000000009
1.0252314279999999,65537,1683,1000,1.0168299999999999,0.0084014279999999886
1.0252397660000001,65537,1684,1000,1.01684,0.0083997660000001417
1.0252480960000001,65538,1684,1000,1.01684,0.0084080960000001426
1.025256436,65537,1685,1000,1.01685,0.0084064360000000171
1.0252647720000001,65537,1686,1000,1.0168600000000001,0.0084047720000000048
1.0252731079999999,65537,1687,1000,1.0168699999999999,0.0084031079999999925
1.0252814459999999,65537,1688,1000,1.01688,0.0084014459999999236
1.025289782,65537,1689,1000,1.0168900000000001,0.0083997819999999113
1.0252981160000001,65538,1689,1000,1.0168900000000001,0.008408116000000021
1.0253064460000001,65537,1690,1000,1.0168999999999999,0.0084064460000001784
1.025314786,65537,1691,1000,1.01691,0.0084047860000000529
1.025323126,65537,1692,1000,1.01692,0.0084031259999999275
1.025331462,65537,1693,1000,1.0169299999999999,0.0084014620000001372
1.0253397980000001,65537,1694,1000,1.01694,0.0083997980000001249
1.0253481259999999,65538,1694,1000,1.01694,0.0084081259999999602
1.0253564660000001,65537,1695,1000,1.01695,0.0084064660000000568
1.025364806,65537,1696,1000,1.0169600000000001,0.0084048059999999314
1.0253731420000001,65537,1697,1000,1.0169699999999999,0.0084031420000001411
1.0253814779999999,65537,1698,1000,1.01698,0.0084014779999999067
1.025389814,65537,1699,1000,1.0169900000000001,0.0083998139999998944
1.0253981459999999,65538,1699,1000,1.0169900000000001,0.0084081459999998387
1.0254064860000001,65537,1700,1000,1.0169999999999999,0.0084064860000001573
1.0254148219999999,65537,1701,1000,1.01701,0.008404821999999923
1.0254231579999999,65537,1702,1000,1.01702,0.0084031579999999106
1.025431494,65537,1703,1000,1.0170300000000001,0.0084014939999998983
1.0254398300000001,65537,1704,1000,1.0170399999999999,0.008399830000000108
1.0254481660000001,65538,1704,1000,1.0170399999999999,0.0084081660000001612
1.0254564960000001,65537,1705,1000,1.01705,0.0084064960000000966
1.025464836,65537,1706,1000,1.0170600000000001,0.0084048359999999711
1.0254731720000001,65537,1707,1000,1.0170699999999999,0.0084031720000001808
1.0254815079999999,65537,1708,1000,1.01708,0.0084015079999999465
1.0254898459999999,65537,1709,1000,1.01709,0.0083998459999998776
1.0254981759999999,65538,1709,1000,1.01709,0.0084081759999998784
1.0255065160000001,65537,1710,1000,1.0170999999999999,0.0084065160000001971
1.0255148519999999,65537,1711,1000,1.01711,0.0084048519999999627
1.025523188,65537,1712,1000,1.01712,0.0084031879999999504
1.025531526,65537,1713,1000,1.0171300000000001,0.0084015259999998815
1.025539862,65537,1714,1000,1.0171399999999999,0.0083998620000000912
1.0255481959999999,65538,1714,1000,1.0171399999999999,0.0084081959999999789
1.0255565259999999,65537,1715,1000,1.01715,0.0084065259999999142
1.0255648660000001,65537,1716,1000,1.0171600000000001,0.0084048660000000108
1.025573206,65537,1717,1000,1.0171699999999999,0.0084032060000001074
1.0255815420000001,65537,1718,1000,1.01718,0.0084015420000000951
1.0255898779999999,65537,1719,1000,1.01719,0.0083998779999998607
1.025598206,65538,1719,1000,1.01719,0.0084082059999999181
1.0256065459999999,65537,1720,1000,1.0172000000000001,0.0084065459999997927
1.0256148860000001,65537,1721,1000,1.0172099999999999,0.0084048860000001113
1.0256232219999999,65537,1722,1000,1.01722,0.008403221999999877
1.0256315579999999,65537,1723,1000,1.0172300000000001,0.0084015579999998646
1.025639894,65537,1724,1000,1.0172399999999999,0.0083998940000000744
1.0256482259999999,65538,1724,1000,1.0172399999999999,0.0084082260000000186
1.0256565660000001,65537,1725,1000,1.01725,0.0084065660000001152
1.0256649019999999,65537,1726,1000,1.0172600000000001,0.0084049019999998809
1.025673238,65537,1727,1000,1.0172699999999999,0.0084032380000000906
1.025681574,65537,1728,1000,1.01728,0.0084015740000000783
1.0256899100000001,65537,1729,1000,1.01729,0.0083999100000000659
1.0256982459999999,65538,1729,1000,1.01729,0.0084082459999998971
1.0257065759999999,65537,1730,1000,1.0173000000000001,0.0084065759999998324
1.0257149160000001,65537,1731,1000,1.0173099999999999,0.008404916000000151
1.0257232519999999,65537,1732,1000,1.01732,0.0084032519999999167
1.025731588,65537,1733,1000,1.0173300000000001,0.0084015879999999044
1.025739926,65537,1734,1000,1.0173399999999999,0.0083999260000000575
1.025748256,65538,1734,1000,1.0173399999999999,0.0084082560000000583
1.0257565959999999,65537,1735,1000,1.01735,0.0084065959999999329
1.025764932,65537,1736,1000,1.01736,0.0084049319999999206
1.025773268,65537,1737,1000,1.0173700000000001,0.0084032679999999083
1.025781606,65537,1738,1000,1.01738,0.0084016060000000614
1.0257899420000001,65537,1739,1000,1.01739,0.0083999420000000491
1.025798276,65538,1739,1000,1.01739,0.0084082759999999368
1.025806606,65537,1740,1000,1.0174000000000001,0.0084066059999998721
1.0258149459999999,65537,1741,1000,1.0174099999999999,0.0084049459999999687
1.0258232860000001,65537,1742,1000,1.01742,0.0084032860000000653
1.0258316220000001,65537,1743,1000,1.0174300000000001,0.008401622000000053
1.0258399579999999,65537,1744,1000,1.0174399999999999,0.0083999580000000407
1.025848286,65538,1744,1000,1.0174399999999999,0.0084082860000000981
1.0258566259999999,65537,1745,1000,1.01745,0.0084066259999999726
1.0258649660000001,65537,1746,1000,1.01746,0.0084049660000000692
1.0258733019999999,65537,1747,1000,1.0174700000000001,0.0084033019999998348
1.025881638,65537,1748,1000,1.0174799999999999,0.0084016380000000446
1.025889974,65537,1749,1000,1.01749,0.0083999740000000322
1.025898306,65538,1749,1000,1.01749,0.0084083059999999765
1.0259066459999999,65537,1750,1000,1.0175000000000001,0.0084066459999998511
1.025914982,65537,1751,1000,1.0175099999999999,0.0084049820000000608
1.025923318,65537,1752,1000,1.01752,0.0084033180000000485
1.0259316540000001,65537,1753,1000,1.01753,0.0084016540000000361
1.0259399899999999,65537,1754,1000,1.0175399999999999,0.0083999900000000238
1.025948326,65538,1754,1000,1.0175399999999999,0.008408326000000077
1.025956656,65537,1755,1000,1.01755,0.0084066560000000123
1.0259649959999999,65537,1756,1000,1.01756,0.0084049959999998869
1.025973332,65537,1757,1000,1.0175700000000001,0.0084033319999998746
1.025981668,65537,1758,1000,1.0175799999999999,0.0084016680000000843
1.025990006,65537,1759,1000,1.01759,0.0084000060000000154
1.025998336,65538,1759,1000,1.01759,0.0084083360000000162
1.026006676,65537,1760,1000,1.0176000000000001,0.0084066759999998908
1.026015012,65537,1761,1000,1.0176099999999999,0.0084050120000001005
1.0260233480000001,65537,1762,1000,1.01762,0.0084033480000000882
1.0260316860000001,65537,1763,1000,1.01763,0.0084016860000000193
1.0260400220000001,65537,1764,1000,1.0176400000000001,0.008400022000000007
1.026048356,65538,1764,1000,1.0176400000000001,0.0084083559999998947
1.026056686,65537,1765,1000,1.0176499999999999,0.0084066860000000521
1.0260650259999999,65537,1766,1000,1.01766,0.0084050259999999266
1.0260733660000001,65537,1767,1000,1.0176700000000001,0.0084033660000000232
1.0260817019999999,65537,1768,1000,1.0176799999999999,0.0084017020000000109
1.026090038,65537,1769,1000,1.01769,0.0084000379999999986
1.026098366,65538,1769,1000,1.01769,0.008408366000000056
1.026106706,65537,1770,1000,1.0177,0.0084067059999999305
1.0261150459999999,65537,1771,1000,1.0177099999999999,0.0084050460000000271
1.026123382,65537,1772,1000,1.01772,0.0084033820000000148
1.026131718,65537,1773,1000,1.01773,0.0084017180000000025
1.0261400540000001,65537,1774,1000,1.0177400000000001,0.0084000539999999901
1.026148386,65538,1774,1000,1.0177400000000001,0.0084083859999999344
1.026156726,65537,1775,1000,1.0177499999999999,0.008406726000000031
1.026165062,65537,1776,1000,1.01776,0.0084050620000000187
1.0261733980000001,65537,1777,1000,1.0177700000000001,0.0084033980000000064
1.0261817339999999,65537,1778,1000,1.0177799999999999,0.008401733999999994
1.02619007,65537,1779,1000,1.01779,0.0084000699999999817
1.026198406,65538,1779,1000,1.01779,0.0084084060000000349
1.026206736,65537,1780,1000,1.0178,0.0084067359999999702
1.0262150759999999,65537,1781,1000,1.0178100000000001,0.0084050759999998448
1.026223412,65537,1782,1000,1.0178199999999999,0.0084034120000000545
1.0262317480000001,65537,1783,1000,1.01783,0.0084017480000000422
1.0262400860000001,65537,1784,1000,1.0178400000000001,0.0084000859999999733
1.0262484160000001,65538,1784,1000,1.0178400000000001,0.0084084159999999741
1.026256756,65537,1785,1000,1.0178499999999999,0.0084067560000000707
1.026265092,65537,1786,1000,1.01786,0.0084050920000000584
1.0262734280000001,65537,1787,1000,1.0178700000000001,0.0084034280000000461
1.0262817660000001,65537,1788,1000,1.0178799999999999,0.0084017660000001992
1.0262901019999999,65537,1789,1000,1.01789,0.0084001019999999649
1.026298436,65538,1789,1000,1.01789,0.0084084360000000746
1.026306766,65537,1790,1000,1.0179,0.00840676600000001
1.026315106,65537,1791,1000,1.0179100000000001,0.0084051059999998845
1.0263234459999999,65537,1792,1000,1.0179199999999999,0.0084034459999999811
1.026331782,65537,1793,1000,1.01793,0.0084017819999999688
1.026340118,65537,1794,1000,1.0179400000000001,0.0084001179999999565
1.0263484460000001,65538,1794,1000,1.0179400000000001,0.0084084460000000139
1.026356786,65537,1795,1000,1.0179499999999999,0.0084067860000001104
1.026365126,65537,1796,1000,1.01796,0.008405125999999985
1.026373462,65537,1797,1000,1.01797,0.0084034619999999727
1.0263817980000001,65537,1798,1000,1.0179800000000001,0.0084017979999999604
1.0263901339999999,65537,1799,1000,1.01799,0.008400133999999948
1.0263984660000001,65538,1799,1000,1.01799,0.0084084660000001143
1.026406806,65537,1800,1000,1.018,0.0084068059999999889
1.0264151420000001,65537,1801,1000,1.0180100000000001,0.0084051419999999766
1.0264234779999999,65537,1802,1000,1.0180199999999999,0.0084034779999999643
1.0264318139999999,65537,1803,1000,1.01803,0.0084018139999999519
1.02644015,65537,1804,1000,1.0180400000000001,0.0084001499999999396
1.026448486,65538,1804,1000,1.0180400000000001,0.0084084859999999928
1.026456816,65537,1805,1000,1.0180499999999999,0.0084068160000001502
1.026465156,65537,1806,1000,1.01806,0.0084051560000000247
1.026473492,65537,1807,1000,1.01807,0.0084034920000000124
1.0264818280000001,65537,1808,1000,1.0180800000000001,0.0084018280000000001
1.0264901660000001,65537,1809,1000,1.0180899999999999,0.0084001660000001532
1.0264984960000001,65538,1809,1000,1.0180899999999999,0.0084084960000001541
1.026506836,65537,1810,1000,1.0181,0.0084068360000000286
1.0265151720000001,65537,1811,1000,1.0181100000000001,0.0084051720000000163
1.0265235079999999,65537,1812,1000,1.0181199999999999,0.008403508000000004
1.0265318459999999,65537,1813,1000,1.01813,0.0084018459999999351
1.026540182,65537,1814,1000,1.01814,0.0084001819999999228
1.0265485160000001,65538,1814,1000,1.01814,0.0084085160000000325
1.0265568460000001,65537,1815,1000,1.0181500000000001,0.0084068459999999678
1.026565186,65537,1816,1000,1.01816,0.0084051860000000644
1.026573526,65537,1817,1000,1.01817,0.008403525999999939
1.026581862,65537,1818,1000,1.0181800000000001,0.0084018619999999267
1.0265901980000001,65537,1819,1000,1.0181899999999999,0.0084001980000001364
1.0265985259999999,65538,1819,1000,1.0181899999999999,0.0084085259999999717
1.0266068660000001,65537,1820,1000,1.0182,0.0084068660000000683
1.026615206,65537,1821,1000,1.0182100000000001,0.0084052059999999429
1.0266235420000001,65537,1822,1000,1.0182199999999999,0.0084035420000001526
1.0266318780000001,65537,1823,1000,1.01823,0.0084018780000001403
1.0266402139999999,65537,1824,1000,1.01824,0.0084002139999999059
1.0266485460000001,65538,1824,1000,1.01824,0.0084085460000000722
1.026656886,65537,1825,1000,1.0182500000000001,0.0084068859999999468
1.0266652220000001,65537,1826,1000,1.0182599999999999,0.0084052220000001565
1.0266735579999999,65537,1827,1000,1.01827,0.0084035579999999221
1.026681894,65537,1828,1000,1.0182800000000001,0.0084018939999999098
1.02669023,65537,1829,1000,1.0182899999999999,0.0084002300000001195
1.0266985660000001,65538,1829,1000,1.0182899999999999,0.0084085660000001727
1.0267068960000001,65537,1830,1000,1.0183,0.0084068960000001081
1.026715236,65537,1831,1000,1.01831,0.0084052359999999826
1.0267235720000001,65537,1832,1000,1.0183199999999999,0.0084035720000001923
1.0267319079999999,65537,1833,1000,1.01833,0.008401907999999958
1.0267402459999999,65537,1834,1000,1.01834,0.0084002459999998891
1.0267485759999999,65538,1834,1000,1.01834,0.0084085759999998899
1.0267569160000001,65537,1835,1000,1.0183500000000001,0.0084069159999999865
1.0267652519999999,65537,1836,1000,1.0183599999999999,0.0084052519999999742
1.026773588,65537,1837,1000,1.01837,0.0084035879999999619
1.026781926,65537,1838,1000,1.0183800000000001,0.008401925999999893
1.026790262,65537,1839,1000,1.0183899999999999,0.0084002620000001027
1.0267985959999999,65538,1839,1000,1.0183899999999999,0.0084085959999999904
1.0268069259999999,65537,1840,1000,1.0184,0.0084069259999999257
1.0268152660000001,65537,1841,1000,1.01841,0.0084052660000000223
1.026823606,65537,1842,1000,1.0184200000000001,0.0084036059999998969
1.0268319420000001,65537,1843,1000,1.0184299999999999,0.0084019420000001066
1.0268402780000001,65537,1844,1000,1.01844,0.0084002780000000943
1.0268486059999999,65538,1844,1000,1.01844,0.0084086059999999296
1.0268569460000001,65537,1845,1000,1.0184500000000001,0.0084069460000000262
1.026865286,65537,1846,1000,1.0184599999999999,0.0084052860000001228
1.0268736220000001,65537,1847,1000,1.01847,0.0084036220000001105
1.0268819579999999,65537,1848,1000,1.0184800000000001,0.0084019579999998761
1.026890294,65537,1849,1000,1.0184899999999999,0.0084002940000000859
1.0268986259999999,65538,1849,1000,1.0184899999999999,0.0084086260000000301
1.0269069660000001,65537,1850,1000,1.0185,0.0084069660000001267
1.0269153019999999,65537,1851,1000,1.01851,0.0084053019999998924
1.026923638,65537,1852,1000,1.0185200000000001,0.00840363799999988
1.026931974,65537,1853,1000,1.0185299999999999,0.0084019740000000898
1.0269403100000001,65537,1854,1000,1.01854,0.0084003100000000774
1.0269486459999999,65538,1854,1000,1.01854,0.0084086459999999086
1.0269569759999999,65537,1855,1000,1.0185500000000001,0.0084069759999998439
1.0269653160000001,65537,1856,1000,1.0185599999999999,0.0084053160000001625
1.0269736519999999,65537,1857,1000,1.01857,0.0084036519999999282
1.026981988,65537,1858,1000,1.01858,0.0084019879999999159
1.026990326,65537,1859,1000,1.0185900000000001,0.008400325999999847
1.026998656,65538,1859,1000,1.0185900000000001,0.0084086559999998478
1.0270069959999999,65537,1860,1000,1.0185999999999999,0.0084069959999999444
1.0270153319999999,65537,1861,1000,1.01861,0.0084053319999999321
1.027023668,65537,1862,1000,1.0186200000000001,0.0084036679999999198
1.027032006,65537,1863,1000,1.0186299999999999,0.0084020060000000729
1.0270403420000001,65537,1864,1000,1.01864,0.0084003420000000606
1.0270486759999999,65538,1864,1000,1.01864,0.0084086759999999483
1.0270570059999999,65537,1865,1000,1.0186500000000001,0.0084070059999998836
1.0270653460000001,65537,1866,1000,1.0186599999999999,0.0084053460000002023
1.027073686,65537,1867,1000,1.01867,0.0084036860000000768
1.0270820220000001,65537,1868,1000,1.01868,0.0084020220000000645
1.0270903579999999,65537,1869,1000,1.0186900000000001,0.0084003579999998301
1.027098686,65538,1869,1000,1.0186900000000001,0.0084086859999998875
1.0271070259999999,65537,1870,1000,1.0186999999999999,0.0084070259999999841
1.0271153660000001,65537,1871,1000,1.01871,0.0084053660000000807
1.0271237019999999,65537,1872,1000,1.0187200000000001,0.0084037019999998464
1.027132038,65537,1873,1000,1.0187299999999999,0.0084020380000000561
1.027140374,65537,1874,1000,1.01874,0.0084003740000000438
1.027148706,65538,1874,1000,1.01874,0.008408705999999988
1.0271570459999999,65537,1875,1000,1.01875,0.0084070459999998626
1.027165382,65537,1876,1000,1.0187600000000001,0.0084053819999998503
1.027173718,65537,1877,1000,1.01877,0.00840371800000006
1.0271820540000001,65537,1878,1000,1.01878,0.0084020540000000477
1.0271903899999999,65537,1879,1000,1.0187900000000001,0.0084003899999998133
1.027198726,65538,1879,1000,1.0187900000000001,0.0084087259999998665
1.027207056,65537,1880,1000,1.0187999999999999,0.0084070560000000238
1.0272153959999999,65537,1881,1000,1.01881,0.0084053959999998984
1.0272237319999999,65537,1882,1000,1.0188200000000001,0.0084037319999998861
1.027232068,65537,1883,1000,1.0188299999999999,0.0084020680000000958
1.027240406,65537,1884,1000,1.01884,0.0084004060000000269
1.027248736,65538,1884,1000,1.01884,0.0084087360000000277
1.0272570759999999,65537,1885,1000,1.01885,0.0084070759999999023
1.027265412,65537,1886,1000,1.0188600000000001,0.00840541199999989
1.027273748,65537,1887,1000,1.0188699999999999,0.0084037480000000997
1.027282086,65537,1888,1000,1.01888,0.0084020860000000308
1.0272904220000001,65537,1889,1000,1.0188900000000001,0.0084004220000000185
1.027298756,65538,1889,1000,1.0188900000000001,0.0084087559999999062
1.027307086,65537,1890,1000,1.0188999999999999,0.0084070860000000636
1.0273154259999999,65537,1891,1000,1.01891,0.0084054259999999381
1.0273237660000001,65537,1892,1000,1.01892,0.0084037660000000347
1.0273321019999999,65537,1893,1000,1.0189299999999999,0.0084021020000000224
1.027340438,65537,1894,1000,1.01894,0.0084004380000000101
1.027348766,65538,1894,1000,1.01894,0.0084087660000000675
1.027357106,65537,1895,1000,1.01895,0.008407105999999942
1.0273654459999999,65537,1896,1000,1.0189600000000001,0.0084054459999998166
1.027373782,65537,1897,1000,1.0189699999999999,0.0084037820000000263
1.027382118,65537,1898,1000,1.01898,0.008402118000000014
1.0273904540000001,65537,1899,1000,1.0189900000000001,0.0084004540000000016
1.027398786,65538,1899,1000,1.0189900000000001,0.0084087859999999459
1.0274071259999999,65537,1900,1000,1.0189999999999999,0.0084071260000000425
1.027415462,65537,1901,1000,1.01901,0.0084054620000000302
1.0274237980000001,65537,1902,1000,1.01902,0.0084037980000000179
1.0274321340000001,65537,1903,1000,1.0190300000000001,0.0084021340000000055
1.0274404699999999,65537,1904,1000,1.0190399999999999,0.0084004699999999932
1.027448806,65538,1904,1000,1.0190399999999999,0.0084088060000000464
1.027457136,65537,1905,1000,1.01905,0.0084071359999999817
1.0274654759999999,65537,1906,1000,1.0190600000000001,0.0084054759999998563
1.027473812,65537,1907,1000,1.0190699999999999,0.008403812000000066
1.027482148,65537,1908,1000,1.01908,0.0084021480000000537
1.027490486,65537,1909,1000,1.0190900000000001,0.0084004859999999848
1.027498816,65538,1909,1000,1.0190900000000001,0.0084088159999999856
1.027507156,65537,1910,1000,1.0190999999999999,0.0084071560000000822
1.027515492,65537,1911,1000,1.01911,0.0084054920000000699
1.0275238280000001,65537,1912,1000,1.01912,0.0084038280000000576
1.0275321660000001,65537,1913,1000,1.0191300000000001,0.0084021659999999887
1.0275405019999999,65537,1914,1000,1.0191399999999999,0.0084005019999999764
1.027548836,65538,1914,1000,1.0191399999999999,0.0084088360000000861
1.027557166,65537,1915,1000,1.01915,0.0084071660000000215
1.027565506,65537,1916,1000,1.0191600000000001,0.008405505999999896
1.0275738459999999,65537,1917,1000,1.0191699999999999,0.0084038459999999926
1.027582182,65537,1918,1000,1.01918,0.0084021819999999803
1.027590518,65537,1919,1000,1.01919,0.008400517999999968
1.0275988460000001,65538,1919,1000,1.01919,0.0084088460000000254
1.027607186,65537,1920,1000,1.0192000000000001,0.0084071859999998999
1.0276155259999999,65537,1921,1000,1.0192099999999999,0.0084055259999999965
1.027623862,65537,1922,1000,1.01922,0.0084038619999999842
1.0276321980000001,65537,1923,1000,1.0192300000000001,0.0084021979999999719
1.0276405340000001,65537,1924,1000,1.0192399999999999,0.0084005340000001816
1.027648866,65538,1924,1000,1.0192399999999999,0.0084088660000001259
1.027657206,65537,1925,1000,1.01925,0.0084072060000000004
1.027665542,65537,1926,1000,1.0192600000000001,0.0084055419999999881
1.0276738780000001,65537,1927,1000,1.0192699999999999,0.0084038780000001978
1.0276822139999999,65537,1928,1000,1.01928,0.0084022139999999634
1.02769055,65537,1929,1000,1.01929,0.0084005499999999511
1.027698886,65538,1929,1000,1.01929,0.0084088860000000043
1.027707216,65537,1930,1000,1.0193000000000001,0.0084072159999999396
1.027715556,65537,1931,1000,1.0193099999999999,0.0084055560000000362
1.027723892,65537,1932,1000,1.01932,0.0084038920000000239
1.0277322280000001,65537,1933,1000,1.0193300000000001,0.0084022280000000116
1.0277405660000001,65537,1934,1000,1.0193399999999999,0.0084005660000001647
1.0277488960000001,65538,1934,1000,1.0193399999999999,0.0084088960000001656
1.027757236,65537,1935,1000,1.01935,0.0084072360000000401
1.0277655720000001,65537,1936,1000,1.01936,0.0084055720000000278
1.0277739079999999,65537,1937,1000,1.0193700000000001,0.0084039079999997934
1.0277822459999999,65537,1938,1000,1.01938,0.0084022459999999466
1.027790582,65537,1939,1000,1.01939,0.0084005819999999343
1.0277989160000001,65538,1939,1000,1.01939,0.008408916000000044
1.0278072460000001,65537,1940,1000,1.0194000000000001,0.0084072459999999793
1.027815586,65537,1941,1000,1.0194099999999999,0.0084055860000000759
1.0278239259999999,65537,1942,1000,1.01942,0.0084039259999999505
1.027832262,65537,1943,1000,1.0194300000000001,0.0084022619999999382
1.027840598,65537,1944,1000,1.0194399999999999,0.0084005980000001479
1.0278489260000001,65538,1944,1000,1.0194399999999999,0.0084089260000002053
1.027857266,65537,1945,1000,1.01945,0.0084072660000000798
1.027865606,65537,1946,1000,1.01946,0.0084056059999999544
1.027873942,65537,1947,1000,1.0194700000000001,0.0084039419999999421
1.0278822780000001,65537,1948,1000,1.0194799999999999,0.0084022780000001518
1.0278906139999999,65537,1949,1000,1.01949,0.0084006139999999174
1.0278989460000001,65538,1949,1000,1.01949,0.0084089460000000837
1.027907286,65537,1950,1000,1.0195000000000001,0.0084072859999999583
1.0279156220000001,65537,1951,1000,1.0195099999999999,0.008405622000000168
1.0279239579999999,65537,1952,1000,1.01952,0.0084039579999999336
1.027932294,65537,1953,1000,1.01953,0.0084022939999999213
1.02794063,65537,1954,1000,1.0195399999999999,0.008400630000000131
1.0279489660000001,65538,1954,1000,1.0195399999999999,0.0084089660000001842
1.0279572960000001,65537,1955,1000,1.01955,0.0084072960000001196
1.027965636,65537,1956,1000,1.01956,0.0084056359999999941
1.0279739720000001,65537,1957,1000,1.0195700000000001,0.0084039719999999818
1.0279823079999999,65537,1958,1000,1.0195799999999999,0.0084023079999999695
1.0279906459999999,65537,1959,1000,1.01959,0.0084006459999999006
1.0279989759999999,65538,1959,1000,1.01959,0.0084089759999999014
1.0280073160000001,65537,1960,1000,1.0196000000000001,0.008407315999999998
1.0280156519999999,65537,1961,1000,1.0196099999999999,0.0084056519999999857
1.0280239879999999,65537,1962,1000,1.01962,0.0084039879999999734
1.0280323259999999,65537,1963,1000,1.01963,0.0084023259999999045
1.028040662,65537,1964,1000,1.0196400000000001,0.0084006619999998922
1.0280489960000001,65538,1964,1000,1.0196400000000001,0.0084089960000000019
1.0280573260000001,65537,1965,1000,1.0196499999999999,0.0084073260000001593
1.028065666,65537,1966,1000,1.01966,0.0084056660000000338
1.028074006,65537,1967,1000,1.0196700000000001,0.0084040059999999084
1.028082342,65537,1968,1000,1.0196799999999999,0.0084023420000001181
1.0280906780000001,65537,1969,1000,1.01969,0.0084006780000001058
1.0280990059999999,65538,1969,1000,1.01969,0.0084090059999999411
1.0281073460000001,65537,1970,1000,1.0197000000000001,0.0084073460000000377
1.028115686,65537,1971,1000,1.0197099999999999,0.0084056860000001343
1.0281240220000001,65537,1972,1000,1.01972,0.008404022000000122
1.0281323579999999,65537,1973,1000,1.01973,0.0084023579999998876
1.028140694,65537,1974,1000,1.0197400000000001,0.0084006939999998753
1.0281490259999999,65538,1974,1000,1.0197400000000001,0.0084090259999998196
1.0281573660000001,65537,1975,1000,1.0197499999999999,0.0084073660000001382
1.0281657019999999,65537,1976,1000,1.01976,0.0084057019999999039
1.028174038,65537,1977,1000,1.0197700000000001,0.0084040379999998915
1.028182374,65537,1978,1000,1.0197799999999999,0.0084023740000001013
1.0281907100000001,65537,1979,1000,1.01979,0.0084007100000000889
1.0281990459999999,65538,1979,1000,1.01979,0.0084090459999999201
1.0282073759999999,65537,1980,1000,1.0198,0.0084073759999998554
1.0282157160000001,65537,1981,1000,1.0198100000000001,0.008405715999999952
1.0282240520000001,65537,1982,1000,1.0198199999999999,0.0084040520000001617
1.0282323879999999,65537,1983,1000,1.01983,0.0084023879999999274
1.0282407259999999,65537,1984,1000,1.0198400000000001,0.0084007259999998585
1.0282490559999999,65538,1984,1000,1.0198400000000001,0.0084090559999998593
1.0282573960000001,65537,1985,1000,1.0198499999999999,0.0084073960000001779
1.0282657319999999,65537,1986,1000,1.01986,0.0084057319999999436
1.028274068,65537,1987,1000,1.0198700000000001,0.0084040679999999313
1.028282406,65537,1988,1000,1.0198799999999999,0.0084024060000000844
1.028290742,65537,1989,1000,1.01989,0.0084007420000000721
1.0282990759999999,65538,1989,1000,1.01989,0.0084090759999999598
1.0283074059999999,65537,1990,1000,1.0199,0.0084074059999998951
1.0283157460000001,65537,1991,1000,1.0199100000000001,0.0084057459999999917
1.028324086,65537,1992,1000,1.0199199999999999,0.0084040860000000883
1.0283324220000001,65537,1993,1000,1.01993,0.008402422000000076
1.0283407579999999,65537,1994,1000,1.0199400000000001,0.0084007579999998416
1.028349086,65538,1994,1000,1.0199400000000001,0.008409085999999899
1.0283574259999999,65537,1995,1000,1.0199499999999999,0.0084074259999999956
1.0283657660000001,65537,1996,1000,1.01996,0.0084057660000000922
1.0283741019999999,65537,1997,1000,1.01997,0.0084041019999998579
1.028382438,65537,1998,1000,1.0199800000000001,0.0084024379999998455
1.028390774,65537,1999,1000,1.01999,0.0084007740000000553
1.028399106,65538,1999,1000,1.01999,0.0084091059999999995
