t=0 sw=1 flow=0 pkt=0 | [12:13:07.304] [bmv2] [D] [thread 70182] [0.0] [cxt 0] Parser 'parser': start
t=0 sw=1 flow=0 pkt=0 | [12:13:07.304] [bmv2] [D] [thread 70182] [0.0] [cxt 0] Parser 'parser' entering state 'start'
t=0 sw=1 flow=0 pkt=0 | [12:13:07.304] [bmv2] [D] [thread 70182] [0.0] [cxt 0] Extracting header 'ethernet'
t=0 sw=1 flow=0 pkt=0 | [12:13:07.304] [bmv2] [D] [thread 70182] [0.0] [cxt 0] Parser state 'start': key is 0800
t=0 sw=1 flow=0 pkt=0 | [12:13:07.304] [bmv2] [T] [thread 70182] [0.0] [cxt 0] Bytes parsed: 14
t=0 sw=1 flow=0 pkt=0 | [12:13:07.304] [bmv2] [D] [thread 70182] [0.0] [cxt 0] Parser 'parser' entering state 'parse_ipv4'
t=0 sw=1 flow=0 pkt=0 | [12:13:07.304] [bmv2] [D] [thread 70182] [0.0] [cxt 0] Extracting header 'ipv4'
t=0 sw=1 flow=0 pkt=0 | [12:13:07.304] [bmv2] [D] [thread 70182] [0.0] [cxt 0] Parser state 'parse_ipv4' has no switch, going to default next state
t=0 sw=1 flow=0 pkt=0 | [12:13:07.305] [bmv2] [T] [thread 70182] [0.0] [cxt 0] Bytes parsed: 34
t=0 sw=1 flow=0 pkt=0 | [12:13:07.305] [bmv2] [D] [thread 70182] [0.0] [cxt 0] Parser 'parser': end
t=0 sw=1 flow=0 pkt=0 | [12:13:07.305] [bmv2] [D] [thread 70182] [0.0] [cxt 0] Pipeline 'ingress': start
t=0 sw=1 flow=0 pkt=0 | [12:13:07.305] [bmv2] [T] [thread 70182] [0.0] [cxt 0] log_probe.p4(87) Condition "hdr.ipv4.isValid()" (node_2) is true
t=0 sw=1 flow=0 pkt=0 | [12:13:07.305] [bmv2] [T] [thread 70182] [0.0] [cxt 0] Applying table 'tbl_log_probe89'
t=0 sw=1 flow=0 pkt=0 | [12:13:07.305] [bmv2] [D] [thread 70182] [0.0] [cxt 0] Looking up key:
t=0 sw=1 flow=0 pkt=0 | [12:13:07.305] [bmv2] [D] [thread 70182] [0.0] [cxt 0] Table 'tbl_log_probe89': miss
t=0 sw=1 flow=0 pkt=0 | [12:13:07.305] [bmv2] [D] [thread 70182] [0.0] [cxt 0] Action entry is log_probe89 - 
t=0 sw=1 flow=0 pkt=0 | [12:13:07.305] [bmv2] [T] [thread 70182] [0.0] [cxt 0] Action log_probe89
t=0 sw=1 flow=0 pkt=0 | [12:13:07.305] [bmv2] [T] [thread 70182] [0.0] [cxt 0] log_probe.p4(89) Primitive shared_counters.read(n, 32w0)
t=0 sw=1 flow=0 pkt=0 | [12:13:07.305] [bmv2] [T] [thread 70182] [0.0] [cxt 0] Read register 'shared_counters' at index 0 read value 0
t=0 sw=1 flow=0 pkt=0 | [12:13:07.305] [bmv2] [T] [thread 70182] [0.0] [cxt 0] log_probe.p4(90) Primitive n + 1
t=0 sw=1 flow=0 pkt=0 | [12:13:07.305] [bmv2] [T] [thread 70182] [0.0] [cxt 0] log_probe.p4(90) Primitive shared_counters.write(32w0, n + 1)
t=0 sw=1 flow=0 pkt=0 | [12:13:07.305] [bmv2] [T] [thread 70182] [0.0] [cxt 0] Wrote register 'shared_counters' at index 0 with value 1
t=0 sw=1 flow=0 pkt=0 | [12:13:07.305] [bmv2] [T] [thread 70182] [0.0] [cxt 0] log_probe.p4(93) Primitive hdr.ipv4.dstAddr
t=0 sw=1 flow=0 pkt=0 | [12:13:07.305] [bmv2] [T] [thread 70182] [0.0] [cxt 0] log_probe.p4(93) Primitive hdr.ipv4.ttl
t=0 sw=1 flow=0 pkt=0 | [12:13:07.305] [bmv2] [T] [thread 70182] [0.0] [cxt 0] log_probe.p4(93) Primitive n
t=0 sw=1 flow=0 pkt=0 | [12:13:07.305] [bmv2] [T] [thread 70182] [0.0] [cxt 0] log_probe.p4(92) Primitive             log_msg(\"INGRESS dst={} ttl={} counter={}\",
t=0 sw=1 flow=0 pkt=0 | [12:13:07.305] [bmv2] [I] [thread 70182] INGRESS dst=167837953 ttl=32 counter=0
t=0 sw=1 flow=0 pkt=0 | [12:13:07.305] [bmv2] [T] [thread 70182] [0.0] [cxt 0] Applying table 'MyIngress.ipv4_exact'
t=0 sw=1 flow=0 pkt=0 | [12:13:07.305] [bmv2] [D] [thread 70182] [0.0] [cxt 0] Looking up key:
t=0 sw=1 flow=0 pkt=0 | * hdr.ipv4.dstAddr    : 0a010101
t=0 sw=1 flow=0 pkt=0 | [12:13:07.305] [bmv2] [D] [thread 70182] [0.0] [cxt 0] Table 'MyIngress.ipv4_exact': hit with handle 0
t=0 sw=1 flow=0 pkt=0 | [12:13:07.305] [bmv2] [D] [thread 70182] [0.0] [cxt 0] Dumping entry 0
t=0 sw=1 flow=0 pkt=0 | Match key:
t=0 sw=1 flow=0 pkt=0 | * hdr.ipv4.dstAddr    : EXACT     0a010101
t=0 sw=1 flow=0 pkt=0 | Action entry: MyIngress.forward - 0,
t=0 sw=1 flow=0 pkt=0 | [12:13:07.305] [bmv2] [D] [thread 70182] [0.0] [cxt 0] Action entry is MyIngress.forward - 0,
t=0 sw=1 flow=0 pkt=0 | [12:13:07.305] [bmv2] [T] [thread 70182] [0.0] [cxt 0] Action MyIngress.forward
t=0 sw=1 flow=0 pkt=0 | [12:13:07.305] [bmv2] [T] [thread 70182] [0.0] [cxt 0] log_probe.p4(70) Primitive standard_metadata.egress_spec = port
t=0 sw=1 flow=0 pkt=0 | [12:13:07.305] [bmv2] [T] [thread 70182] [0.0] [cxt 0] log_probe.p4(71) Primitive hdr.ipv4.ttl = hdr.ipv4.ttl - 1
t=0 sw=1 flow=0 pkt=0 | [12:13:07.305] [bmv2] [T] [thread 70182] [0.0] [cxt 0] Applying table 'tbl_log_probe95'
t=0 sw=1 flow=0 pkt=0 | [12:13:07.305] [bmv2] [D] [thread 70182] [0.0] [cxt 0] Looking up key:
t=0 sw=1 flow=0 pkt=0 | [12:13:07.305] [bmv2] [D] [thread 70182] [0.0] [cxt 0] Table 'tbl_log_probe95': miss
t=0 sw=1 flow=0 pkt=0 | [12:13:07.305] [bmv2] [D] [thread 70182] [0.0] [cxt 0] Action entry is log_probe95 - 
t=0 sw=1 flow=0 pkt=0 | [12:13:07.305] [bmv2] [T] [thread 70182] [0.0] [cxt 0] Action log_probe95
t=0 sw=1 flow=0 pkt=0 | [12:13:07.305] [bmv2] [T] [thread 70182] [0.0] [cxt 0] log_probe.p4(95) Primitive             log_msg(\"INGRESS decided egress_spec={}\", {standard_metadata.egress_spec});
t=0 sw=1 flow=0 pkt=0 | [12:13:07.305] [bmv2] [T] [thread 70182] [0.0] [cxt 0] log_probe.p4(95) Primitive             log_msg(\"INGRESS decided egress_spec={}\", {standard_metadata.egress_spec});
t=0 sw=1 flow=0 pkt=0 | [12:13:07.305] [bmv2] [I] [thread 70182] INGRESS decided egress_spec=0
t=0 sw=1 flow=0 pkt=0 | [12:13:07.305] [bmv2] [D] [thread 70182] [0.0] [cxt 0] Pipeline 'ingress': end
t=0 sw=1 flow=0 pkt=0 | [12:13:07.305] [bmv2] [D] [thread 70182] [0.0] [cxt 0] Pipeline 'egress': start
t=0 sw=1 flow=0 pkt=0 | [12:13:07.305] [bmv2] [T] [thread 70182] [0.0] [cxt 0] log_probe.p4(103) Condition "hdr.ipv4.isValid()" (node_8) is true
t=0 sw=1 flow=0 pkt=0 | [12:13:07.305] [bmv2] [T] [thread 70182] [0.0] [cxt 0] Applying table 'tbl_log_probe106'
t=0 sw=1 flow=0 pkt=0 | [12:13:07.305] [bmv2] [D] [thread 70182] [0.0] [cxt 0] Looking up key:
t=0 sw=1 flow=0 pkt=0 | [12:13:07.305] [bmv2] [D] [thread 70182] [0.0] [cxt 0] Table 'tbl_log_probe106': miss
t=0 sw=1 flow=0 pkt=0 | [12:13:07.305] [bmv2] [D] [thread 70182] [0.0] [cxt 0] Action entry is log_probe106 - 
t=0 sw=1 flow=0 pkt=0 | [12:13:07.305] [bmv2] [T] [thread 70182] [0.0] [cxt 0] Action log_probe106
t=0 sw=1 flow=0 pkt=0 | [12:13:07.305] [bmv2] [T] [thread 70182] [0.0] [cxt 0] log_probe.p4(106) Primitive shared_counters.read(n, 32w0)
t=0 sw=1 flow=0 pkt=0 | [12:13:07.305] [bmv2] [T] [thread 70182] [0.0] [cxt 0] Read register 'shared_counters' at index 0 read value 1
t=0 sw=1 flow=0 pkt=0 | [12:13:07.305] [bmv2] [T] [thread 70182] [0.0] [cxt 0] log_probe.p4(107) Primitive n + 1
t=0 sw=1 flow=0 pkt=0 | [12:13:07.305] [bmv2] [T] [thread 70182] [0.0] [cxt 0] log_probe.p4(107) Primitive shared_counters.write(32w0, n + 1)
t=0 sw=1 flow=0 pkt=0 | [12:13:07.305] [bmv2] [T] [thread 70182] [0.0] [cxt 0] Wrote register 'shared_counters' at index 0 with value 2
t=0 sw=1 flow=0 pkt=0 | [12:13:07.305] [bmv2] [T] [thread 70182] [0.0] [cxt 0] log_probe.p4(111) Primitive shared_counters.read(e, 32w1)
t=0 sw=1 flow=0 pkt=0 | [12:13:07.305] [bmv2] [T] [thread 70182] [0.0] [cxt 0] Read register 'shared_counters' at index 1 read value 0
t=0 sw=1 flow=0 pkt=0 | [12:13:07.305] [bmv2] [T] [thread 70182] [0.0] [cxt 0] log_probe.p4(112) Primitive e + 1
t=0 sw=1 flow=0 pkt=0 | [12:13:07.305] [bmv2] [T] [thread 70182] [0.0] [cxt 0] log_probe.p4(112) Primitive shared_counters.write(32w1, e + 1)
t=0 sw=1 flow=0 pkt=0 | [12:13:07.305] [bmv2] [T] [thread 70182] [0.0] [cxt 0] Wrote register 'shared_counters' at index 1 with value 1
t=0 sw=1 flow=0 pkt=0 | [12:13:07.306] [bmv2] [D] [thread 70182] [0.0] [cxt 0] Pipeline 'egress': end
t=0 sw=1 flow=0 pkt=0 | [12:13:07.306] [bmv2] [D] [thread 70182] [0.0] [cxt 0] Deparser 'deparser': start
t=0 sw=1 flow=0 pkt=0 | [12:13:07.306] [bmv2] [D] [thread 70182] [0.0] [cxt 0] Deparsing header 'ethernet'
t=0 sw=1 flow=0 pkt=0 | [12:13:07.306] [bmv2] [D] [thread 70182] [0.0] [cxt 0] Deparsing header 'ipv4'
t=0 sw=1 flow=0 pkt=0 | [12:13:07.306] [bmv2] [D] [thread 70182] [0.0] [cxt 0] Deparser 'deparser': end
t=0.001 sw=1 flow=1 pkt=1 | [12:13:07.306] [bmv2] [D] [thread 70182] [1.0] [cxt 0] Parser 'parser': start
t=0.001 sw=1 flow=1 pkt=1 | [12:13:07.306] [bmv2] [D] [thread 70182] [1.0] [cxt 0] Parser 'parser' entering state 'start'
t=0.001 sw=1 flow=1 pkt=1 | [12:13:07.306] [bmv2] [D] [thread 70182] [1.0] [cxt 0] Extracting header 'ethernet'
t=0.001 sw=1 flow=1 pkt=1 | [12:13:07.306] [bmv2] [D] [thread 70182] [1.0] [cxt 0] Parser state 'start': key is 0800
t=0.001 sw=1 flow=1 pkt=1 | [12:13:07.306] [bmv2] [T] [thread 70182] [1.0] [cxt 0] Bytes parsed: 14
t=0.001 sw=1 flow=1 pkt=1 | [12:13:07.306] [bmv2] [D] [thread 70182] [1.0] [cxt 0] Parser 'parser' entering state 'parse_ipv4'
t=0.001 sw=1 flow=1 pkt=1 | [12:13:07.306] [bmv2] [D] [thread 70182] [1.0] [cxt 0] Extracting header 'ipv4'
t=0.001 sw=1 flow=1 pkt=1 | [12:13:07.306] [bmv2] [D] [thread 70182] [1.0] [cxt 0] Parser state 'parse_ipv4' has no switch, going to default next state
t=0.001 sw=1 flow=1 pkt=1 | [12:13:07.306] [bmv2] [T] [thread 70182] [1.0] [cxt 0] Bytes parsed: 34
t=0.001 sw=1 flow=1 pkt=1 | [12:13:07.306] [bmv2] [D] [thread 70182] [1.0] [cxt 0] Parser 'parser': end
t=0.001 sw=1 flow=1 pkt=1 | [12:13:07.306] [bmv2] [D] [thread 70182] [1.0] [cxt 0] Pipeline 'ingress': start
t=0.001 sw=1 flow=1 pkt=1 | [12:13:07.306] [bmv2] [T] [thread 70182] [1.0] [cxt 0] log_probe.p4(87) Condition "hdr.ipv4.isValid()" (node_2) is true
t=0.001 sw=1 flow=1 pkt=1 | [12:13:07.306] [bmv2] [T] [thread 70182] [1.0] [cxt 0] Applying table 'tbl_log_probe89'
t=0.001 sw=1 flow=1 pkt=1 | [12:13:07.306] [bmv2] [D] [thread 70182] [1.0] [cxt 0] Looking up key:
t=0.001 sw=1 flow=1 pkt=1 | [12:13:07.306] [bmv2] [D] [thread 70182] [1.0] [cxt 0] Table 'tbl_log_probe89': miss
t=0.001 sw=1 flow=1 pkt=1 | [12:13:07.306] [bmv2] [D] [thread 70182] [1.0] [cxt 0] Action entry is log_probe89 - 
t=0.001 sw=1 flow=1 pkt=1 | [12:13:07.306] [bmv2] [T] [thread 70182] [1.0] [cxt 0] Action log_probe89
t=0.001 sw=1 flow=1 pkt=1 | [12:13:07.306] [bmv2] [T] [thread 70182] [1.0] [cxt 0] log_probe.p4(89) Primitive shared_counters.read(n, 32w0)
t=0.001 sw=1 flow=1 pkt=1 | [12:13:07.306] [bmv2] [T] [thread 70182] [1.0] [cxt 0] Read register 'shared_counters' at index 0 read value 2
t=0.001 sw=1 flow=1 pkt=1 | [12:13:07.306] [bmv2] [T] [thread 70182] [1.0] [cxt 0] log_probe.p4(90) Primitive n + 1
t=0.001 sw=1 flow=1 pkt=1 | [12:13:07.306] [bmv2] [T] [thread 70182] [1.0] [cxt 0] log_probe.p4(90) Primitive shared_counters.write(32w0, n + 1)
t=0.001 sw=1 flow=1 pkt=1 | [12:13:07.306] [bmv2] [T] [thread 70182] [1.0] [cxt 0] Wrote register 'shared_counters' at index 0 with value 3
t=0.001 sw=1 flow=1 pkt=1 | [12:13:07.306] [bmv2] [T] [thread 70182] [1.0] [cxt 0] log_probe.p4(93) Primitive hdr.ipv4.dstAddr
t=0.001 sw=1 flow=1 pkt=1 | [12:13:07.306] [bmv2] [T] [thread 70182] [1.0] [cxt 0] log_probe.p4(93) Primitive hdr.ipv4.ttl
t=0.001 sw=1 flow=1 pkt=1 | [12:13:07.306] [bmv2] [T] [thread 70182] [1.0] [cxt 0] log_probe.p4(93) Primitive n
t=0.001 sw=1 flow=1 pkt=1 | [12:13:07.306] [bmv2] [T] [thread 70182] [1.0] [cxt 0] log_probe.p4(92) Primitive             log_msg(\"INGRESS dst={} ttl={} counter={}\",
t=0.001 sw=1 flow=1 pkt=1 | [12:13:07.306] [bmv2] [I] [thread 70182] INGRESS dst=167837954 ttl=33 counter=2
t=0.001 sw=1 flow=1 pkt=1 | [12:13:07.306] [bmv2] [T] [thread 70182] [1.0] [cxt 0] Applying table 'MyIngress.ipv4_exact'
t=0.001 sw=1 flow=1 pkt=1 | [12:13:07.306] [bmv2] [D] [thread 70182] [1.0] [cxt 0] Looking up key:
t=0.001 sw=1 flow=1 pkt=1 | * hdr.ipv4.dstAddr    : 0a010102
t=0.001 sw=1 flow=1 pkt=1 | [12:13:07.306] [bmv2] [D] [thread 70182] [1.0] [cxt 0] Table 'MyIngress.ipv4_exact': hit with handle 1
t=0.001 sw=1 flow=1 pkt=1 | [12:13:07.306] [bmv2] [D] [thread 70182] [1.0] [cxt 0] Dumping entry 1
t=0.001 sw=1 flow=1 pkt=1 | Match key:
t=0.001 sw=1 flow=1 pkt=1 | * hdr.ipv4.dstAddr    : EXACT     0a010102
t=0.001 sw=1 flow=1 pkt=1 | Action entry: MyIngress.forward - 1,
t=0.001 sw=1 flow=1 pkt=1 | [12:13:07.306] [bmv2] [D] [thread 70182] [1.0] [cxt 0] Action entry is MyIngress.forward - 1,
t=0.001 sw=1 flow=1 pkt=1 | [12:13:07.306] [bmv2] [T] [thread 70182] [1.0] [cxt 0] Action MyIngress.forward
t=0.001 sw=1 flow=1 pkt=1 | [12:13:07.306] [bmv2] [T] [thread 70182] [1.0] [cxt 0] log_probe.p4(70) Primitive standard_metadata.egress_spec = port
t=0.001 sw=1 flow=1 pkt=1 | [12:13:07.306] [bmv2] [T] [thread 70182] [1.0] [cxt 0] log_probe.p4(71) Primitive hdr.ipv4.ttl = hdr.ipv4.ttl - 1
t=0.001 sw=1 flow=1 pkt=1 | [12:13:07.306] [bmv2] [T] [thread 70182] [1.0] [cxt 0] Applying table 'tbl_log_probe95'
t=0.001 sw=1 flow=1 pkt=1 | [12:13:07.306] [bmv2] [D] [thread 70182] [1.0] [cxt 0] Looking up key:
t=0.001 sw=1 flow=1 pkt=1 | [12:13:07.306] [bmv2] [D] [thread 70182] [1.0] [cxt 0] Table 'tbl_log_probe95': miss
t=0.001 sw=1 flow=1 pkt=1 | [12:13:07.306] [bmv2] [D] [thread 70182] [1.0] [cxt 0] Action entry is log_probe95 - 
t=0.001 sw=1 flow=1 pkt=1 | [12:13:07.306] [bmv2] [T] [thread 70182] [1.0] [cxt 0] Action log_probe95
t=0.001 sw=1 flow=1 pkt=1 | [12:13:07.306] [bmv2] [T] [thread 70182] [1.0] [cxt 0] log_probe.p4(95) Primitive             log_msg(\"INGRESS decided egress_spec={}\", {standard_metadata.egress_spec});
t=0.001 sw=1 flow=1 pkt=1 | [12:13:07.306] [bmv2] [T] [thread 70182] [1.0] [cxt 0] log_probe.p4(95) Primitive             log_msg(\"INGRESS decided egress_spec={}\", {standard_metadata.egress_spec});
t=0.001 sw=1 flow=1 pkt=1 | [12:13:07.306] [bmv2] [I] [thread 70182] INGRESS decided egress_spec=1
t=0.001 sw=1 flow=1 pkt=1 | [12:13:07.306] [bmv2] [D] [thread 70182] [1.0] [cxt 0] Pipeline 'ingress': end
t=0.001 sw=1 flow=1 pkt=1 | [12:13:07.306] [bmv2] [D] [thread 70182] [1.0] [cxt 0] Pipeline 'egress': start
t=0.001 sw=1 flow=1 pkt=1 | [12:13:07.306] [bmv2] [T] [thread 70182] [1.0] [cxt 0] log_probe.p4(103) Condition "hdr.ipv4.isValid()" (node_8) is true
t=0.001 sw=1 flow=1 pkt=1 | [12:13:07.306] [bmv2] [T] [thread 70182] [1.0] [cxt 0] Applying table 'tbl_log_probe106'
t=0.001 sw=1 flow=1 pkt=1 | [12:13:07.306] [bmv2] [D] [thread 70182] [1.0] [cxt 0] Looking up key:
t=0.001 sw=1 flow=1 pkt=1 | [12:13:07.307] [bmv2] [D] [thread 70182] [1.0] [cxt 0] Table 'tbl_log_probe106': miss
t=0.001 sw=1 flow=1 pkt=1 | [12:13:07.307] [bmv2] [D] [thread 70182] [1.0] [cxt 0] Action entry is log_probe106 - 
t=0.001 sw=1 flow=1 pkt=1 | [12:13:07.307] [bmv2] [T] [thread 70182] [1.0] [cxt 0] Action log_probe106
t=0.001 sw=1 flow=1 pkt=1 | [12:13:07.307] [bmv2] [T] [thread 70182] [1.0] [cxt 0] log_probe.p4(106) Primitive shared_counters.read(n, 32w0)
t=0.001 sw=1 flow=1 pkt=1 | [12:13:07.307] [bmv2] [T] [thread 70182] [1.0] [cxt 0] Read register 'shared_counters' at index 0 read value 3
t=0.001 sw=1 flow=1 pkt=1 | [12:13:07.307] [bmv2] [T] [thread 70182] [1.0] [cxt 0] log_probe.p4(107) Primitive n + 1
t=0.001 sw=1 flow=1 pkt=1 | [12:13:07.307] [bmv2] [T] [thread 70182] [1.0] [cxt 0] log_probe.p4(107) Primitive shared_counters.write(32w0, n + 1)
t=0.001 sw=1 flow=1 pkt=1 | [12:13:07.307] [bmv2] [T] [thread 70182] [1.0] [cxt 0] Wrote register 'shared_counters' at index 0 with value 4
t=0.001 sw=1 flow=1 pkt=1 | [12:13:07.307] [bmv2] [T] [thread 70182] [1.0] [cxt 0] log_probe.p4(111) Primitive shared_counters.read(e, 32w1)
t=0.001 sw=1 flow=1 pkt=1 | [12:13:07.307] [bmv2] [T] [thread 70182] [1.0] [cxt 0] Read register 'shared_counters' at index 1 read value 1
t=0.001 sw=1 flow=1 pkt=1 | [12:13:07.307] [bmv2] [T] [thread 70182] [1.0] [cxt 0] log_probe.p4(112) Primitive e + 1
t=0.001 sw=1 flow=1 pkt=1 | [12:13:07.307] [bmv2] [T] [thread 70182] [1.0] [cxt 0] log_probe.p4(112) Primitive shared_counters.write(32w1, e + 1)
t=0.001 sw=1 flow=1 pkt=1 | [12:13:07.307] [bmv2] [T] [thread 70182] [1.0] [cxt 0] Wrote register 'shared_counters' at index 1 with value 2
t=0.001 sw=1 flow=1 pkt=1 | [12:13:07.307] [bmv2] [D] [thread 70182] [1.0] [cxt 0] Pipeline 'egress': end
t=0.001 sw=1 flow=1 pkt=1 | [12:13:07.307] [bmv2] [D] [thread 70182] [1.0] [cxt 0] Deparser 'deparser': start
t=0.001 sw=1 flow=1 pkt=1 | [12:13:07.307] [bmv2] [D] [thread 70182] [1.0] [cxt 0] Deparsing header 'ethernet'
t=0.001 sw=1 flow=1 pkt=1 | [12:13:07.307] [bmv2] [D] [thread 70182] [1.0] [cxt 0] Deparsing header 'ipv4'
t=0.001 sw=1 flow=1 pkt=1 | [12:13:07.307] [bmv2] [D] [thread 70182] [1.0] [cxt 0] Deparser 'deparser': end
t=0.002 sw=1 flow=0 pkt=2 | [12:13:07.307] [bmv2] [D] [thread 70182] [2.0] [cxt 0] Parser 'parser': start
t=0.002 sw=1 flow=0 pkt=2 | [12:13:07.307] [bmv2] [D] [thread 70182] [2.0] [cxt 0] Parser 'parser' entering state 'start'
t=0.002 sw=1 flow=0 pkt=2 | [12:13:07.307] [bmv2] [D] [thread 70182] [2.0] [cxt 0] Extracting header 'ethernet'
t=0.002 sw=1 flow=0 pkt=2 | [12:13:07.307] [bmv2] [D] [thread 70182] [2.0] [cxt 0] Parser state 'start': key is 0800
t=0.002 sw=1 flow=0 pkt=2 | [12:13:07.307] [bmv2] [T] [thread 70182] [2.0] [cxt 0] Bytes parsed: 14
t=0.002 sw=1 flow=0 pkt=2 | [12:13:07.307] [bmv2] [D] [thread 70182] [2.0] [cxt 0] Parser 'parser' entering state 'parse_ipv4'
t=0.002 sw=1 flow=0 pkt=2 | [12:13:07.307] [bmv2] [D] [thread 70182] [2.0] [cxt 0] Extracting header 'ipv4'
t=0.002 sw=1 flow=0 pkt=2 | [12:13:07.307] [bmv2] [D] [thread 70182] [2.0] [cxt 0] Parser state 'parse_ipv4' has no switch, going to default next state
t=0.002 sw=1 flow=0 pkt=2 | [12:13:07.307] [bmv2] [T] [thread 70182] [2.0] [cxt 0] Bytes parsed: 34
t=0.002 sw=1 flow=0 pkt=2 | [12:13:07.307] [bmv2] [D] [thread 70182] [2.0] [cxt 0] Parser 'parser': end
t=0.002 sw=1 flow=0 pkt=2 | [12:13:07.307] [bmv2] [D] [thread 70182] [2.0] [cxt 0] Pipeline 'ingress': start
t=0.002 sw=1 flow=0 pkt=2 | [12:13:07.307] [bmv2] [T] [thread 70182] [2.0] [cxt 0] log_probe.p4(87) Condition "hdr.ipv4.isValid()" (node_2) is true
t=0.002 sw=1 flow=0 pkt=2 | [12:13:07.307] [bmv2] [T] [thread 70182] [2.0] [cxt 0] Applying table 'tbl_log_probe89'
t=0.002 sw=1 flow=0 pkt=2 | [12:13:07.307] [bmv2] [D] [thread 70182] [2.0] [cxt 0] Looking up key:
t=0.002 sw=1 flow=0 pkt=2 | [12:13:07.307] [bmv2] [D] [thread 70182] [2.0] [cxt 0] Table 'tbl_log_probe89': miss
t=0.002 sw=1 flow=0 pkt=2 | [12:13:07.307] [bmv2] [D] [thread 70182] [2.0] [cxt 0] Action entry is log_probe89 - 
t=0.002 sw=1 flow=0 pkt=2 | [12:13:07.307] [bmv2] [T] [thread 70182] [2.0] [cxt 0] Action log_probe89
t=0.002 sw=1 flow=0 pkt=2 | [12:13:07.307] [bmv2] [T] [thread 70182] [2.0] [cxt 0] log_probe.p4(89) Primitive shared_counters.read(n, 32w0)
t=0.002 sw=1 flow=0 pkt=2 | [12:13:07.307] [bmv2] [T] [thread 70182] [2.0] [cxt 0] Read register 'shared_counters' at index 0 read value 4
t=0.002 sw=1 flow=0 pkt=2 | [12:13:07.307] [bmv2] [T] [thread 70182] [2.0] [cxt 0] log_probe.p4(90) Primitive n + 1
t=0.002 sw=1 flow=0 pkt=2 | [12:13:07.307] [bmv2] [T] [thread 70182] [2.0] [cxt 0] log_probe.p4(90) Primitive shared_counters.write(32w0, n + 1)
t=0.002 sw=1 flow=0 pkt=2 | [12:13:07.307] [bmv2] [T] [thread 70182] [2.0] [cxt 0] Wrote register 'shared_counters' at index 0 with value 5
t=0.002 sw=1 flow=0 pkt=2 | [12:13:07.307] [bmv2] [T] [thread 70182] [2.0] [cxt 0] log_probe.p4(93) Primitive hdr.ipv4.dstAddr
t=0.002 sw=1 flow=0 pkt=2 | [12:13:07.307] [bmv2] [T] [thread 70182] [2.0] [cxt 0] log_probe.p4(93) Primitive hdr.ipv4.ttl
t=0.002 sw=1 flow=0 pkt=2 | [12:13:07.307] [bmv2] [T] [thread 70182] [2.0] [cxt 0] log_probe.p4(93) Primitive n
t=0.002 sw=1 flow=0 pkt=2 | [12:13:07.307] [bmv2] [T] [thread 70182] [2.0] [cxt 0] log_probe.p4(92) Primitive             log_msg(\"INGRESS dst={} ttl={} counter={}\",
t=0.002 sw=1 flow=0 pkt=2 | [12:13:07.307] [bmv2] [I] [thread 70182] INGRESS dst=167837953 ttl=34 counter=4
t=0.002 sw=1 flow=0 pkt=2 | [12:13:07.307] [bmv2] [T] [thread 70182] [2.0] [cxt 0] Applying table 'MyIngress.ipv4_exact'
t=0.002 sw=1 flow=0 pkt=2 | [12:13:07.307] [bmv2] [D] [thread 70182] [2.0] [cxt 0] Looking up key:
t=0.002 sw=1 flow=0 pkt=2 | * hdr.ipv4.dstAddr    : 0a010101
t=0.002 sw=1 flow=0 pkt=2 | [12:13:07.307] [bmv2] [D] [thread 70182] [2.0] [cxt 0] Table 'MyIngress.ipv4_exact': hit with handle 0
t=0.002 sw=1 flow=0 pkt=2 | [12:13:07.307] [bmv2] [D] [thread 70182] [2.0] [cxt 0] Dumping entry 0
t=0.002 sw=1 flow=0 pkt=2 | Match key:
t=0.002 sw=1 flow=0 pkt=2 | * hdr.ipv4.dstAddr    : EXACT     0a010101
t=0.002 sw=1 flow=0 pkt=2 | Action entry: MyIngress.forward - 0,
t=0.002 sw=1 flow=0 pkt=2 | [12:13:07.307] [bmv2] [D] [thread 70182] [2.0] [cxt 0] Action entry is MyIngress.forward - 0,
t=0.002 sw=1 flow=0 pkt=2 | [12:13:07.307] [bmv2] [T] [thread 70182] [2.0] [cxt 0] Action MyIngress.forward
t=0.002 sw=1 flow=0 pkt=2 | [12:13:07.307] [bmv2] [T] [thread 70182] [2.0] [cxt 0] log_probe.p4(70) Primitive standard_metadata.egress_spec = port
t=0.002 sw=1 flow=0 pkt=2 | [12:13:07.307] [bmv2] [T] [thread 70182] [2.0] [cxt 0] log_probe.p4(71) Primitive hdr.ipv4.ttl = hdr.ipv4.ttl - 1
t=0.002 sw=1 flow=0 pkt=2 | [12:13:07.307] [bmv2] [T] [thread 70182] [2.0] [cxt 0] Applying table 'tbl_log_probe95'
t=0.002 sw=1 flow=0 pkt=2 | [12:13:07.307] [bmv2] [D] [thread 70182] [2.0] [cxt 0] Looking up key:
t=0.002 sw=1 flow=0 pkt=2 | [12:13:07.307] [bmv2] [D] [thread 70182] [2.0] [cxt 0] Table 'tbl_log_probe95': miss
t=0.002 sw=1 flow=0 pkt=2 | [12:13:07.307] [bmv2] [D] [thread 70182] [2.0] [cxt 0] Action entry is log_probe95 - 
t=0.002 sw=1 flow=0 pkt=2 | [12:13:07.307] [bmv2] [T] [thread 70182] [2.0] [cxt 0] Action log_probe95
t=0.002 sw=1 flow=0 pkt=2 | [12:13:07.307] [bmv2] [T] [thread 70182] [2.0] [cxt 0] log_probe.p4(95) Primitive             log_msg(\"INGRESS decided egress_spec={}\", {standard_metadata.egress_spec});
t=0.002 sw=1 flow=0 pkt=2 | [12:13:07.307] [bmv2] [T] [thread 70182] [2.0] [cxt 0] log_probe.p4(95) Primitive             log_msg(\"INGRESS decided egress_spec={}\", {standard_metadata.egress_spec});
t=0.002 sw=1 flow=0 pkt=2 | [12:13:07.307] [bmv2] [I] [thread 70182] INGRESS decided egress_spec=0
t=0.002 sw=1 flow=0 pkt=2 | [12:13:07.308] [bmv2] [D] [thread 70182] [2.0] [cxt 0] Pipeline 'ingress': end
t=0.002 sw=1 flow=0 pkt=2 | [12:13:07.308] [bmv2] [D] [thread 70182] [2.0] [cxt 0] Pipeline 'egress': start
t=0.002 sw=1 flow=0 pkt=2 | [12:13:07.308] [bmv2] [T] [thread 70182] [2.0] [cxt 0] log_probe.p4(103) Condition "hdr.ipv4.isValid()" (node_8) is true
t=0.002 sw=1 flow=0 pkt=2 | [12:13:07.308] [bmv2] [T] [thread 70182] [2.0] [cxt 0] Applying table 'tbl_log_probe106'
t=0.002 sw=1 flow=0 pkt=2 | [12:13:07.308] [bmv2] [D] [thread 70182] [2.0] [cxt 0] Looking up key:
t=0.002 sw=1 flow=0 pkt=2 | [12:13:07.308] [bmv2] [D] [thread 70182] [2.0] [cxt 0] Table 'tbl_log_probe106': miss
t=0.002 sw=1 flow=0 pkt=2 | [12:13:07.308] [bmv2] [D] [thread 70182] [2.0] [cxt 0] Action entry is log_probe106 - 
t=0.002 sw=1 flow=0 pkt=2 | [12:13:07.308] [bmv2] [T] [thread 70182] [2.0] [cxt 0] Action log_probe106
t=0.002 sw=1 flow=0 pkt=2 | [12:13:07.308] [bmv2] [T] [thread 70182] [2.0] [cxt 0] log_probe.p4(106) Primitive shared_counters.read(n, 32w0)
t=0.002 sw=1 flow=0 pkt=2 | [12:13:07.308] [bmv2] [T] [thread 70182] [2.0] [cxt 0] Read register 'shared_counters' at index 0 read value 5
t=0.002 sw=1 flow=0 pkt=2 | [12:13:07.308] [bmv2] [T] [thread 70182] [2.0] [cxt 0] log_probe.p4(107) Primitive n + 1
t=0.002 sw=1 flow=0 pkt=2 | [12:13:07.308] [bmv2] [T] [thread 70182] [2.0] [cxt 0] log_probe.p4(107) Primitive shared_counters.write(32w0, n + 1)
t=0.002 sw=1 flow=0 pkt=2 | [12:13:07.308] [bmv2] [T] [thread 70182] [2.0] [cxt 0] Wrote register 'shared_counters' at index 0 with value 6
t=0.002 sw=1 flow=0 pkt=2 | [12:13:07.308] [bmv2] [T] [thread 70182] [2.0] [cxt 0] log_probe.p4(111) Primitive shared_counters.read(e, 32w1)
t=0.002 sw=1 flow=0 pkt=2 | [12:13:07.308] [bmv2] [T] [thread 70182] [2.0] [cxt 0] Read register 'shared_counters' at index 1 read value 2
t=0.002 sw=1 flow=0 pkt=2 | [12:13:07.308] [bmv2] [T] [thread 70182] [2.0] [cxt 0] log_probe.p4(112) Primitive e + 1
t=0.002 sw=1 flow=0 pkt=2 | [12:13:07.308] [bmv2] [T] [thread 70182] [2.0] [cxt 0] log_probe.p4(112) Primitive shared_counters.write(32w1, e + 1)
t=0.002 sw=1 flow=0 pkt=2 | [12:13:07.308] [bmv2] [T] [thread 70182] [2.0] [cxt 0] Wrote register 'shared_counters' at index 1 with value 3
t=0.002 sw=1 flow=0 pkt=2 | [12:13:07.308] [bmv2] [D] [thread 70182] [2.0] [cxt 0] Pipeline 'egress': end
t=0.002 sw=1 flow=0 pkt=2 | [12:13:07.308] [bmv2] [D] [thread 70182] [2.0] [cxt 0] Deparser 'deparser': start
t=0.002 sw=1 flow=0 pkt=2 | [12:13:07.308] [bmv2] [D] [thread 70182] [2.0] [cxt 0] Deparsing header 'ethernet'
t=0.002 sw=1 flow=0 pkt=2 | [12:13:07.308] [bmv2] [D] [thread 70182] [2.0] [cxt 0] Deparsing header 'ipv4'
t=0.002 sw=1 flow=0 pkt=2 | [12:13:07.308] [bmv2] [D] [thread 70182] [2.0] [cxt 0] Deparser 'deparser': end
t=0.003 sw=1 flow=1 pkt=3 | [12:13:07.308] [bmv2] [D] [thread 70182] [3.0] [cxt 0] Parser 'parser': start
t=0.003 sw=1 flow=1 pkt=3 | [12:13:07.308] [bmv2] [D] [thread 70182] [3.0] [cxt 0] Parser 'parser' entering state 'start'
t=0.003 sw=1 flow=1 pkt=3 | [12:13:07.308] [bmv2] [D] [thread 70182] [3.0] [cxt 0] Extracting header 'ethernet'
t=0.003 sw=1 flow=1 pkt=3 | [12:13:07.308] [bmv2] [D] [thread 70182] [3.0] [cxt 0] Parser state 'start': key is 0800
t=0.003 sw=1 flow=1 pkt=3 | [12:13:07.308] [bmv2] [T] [thread 70182] [3.0] [cxt 0] Bytes parsed: 14
t=0.003 sw=1 flow=1 pkt=3 | [12:13:07.308] [bmv2] [D] [thread 70182] [3.0] [cxt 0] Parser 'parser' entering state 'parse_ipv4'
t=0.003 sw=1 flow=1 pkt=3 | [12:13:07.308] [bmv2] [D] [thread 70182] [3.0] [cxt 0] Extracting header 'ipv4'
t=0.003 sw=1 flow=1 pkt=3 | [12:13:07.308] [bmv2] [D] [thread 70182] [3.0] [cxt 0] Parser state 'parse_ipv4' has no switch, going to default next state
t=0.003 sw=1 flow=1 pkt=3 | [12:13:07.308] [bmv2] [T] [thread 70182] [3.0] [cxt 0] Bytes parsed: 34
t=0.003 sw=1 flow=1 pkt=3 | [12:13:07.308] [bmv2] [D] [thread 70182] [3.0] [cxt 0] Parser 'parser': end
t=0.003 sw=1 flow=1 pkt=3 | [12:13:07.308] [bmv2] [D] [thread 70182] [3.0] [cxt 0] Pipeline 'ingress': start
t=0.003 sw=1 flow=1 pkt=3 | [12:13:07.308] [bmv2] [T] [thread 70182] [3.0] [cxt 0] log_probe.p4(87) Condition "hdr.ipv4.isValid()" (node_2) is true
t=0.003 sw=1 flow=1 pkt=3 | [12:13:07.308] [bmv2] [T] [thread 70182] [3.0] [cxt 0] Applying table 'tbl_log_probe89'
t=0.003 sw=1 flow=1 pkt=3 | [12:13:07.308] [bmv2] [D] [thread 70182] [3.0] [cxt 0] Looking up key:
t=0.003 sw=1 flow=1 pkt=3 | [12:13:07.308] [bmv2] [D] [thread 70182] [3.0] [cxt 0] Table 'tbl_log_probe89': miss
t=0.003 sw=1 flow=1 pkt=3 | [12:13:07.308] [bmv2] [D] [thread 70182] [3.0] [cxt 0] Action entry is log_probe89 - 
t=0.003 sw=1 flow=1 pkt=3 | [12:13:07.308] [bmv2] [T] [thread 70182] [3.0] [cxt 0] Action log_probe89
t=0.003 sw=1 flow=1 pkt=3 | [12:13:07.308] [bmv2] [T] [thread 70182] [3.0] [cxt 0] log_probe.p4(89) Primitive shared_counters.read(n, 32w0)
t=0.003 sw=1 flow=1 pkt=3 | [12:13:07.308] [bmv2] [T] [thread 70182] [3.0] [cxt 0] Read register 'shared_counters' at index 0 read value 6
t=0.003 sw=1 flow=1 pkt=3 | [12:13:07.308] [bmv2] [T] [thread 70182] [3.0] [cxt 0] log_probe.p4(90) Primitive n + 1
t=0.003 sw=1 flow=1 pkt=3 | [12:13:07.308] [bmv2] [T] [thread 70182] [3.0] [cxt 0] log_probe.p4(90) Primitive shared_counters.write(32w0, n + 1)
t=0.003 sw=1 flow=1 pkt=3 | [12:13:07.308] [bmv2] [T] [thread 70182] [3.0] [cxt 0] Wrote register 'shared_counters' at index 0 with value 7
t=0.003 sw=1 flow=1 pkt=3 | [12:13:07.308] [bmv2] [T] [thread 70182] [3.0] [cxt 0] log_probe.p4(93) Primitive hdr.ipv4.dstAddr
t=0.003 sw=1 flow=1 pkt=3 | [12:13:07.308] [bmv2] [T] [thread 70182] [3.0] [cxt 0] log_probe.p4(93) Primitive hdr.ipv4.ttl
t=0.003 sw=1 flow=1 pkt=3 | [12:13:07.308] [bmv2] [T] [thread 70182] [3.0] [cxt 0] log_probe.p4(93) Primitive n
t=0.003 sw=1 flow=1 pkt=3 | [12:13:07.308] [bmv2] [T] [thread 70182] [3.0] [cxt 0] log_probe.p4(92) Primitive             log_msg(\"INGRESS dst={} ttl={} counter={}\",
t=0.003 sw=1 flow=1 pkt=3 | [12:13:07.308] [bmv2] [I] [thread 70182] INGRESS dst=167837954 ttl=35 counter=6
t=0.003 sw=1 flow=1 pkt=3 | [12:13:07.308] [bmv2] [T] [thread 70182] [3.0] [cxt 0] Applying table 'MyIngress.ipv4_exact'
t=0.003 sw=1 flow=1 pkt=3 | [12:13:07.308] [bmv2] [D] [thread 70182] [3.0] [cxt 0] Looking up key:
t=0.003 sw=1 flow=1 pkt=3 | * hdr.ipv4.dstAddr    : 0a010102
t=0.003 sw=1 flow=1 pkt=3 | [12:13:07.308] [bmv2] [D] [thread 70182] [3.0] [cxt 0] Table 'MyIngress.ipv4_exact': hit with handle 1
t=0.003 sw=1 flow=1 pkt=3 | [12:13:07.308] [bmv2] [D] [thread 70182] [3.0] [cxt 0] Dumping entry 1
t=0.003 sw=1 flow=1 pkt=3 | Match key:
t=0.003 sw=1 flow=1 pkt=3 | * hdr.ipv4.dstAddr    : EXACT     0a010102
t=0.003 sw=1 flow=1 pkt=3 | Action entry: MyIngress.forward - 1,
t=0.003 sw=1 flow=1 pkt=3 | [12:13:07.308] [bmv2] [D] [thread 70182] [3.0] [cxt 0] Action entry is MyIngress.forward - 1,
t=0.003 sw=1 flow=1 pkt=3 | [12:13:07.308] [bmv2] [T] [thread 70182] [3.0] [cxt 0] Action MyIngress.forward
t=0.003 sw=1 flow=1 pkt=3 | [12:13:07.308] [bmv2] [T] [thread 70182] [3.0] [cxt 0] log_probe.p4(70) Primitive standard_metadata.egress_spec = port
t=0.003 sw=1 flow=1 pkt=3 | [12:13:07.308] [bmv2] [T] [thread 70182] [3.0] [cxt 0] log_probe.p4(71) Primitive hdr.ipv4.ttl = hdr.ipv4.ttl - 1
t=0.003 sw=1 flow=1 pkt=3 | [12:13:07.308] [bmv2] [T] [thread 70182] [3.0] [cxt 0] Applying table 'tbl_log_probe95'
t=0.003 sw=1 flow=1 pkt=3 | [12:13:07.308] [bmv2] [D] [thread 70182] [3.0] [cxt 0] Looking up key:
t=0.003 sw=1 flow=1 pkt=3 | [12:13:07.308] [bmv2] [D] [thread 70182] [3.0] [cxt 0] Table 'tbl_log_probe95': miss
t=0.003 sw=1 flow=1 pkt=3 | [12:13:07.308] [bmv2] [D] [thread 70182] [3.0] [cxt 0] Action entry is log_probe95 - 
t=0.003 sw=1 flow=1 pkt=3 | [12:13:07.308] [bmv2] [T] [thread 70182] [3.0] [cxt 0] Action log_probe95
t=0.003 sw=1 flow=1 pkt=3 | [12:13:07.308] [bmv2] [T] [thread 70182] [3.0] [cxt 0] log_probe.p4(95) Primitive             log_msg(\"INGRESS decided egress_spec={}\", {standard_metadata.egress_spec});
t=0.003 sw=1 flow=1 pkt=3 | [12:13:07.308] [bmv2] [T] [thread 70182] [3.0] [cxt 0] log_probe.p4(95) Primitive             log_msg(\"INGRESS decided egress_spec={}\", {standard_metadata.egress_spec});
t=0.003 sw=1 flow=1 pkt=3 | [12:13:07.308] [bmv2] [I] [thread 70182] INGRESS decided egress_spec=1
t=0.003 sw=1 flow=1 pkt=3 | [12:13:07.308] [bmv2] [D] [thread 70182] [3.0] [cxt 0] Pipeline 'ingress': end
t=0.003 sw=1 flow=1 pkt=3 | [12:13:07.308] [bmv2] [D] [thread 70182] [3.0] [cxt 0] Pipeline 'egress': start
t=0.003 sw=1 flow=1 pkt=3 | [12:13:07.308] [bmv2] [T] [thread 70182] [3.0] [cxt 0] log_probe.p4(103) Condition "hdr.ipv4.isValid()" (node_8) is true
t=0.003 sw=1 flow=1 pkt=3 | [12:13:07.308] [bmv2] [T] [thread 70182] [3.0] [cxt 0] Applying table 'tbl_log_probe106'
t=0.003 sw=1 flow=1 pkt=3 | [12:13:07.308] [bmv2] [D] [thread 70182] [3.0] [cxt 0] Looking up key:
t=0.003 sw=1 flow=1 pkt=3 | [12:13:07.308] [bmv2] [D] [thread 70182] [3.0] [cxt 0] Table 'tbl_log_probe106': miss
t=0.003 sw=1 flow=1 pkt=3 | [12:13:07.308] [bmv2] [D] [thread 70182] [3.0] [cxt 0] Action entry is log_probe106 - 
t=0.003 sw=1 flow=1 pkt=3 | [12:13:07.308] [bmv2] [T] [thread 70182] [3.0] [cxt 0] Action log_probe106
t=0.003 sw=1 flow=1 pkt=3 | [12:13:07.308] [bmv2] [T] [thread 70182] [3.0] [cxt 0] log_probe.p4(106) Primitive shared_counters.read(n, 32w0)
t=0.003 sw=1 flow=1 pkt=3 | [12:13:07.308] [bmv2] [T] [thread 70182] [3.0] [cxt 0] Read register 'shared_counters' at index 0 read value 7
t=0.003 sw=1 flow=1 pkt=3 | [12:13:07.309] [bmv2] [T] [thread 70182] [3.0] [cxt 0] log_probe.p4(107) Primitive n + 1
t=0.003 sw=1 flow=1 pkt=3 | [12:13:07.309] [bmv2] [T] [thread 70182] [3.0] [cxt 0] log_probe.p4(107) Primitive shared_counters.write(32w0, n + 1)
t=0.003 sw=1 flow=1 pkt=3 | [12:13:07.309] [bmv2] [T] [thread 70182] [3.0] [cxt 0] Wrote register 'shared_counters' at index 0 with value 8
t=0.003 sw=1 flow=1 pkt=3 | [12:13:07.309] [bmv2] [T] [thread 70182] [3.0] [cxt 0] log_probe.p4(111) Primitive shared_counters.read(e, 32w1)
t=0.003 sw=1 flow=1 pkt=3 | [12:13:07.309] [bmv2] [T] [thread 70182] [3.0] [cxt 0] Read register 'shared_counters' at index 1 read value 3
t=0.003 sw=1 flow=1 pkt=3 | [12:13:07.309] [bmv2] [T] [thread 70182] [3.0] [cxt 0] log_probe.p4(112) Primitive e + 1
t=0.003 sw=1 flow=1 pkt=3 | [12:13:07.309] [bmv2] [T] [thread 70182] [3.0] [cxt 0] log_probe.p4(112) Primitive shared_counters.write(32w1, e + 1)
t=0.003 sw=1 flow=1 pkt=3 | [12:13:07.309] [bmv2] [T] [thread 70182] [3.0] [cxt 0] Wrote register 'shared_counters' at index 1 with value 4
t=0.003 sw=1 flow=1 pkt=3 | [12:13:07.309] [bmv2] [D] [thread 70182] [3.0] [cxt 0] Pipeline 'egress': end
t=0.003 sw=1 flow=1 pkt=3 | [12:13:07.309] [bmv2] [D] [thread 70182] [3.0] [cxt 0] Deparser 'deparser': start
t=0.003 sw=1 flow=1 pkt=3 | [12:13:07.309] [bmv2] [D] [thread 70182] [3.0] [cxt 0] Deparsing header 'ethernet'
t=0.003 sw=1 flow=1 pkt=3 | [12:13:07.309] [bmv2] [D] [thread 70182] [3.0] [cxt 0] Deparsing header 'ipv4'
t=0.003 sw=1 flow=1 pkt=3 | [12:13:07.309] [bmv2] [D] [thread 70182] [3.0] [cxt 0] Deparser 'deparser': end
t=0.004 sw=1 flow=0 pkt=4 | [12:13:07.309] [bmv2] [D] [thread 70182] [4.0] [cxt 0] Parser 'parser': start
t=0.004 sw=1 flow=0 pkt=4 | [12:13:07.309] [bmv2] [D] [thread 70182] [4.0] [cxt 0] Parser 'parser' entering state 'start'
t=0.004 sw=1 flow=0 pkt=4 | [12:13:07.309] [bmv2] [D] [thread 70182] [4.0] [cxt 0] Extracting header 'ethernet'
t=0.004 sw=1 flow=0 pkt=4 | [12:13:07.309] [bmv2] [D] [thread 70182] [4.0] [cxt 0] Parser state 'start': key is 0800
t=0.004 sw=1 flow=0 pkt=4 | [12:13:07.309] [bmv2] [T] [thread 70182] [4.0] [cxt 0] Bytes parsed: 14
t=0.004 sw=1 flow=0 pkt=4 | [12:13:07.309] [bmv2] [D] [thread 70182] [4.0] [cxt 0] Parser 'parser' entering state 'parse_ipv4'
t=0.004 sw=1 flow=0 pkt=4 | [12:13:07.309] [bmv2] [D] [thread 70182] [4.0] [cxt 0] Extracting header 'ipv4'
t=0.004 sw=1 flow=0 pkt=4 | [12:13:07.309] [bmv2] [D] [thread 70182] [4.0] [cxt 0] Parser state 'parse_ipv4' has no switch, going to default next state
t=0.004 sw=1 flow=0 pkt=4 | [12:13:07.309] [bmv2] [T] [thread 70182] [4.0] [cxt 0] Bytes parsed: 34
t=0.004 sw=1 flow=0 pkt=4 | [12:13:07.309] [bmv2] [D] [thread 70182] [4.0] [cxt 0] Parser 'parser': end
t=0.004 sw=1 flow=0 pkt=4 | [12:13:07.309] [bmv2] [D] [thread 70182] [4.0] [cxt 0] Pipeline 'ingress': start
t=0.004 sw=1 flow=0 pkt=4 | [12:13:07.309] [bmv2] [T] [thread 70182] [4.0] [cxt 0] log_probe.p4(87) Condition "hdr.ipv4.isValid()" (node_2) is true
t=0.004 sw=1 flow=0 pkt=4 | [12:13:07.309] [bmv2] [T] [thread 70182] [4.0] [cxt 0] Applying table 'tbl_log_probe89'
t=0.004 sw=1 flow=0 pkt=4 | [12:13:07.309] [bmv2] [D] [thread 70182] [4.0] [cxt 0] Looking up key:
t=0.004 sw=1 flow=0 pkt=4 | [12:13:07.309] [bmv2] [D] [thread 70182] [4.0] [cxt 0] Table 'tbl_log_probe89': miss
t=0.004 sw=1 flow=0 pkt=4 | [12:13:07.309] [bmv2] [D] [thread 70182] [4.0] [cxt 0] Action entry is log_probe89 - 
t=0.004 sw=1 flow=0 pkt=4 | [12:13:07.309] [bmv2] [T] [thread 70182] [4.0] [cxt 0] Action log_probe89
t=0.004 sw=1 flow=0 pkt=4 | [12:13:07.309] [bmv2] [T] [thread 70182] [4.0] [cxt 0] log_probe.p4(89) Primitive shared_counters.read(n, 32w0)
t=0.004 sw=1 flow=0 pkt=4 | [12:13:07.309] [bmv2] [T] [thread 70182] [4.0] [cxt 0] Read register 'shared_counters' at index 0 read value 8
t=0.004 sw=1 flow=0 pkt=4 | [12:13:07.309] [bmv2] [T] [thread 70182] [4.0] [cxt 0] log_probe.p4(90) Primitive n + 1
t=0.004 sw=1 flow=0 pkt=4 | [12:13:07.309] [bmv2] [T] [thread 70182] [4.0] [cxt 0] log_probe.p4(90) Primitive shared_counters.write(32w0, n + 1)
t=0.004 sw=1 flow=0 pkt=4 | [12:13:07.309] [bmv2] [T] [thread 70182] [4.0] [cxt 0] Wrote register 'shared_counters' at index 0 with value 9
t=0.004 sw=1 flow=0 pkt=4 | [12:13:07.309] [bmv2] [T] [thread 70182] [4.0] [cxt 0] log_probe.p4(93) Primitive hdr.ipv4.dstAddr
t=0.004 sw=1 flow=0 pkt=4 | [12:13:07.309] [bmv2] [T] [thread 70182] [4.0] [cxt 0] log_probe.p4(93) Primitive hdr.ipv4.ttl
t=0.004 sw=1 flow=0 pkt=4 | [12:13:07.309] [bmv2] [T] [thread 70182] [4.0] [cxt 0] log_probe.p4(93) Primitive n
t=0.004 sw=1 flow=0 pkt=4 | [12:13:07.309] [bmv2] [T] [thread 70182] [4.0] [cxt 0] log_probe.p4(92) Primitive             log_msg(\"INGRESS dst={} ttl={} counter={}\",
t=0.004 sw=1 flow=0 pkt=4 | [12:13:07.309] [bmv2] [I] [thread 70182] INGRESS dst=167837953 ttl=36 counter=8
t=0.004 sw=1 flow=0 pkt=4 | [12:13:07.309] [bmv2] [T] [thread 70182] [4.0] [cxt 0] Applying table 'MyIngress.ipv4_exact'
t=0.004 sw=1 flow=0 pkt=4 | [12:13:07.309] [bmv2] [D] [thread 70182] [4.0] [cxt 0] Looking up key:
t=0.004 sw=1 flow=0 pkt=4 | * hdr.ipv4.dstAddr    : 0a010101
t=0.004 sw=1 flow=0 pkt=4 | [12:13:07.309] [bmv2] [D] [thread 70182] [4.0] [cxt 0] Table 'MyIngress.ipv4_exact': hit with handle 0
t=0.004 sw=1 flow=0 pkt=4 | [12:13:07.309] [bmv2] [D] [thread 70182] [4.0] [cxt 0] Dumping entry 0
t=0.004 sw=1 flow=0 pkt=4 | Match key:
t=0.004 sw=1 flow=0 pkt=4 | * hdr.ipv4.dstAddr    : EXACT     0a010101
t=0.004 sw=1 flow=0 pkt=4 | Action entry: MyIngress.forward - 0,
t=0.004 sw=1 flow=0 pkt=4 | [12:13:07.309] [bmv2] [D] [thread 70182] [4.0] [cxt 0] Action entry is MyIngress.forward - 0,
t=0.004 sw=1 flow=0 pkt=4 | [12:13:07.309] [bmv2] [T] [thread 70182] [4.0] [cxt 0] Action MyIngress.forward
t=0.004 sw=1 flow=0 pkt=4 | [12:13:07.309] [bmv2] [T] [thread 70182] [4.0] [cxt 0] log_probe.p4(70) Primitive standard_metadata.egress_spec = port
t=0.004 sw=1 flow=0 pkt=4 | [12:13:07.309] [bmv2] [T] [thread 70182] [4.0] [cxt 0] log_probe.p4(71) Primitive hdr.ipv4.ttl = hdr.ipv4.ttl - 1
t=0.004 sw=1 flow=0 pkt=4 | [12:13:07.309] [bmv2] [T] [thread 70182] [4.0] [cxt 0] Applying table 'tbl_log_probe95'
t=0.004 sw=1 flow=0 pkt=4 | [12:13:07.309] [bmv2] [D] [thread 70182] [4.0] [cxt 0] Looking up key:
t=0.004 sw=1 flow=0 pkt=4 | [12:13:07.310] [bmv2] [D] [thread 70182] [4.0] [cxt 0] Table 'tbl_log_probe95': miss
t=0.004 sw=1 flow=0 pkt=4 | [12:13:07.310] [bmv2] [D] [thread 70182] [4.0] [cxt 0] Action entry is log_probe95 - 
t=0.004 sw=1 flow=0 pkt=4 | [12:13:07.310] [bmv2] [T] [thread 70182] [4.0] [cxt 0] Action log_probe95
t=0.004 sw=1 flow=0 pkt=4 | [12:13:07.310] [bmv2] [T] [thread 70182] [4.0] [cxt 0] log_probe.p4(95) Primitive             log_msg(\"INGRESS decided egress_spec={}\", {standard_metadata.egress_spec});
t=0.004 sw=1 flow=0 pkt=4 | [12:13:07.310] [bmv2] [T] [thread 70182] [4.0] [cxt 0] log_probe.p4(95) Primitive             log_msg(\"INGRESS decided egress_spec={}\", {standard_metadata.egress_spec});
t=0.004 sw=1 flow=0 pkt=4 | [12:13:07.310] [bmv2] [I] [thread 70182] INGRESS decided egress_spec=0
t=0.004 sw=1 flow=0 pkt=4 | [12:13:07.310] [bmv2] [D] [thread 70182] [4.0] [cxt 0] Pipeline 'ingress': end
t=0.004 sw=1 flow=0 pkt=4 | [12:13:07.310] [bmv2] [D] [thread 70182] [4.0] [cxt 0] Pipeline 'egress': start
t=0.004 sw=1 flow=0 pkt=4 | [12:13:07.310] [bmv2] [T] [thread 70182] [4.0] [cxt 0] log_probe.p4(103) Condition "hdr.ipv4.isValid()" (node_8) is true
t=0.004 sw=1 flow=0 pkt=4 | [12:13:07.310] [bmv2] [T] [thread 70182] [4.0] [cxt 0] Applying table 'tbl_log_probe106'
t=0.004 sw=1 flow=0 pkt=4 | [12:13:07.310] [bmv2] [D] [thread 70182] [4.0] [cxt 0] Looking up key:
t=0.004 sw=1 flow=0 pkt=4 | [12:13:07.310] [bmv2] [D] [thread 70182] [4.0] [cxt 0] Table 'tbl_log_probe106': miss
t=0.004 sw=1 flow=0 pkt=4 | [12:13:07.310] [bmv2] [D] [thread 70182] [4.0] [cxt 0] Action entry is log_probe106 - 
t=0.004 sw=1 flow=0 pkt=4 | [12:13:07.310] [bmv2] [T] [thread 70182] [4.0] [cxt 0] Action log_probe106
t=0.004 sw=1 flow=0 pkt=4 | [12:13:07.310] [bmv2] [T] [thread 70182] [4.0] [cxt 0] log_probe.p4(106) Primitive shared_counters.read(n, 32w0)
t=0.004 sw=1 flow=0 pkt=4 | [12:13:07.310] [bmv2] [T] [thread 70182] [4.0] [cxt 0] Read register 'shared_counters' at index 0 read value 9
t=0.004 sw=1 flow=0 pkt=4 | [12:13:07.310] [bmv2] [T] [thread 70182] [4.0] [cxt 0] log_probe.p4(107) Primitive n + 1
t=0.004 sw=1 flow=0 pkt=4 | [12:13:07.310] [bmv2] [T] [thread 70182] [4.0] [cxt 0] log_probe.p4(107) Primitive shared_counters.write(32w0, n + 1)
t=0.004 sw=1 flow=0 pkt=4 | [12:13:07.310] [bmv2] [T] [thread 70182] [4.0] [cxt 0] Wrote register 'shared_counters' at index 0 with value 10
t=0.004 sw=1 flow=0 pkt=4 | [12:13:07.310] [bmv2] [T] [thread 70182] [4.0] [cxt 0] log_probe.p4(111) Primitive shared_counters.read(e, 32w1)
t=0.004 sw=1 flow=0 pkt=4 | [12:13:07.310] [bmv2] [T] [thread 70182] [4.0] [cxt 0] Read register 'shared_counters' at index 1 read value 4
t=0.004 sw=1 flow=0 pkt=4 | [12:13:07.310] [bmv2] [T] [thread 70182] [4.0] [cxt 0] log_probe.p4(112) Primitive e + 1
t=0.004 sw=1 flow=0 pkt=4 | [12:13:07.310] [bmv2] [T] [thread 70182] [4.0] [cxt 0] log_probe.p4(112) Primitive shared_counters.write(32w1, e + 1)
t=0.004 sw=1 flow=0 pkt=4 | [12:13:07.310] [bmv2] [T] [thread 70182] [4.0] [cxt 0] Wrote register 'shared_counters' at index 1 with value 5
t=0.004 sw=1 flow=0 pkt=4 | [12:13:07.310] [bmv2] [D] [thread 70182] [4.0] [cxt 0] Pipeline 'egress': end
t=0.004 sw=1 flow=0 pkt=4 | [12:13:07.310] [bmv2] [D] [thread 70182] [4.0] [cxt 0] Deparser 'deparser': start
t=0.004 sw=1 flow=0 pkt=4 | [12:13:07.310] [bmv2] [D] [thread 70182] [4.0] [cxt 0] Deparsing header 'ethernet'
t=0.004 sw=1 flow=0 pkt=4 | [12:13:07.310] [bmv2] [D] [thread 70182] [4.0] [cxt 0] Deparsing header 'ipv4'
t=0.004 sw=1 flow=0 pkt=4 | [12:13:07.310] [bmv2] [D] [thread 70182] [4.0] [cxt 0] Deparser 'deparser': end
t=0.005 sw=1 flow=1 pkt=5 | [12:13:07.310] [bmv2] [D] [thread 70182] [5.0] [cxt 0] Parser 'parser': start
t=0.005 sw=1 flow=1 pkt=5 | [12:13:07.310] [bmv2] [D] [thread 70182] [5.0] [cxt 0] Parser 'parser' entering state 'start'
t=0.005 sw=1 flow=1 pkt=5 | [12:13:07.310] [bmv2] [D] [thread 70182] [5.0] [cxt 0] Extracting header 'ethernet'
t=0.005 sw=1 flow=1 pkt=5 | [12:13:07.310] [bmv2] [D] [thread 70182] [5.0] [cxt 0] Parser state 'start': key is 0800
t=0.005 sw=1 flow=1 pkt=5 | [12:13:07.310] [bmv2] [T] [thread 70182] [5.0] [cxt 0] Bytes parsed: 14
t=0.005 sw=1 flow=1 pkt=5 | [12:13:07.310] [bmv2] [D] [thread 70182] [5.0] [cxt 0] Parser 'parser' entering state 'parse_ipv4'
t=0.005 sw=1 flow=1 pkt=5 | [12:13:07.310] [bmv2] [D] [thread 70182] [5.0] [cxt 0] Extracting header 'ipv4'
t=0.005 sw=1 flow=1 pkt=5 | [12:13:07.310] [bmv2] [D] [thread 70182] [5.0] [cxt 0] Parser state 'parse_ipv4' has no switch, going to default next state
t=0.005 sw=1 flow=1 pkt=5 | [12:13:07.310] [bmv2] [T] [thread 70182] [5.0] [cxt 0] Bytes parsed: 34
t=0.005 sw=1 flow=1 pkt=5 | [12:13:07.310] [bmv2] [D] [thread 70182] [5.0] [cxt 0] Parser 'parser': end
t=0.005 sw=1 flow=1 pkt=5 | [12:13:07.310] [bmv2] [D] [thread 70182] [5.0] [cxt 0] Pipeline 'ingress': start
t=0.005 sw=1 flow=1 pkt=5 | [12:13:07.310] [bmv2] [T] [thread 70182] [5.0] [cxt 0] log_probe.p4(87) Condition "hdr.ipv4.isValid()" (node_2) is true
t=0.005 sw=1 flow=1 pkt=5 | [12:13:07.310] [bmv2] [T] [thread 70182] [5.0] [cxt 0] Applying table 'tbl_log_probe89'
t=0.005 sw=1 flow=1 pkt=5 | [12:13:07.310] [bmv2] [D] [thread 70182] [5.0] [cxt 0] Looking up key:
t=0.005 sw=1 flow=1 pkt=5 | [12:13:07.310] [bmv2] [D] [thread 70182] [5.0] [cxt 0] Table 'tbl_log_probe89': miss
t=0.005 sw=1 flow=1 pkt=5 | [12:13:07.310] [bmv2] [D] [thread 70182] [5.0] [cxt 0] Action entry is log_probe89 - 
t=0.005 sw=1 flow=1 pkt=5 | [12:13:07.310] [bmv2] [T] [thread 70182] [5.0] [cxt 0] Action log_probe89
t=0.005 sw=1 flow=1 pkt=5 | [12:13:07.310] [bmv2] [T] [thread 70182] [5.0] [cxt 0] log_probe.p4(89) Primitive shared_counters.read(n, 32w0)
t=0.005 sw=1 flow=1 pkt=5 | [12:13:07.310] [bmv2] [T] [thread 70182] [5.0] [cxt 0] Read register 'shared_counters' at index 0 read value 10
t=0.005 sw=1 flow=1 pkt=5 | [12:13:07.310] [bmv2] [T] [thread 70182] [5.0] [cxt 0] log_probe.p4(90) Primitive n + 1
t=0.005 sw=1 flow=1 pkt=5 | [12:13:07.310] [bmv2] [T] [thread 70182] [5.0] [cxt 0] log_probe.p4(90) Primitive shared_counters.write(32w0, n + 1)
t=0.005 sw=1 flow=1 pkt=5 | [12:13:07.310] [bmv2] [T] [thread 70182] [5.0] [cxt 0] Wrote register 'shared_counters' at index 0 with value 11
t=0.005 sw=1 flow=1 pkt=5 | [12:13:07.310] [bmv2] [T] [thread 70182] [5.0] [cxt 0] log_probe.p4(93) Primitive hdr.ipv4.dstAddr
t=0.005 sw=1 flow=1 pkt=5 | [12:13:07.310] [bmv2] [T] [thread 70182] [5.0] [cxt 0] log_probe.p4(93) Primitive hdr.ipv4.ttl
t=0.005 sw=1 flow=1 pkt=5 | [12:13:07.310] [bmv2] [T] [thread 70182] [5.0] [cxt 0] log_probe.p4(93) Primitive n
t=0.005 sw=1 flow=1 pkt=5 | [12:13:07.310] [bmv2] [T] [thread 70182] [5.0] [cxt 0] log_probe.p4(92) Primitive             log_msg(\"INGRESS dst={} ttl={} counter={}\",
t=0.005 sw=1 flow=1 pkt=5 | [12:13:07.310] [bmv2] [I] [thread 70182] INGRESS dst=167837954 ttl=37 counter=10
t=0.005 sw=1 flow=1 pkt=5 | [12:13:07.310] [bmv2] [T] [thread 70182] [5.0] [cxt 0] Applying table 'MyIngress.ipv4_exact'
t=0.005 sw=1 flow=1 pkt=5 | [12:13:07.310] [bmv2] [D] [thread 70182] [5.0] [cxt 0] Looking up key:
t=0.005 sw=1 flow=1 pkt=5 | * hdr.ipv4.dstAddr    : 0a010102
t=0.005 sw=1 flow=1 pkt=5 | [12:13:07.310] [bmv2] [D] [thread 70182] [5.0] [cxt 0] Table 'MyIngress.ipv4_exact': hit with handle 1
t=0.005 sw=1 flow=1 pkt=5 | [12:13:07.310] [bmv2] [D] [thread 70182] [5.0] [cxt 0] Dumping entry 1
t=0.005 sw=1 flow=1 pkt=5 | Match key:
t=0.005 sw=1 flow=1 pkt=5 | * hdr.ipv4.dstAddr    : EXACT     0a010102
t=0.005 sw=1 flow=1 pkt=5 | Action entry: MyIngress.forward - 1,
t=0.005 sw=1 flow=1 pkt=5 | [12:13:07.310] [bmv2] [D] [thread 70182] [5.0] [cxt 0] Action entry is MyIngress.forward - 1,
t=0.005 sw=1 flow=1 pkt=5 | [12:13:07.311] [bmv2] [T] [thread 70182] [5.0] [cxt 0] Action MyIngress.forward
t=0.005 sw=1 flow=1 pkt=5 | [12:13:07.311] [bmv2] [T] [thread 70182] [5.0] [cxt 0] log_probe.p4(70) Primitive standard_metadata.egress_spec = port
t=0.005 sw=1 flow=1 pkt=5 | [12:13:07.311] [bmv2] [T] [thread 70182] [5.0] [cxt 0] log_probe.p4(71) Primitive hdr.ipv4.ttl = hdr.ipv4.ttl - 1
t=0.005 sw=1 flow=1 pkt=5 | [12:13:07.311] [bmv2] [T] [thread 70182] [5.0] [cxt 0] Applying table 'tbl_log_probe95'
t=0.005 sw=1 flow=1 pkt=5 | [12:13:07.311] [bmv2] [D] [thread 70182] [5.0] [cxt 0] Looking up key:
t=0.005 sw=1 flow=1 pkt=5 | [12:13:07.311] [bmv2] [D] [thread 70182] [5.0] [cxt 0] Table 'tbl_log_probe95': miss
t=0.005 sw=1 flow=1 pkt=5 | [12:13:07.311] [bmv2] [D] [thread 70182] [5.0] [cxt 0] Action entry is log_probe95 - 
t=0.005 sw=1 flow=1 pkt=5 | [12:13:07.311] [bmv2] [T] [thread 70182] [5.0] [cxt 0] Action log_probe95
t=0.005 sw=1 flow=1 pkt=5 | [12:13:07.311] [bmv2] [T] [thread 70182] [5.0] [cxt 0] log_probe.p4(95) Primitive             log_msg(\"INGRESS decided egress_spec={}\", {standard_metadata.egress_spec});
t=0.005 sw=1 flow=1 pkt=5 | [12:13:07.311] [bmv2] [T] [thread 70182] [5.0] [cxt 0] log_probe.p4(95) Primitive             log_msg(\"INGRESS decided egress_spec={}\", {standard_metadata.egress_spec});
t=0.005 sw=1 flow=1 pkt=5 | [12:13:07.311] [bmv2] [I] [thread 70182] INGRESS decided egress_spec=1
t=0.005 sw=1 flow=1 pkt=5 | [12:13:07.311] [bmv2] [D] [thread 70182] [5.0] [cxt 0] Pipeline 'ingress': end
t=0.005 sw=1 flow=1 pkt=5 | [12:13:07.311] [bmv2] [D] [thread 70182] [5.0] [cxt 0] Pipeline 'egress': start
t=0.005 sw=1 flow=1 pkt=5 | [12:13:07.311] [bmv2] [T] [thread 70182] [5.0] [cxt 0] log_probe.p4(103) Condition "hdr.ipv4.isValid()" (node_8) is true
t=0.005 sw=1 flow=1 pkt=5 | [12:13:07.311] [bmv2] [T] [thread 70182] [5.0] [cxt 0] Applying table 'tbl_log_probe106'
t=0.005 sw=1 flow=1 pkt=5 | [12:13:07.311] [bmv2] [D] [thread 70182] [5.0] [cxt 0] Looking up key:
t=0.005 sw=1 flow=1 pkt=5 | [12:13:07.311] [bmv2] [D] [thread 70182] [5.0] [cxt 0] Table 'tbl_log_probe106': miss
t=0.005 sw=1 flow=1 pkt=5 | [12:13:07.311] [bmv2] [D] [thread 70182] [5.0] [cxt 0] Action entry is log_probe106 - 
t=0.005 sw=1 flow=1 pkt=5 | [12:13:07.311] [bmv2] [T] [thread 70182] [5.0] [cxt 0] Action log_probe106
t=0.005 sw=1 flow=1 pkt=5 | [12:13:07.311] [bmv2] [T] [thread 70182] [5.0] [cxt 0] log_probe.p4(106) Primitive shared_counters.read(n, 32w0)
t=0.005 sw=1 flow=1 pkt=5 | [12:13:07.311] [bmv2] [T] [thread 70182] [5.0] [cxt 0] Read register 'shared_counters' at index 0 read value 11
t=0.005 sw=1 flow=1 pkt=5 | [12:13:07.311] [bmv2] [T] [thread 70182] [5.0] [cxt 0] log_probe.p4(107) Primitive n + 1
t=0.005 sw=1 flow=1 pkt=5 | [12:13:07.311] [bmv2] [T] [thread 70182] [5.0] [cxt 0] log_probe.p4(107) Primitive shared_counters.write(32w0, n + 1)
t=0.005 sw=1 flow=1 pkt=5 | [12:13:07.311] [bmv2] [T] [thread 70182] [5.0] [cxt 0] Wrote register 'shared_counters' at index 0 with value 12
t=0.005 sw=1 flow=1 pkt=5 | [12:13:07.311] [bmv2] [T] [thread 70182] [5.0] [cxt 0] log_probe.p4(111) Primitive shared_counters.read(e, 32w1)
t=0.005 sw=1 flow=1 pkt=5 | [12:13:07.311] [bmv2] [T] [thread 70182] [5.0] [cxt 0] Read register 'shared_counters' at index 1 read value 5
t=0.005 sw=1 flow=1 pkt=5 | [12:13:07.311] [bmv2] [T] [thread 70182] [5.0] [cxt 0] log_probe.p4(112) Primitive e + 1
t=0.005 sw=1 flow=1 pkt=5 | [12:13:07.311] [bmv2] [T] [thread 70182] [5.0] [cxt 0] log_probe.p4(112) Primitive shared_counters.write(32w1, e + 1)
t=0.005 sw=1 flow=1 pkt=5 | [12:13:07.311] [bmv2] [T] [thread 70182] [5.0] [cxt 0] Wrote register 'shared_counters' at index 1 with value 6
t=0.005 sw=1 flow=1 pkt=5 | [12:13:07.311] [bmv2] [D] [thread 70182] [5.0] [cxt 0] Pipeline 'egress': end
t=0.005 sw=1 flow=1 pkt=5 | [12:13:07.311] [bmv2] [D] [thread 70182] [5.0] [cxt 0] Deparser 'deparser': start
t=0.005 sw=1 flow=1 pkt=5 | [12:13:07.311] [bmv2] [D] [thread 70182] [5.0] [cxt 0] Deparsing header 'ethernet'
t=0.005 sw=1 flow=1 pkt=5 | [12:13:07.311] [bmv2] [D] [thread 70182] [5.0] [cxt 0] Deparsing header 'ipv4'
t=0.005 sw=1 flow=1 pkt=5 | [12:13:07.311] [bmv2] [D] [thread 70182] [5.0] [cxt 0] Deparser 'deparser': end
t=0.006 sw=1 flow=0 pkt=6 | [12:13:07.311] [bmv2] [D] [thread 70182] [6.0] [cxt 0] Parser 'parser': start
t=0.006 sw=1 flow=0 pkt=6 | [12:13:07.311] [bmv2] [D] [thread 70182] [6.0] [cxt 0] Parser 'parser' entering state 'start'
t=0.006 sw=1 flow=0 pkt=6 | [12:13:07.311] [bmv2] [D] [thread 70182] [6.0] [cxt 0] Extracting header 'ethernet'
t=0.006 sw=1 flow=0 pkt=6 | [12:13:07.311] [bmv2] [D] [thread 70182] [6.0] [cxt 0] Parser state 'start': key is 0800
t=0.006 sw=1 flow=0 pkt=6 | [12:13:07.311] [bmv2] [T] [thread 70182] [6.0] [cxt 0] Bytes parsed: 14
t=0.006 sw=1 flow=0 pkt=6 | [12:13:07.311] [bmv2] [D] [thread 70182] [6.0] [cxt 0] Parser 'parser' entering state 'parse_ipv4'
t=0.006 sw=1 flow=0 pkt=6 | [12:13:07.311] [bmv2] [D] [thread 70182] [6.0] [cxt 0] Extracting header 'ipv4'
t=0.006 sw=1 flow=0 pkt=6 | [12:13:07.311] [bmv2] [D] [thread 70182] [6.0] [cxt 0] Parser state 'parse_ipv4' has no switch, going to default next state
t=0.006 sw=1 flow=0 pkt=6 | [12:13:07.311] [bmv2] [T] [thread 70182] [6.0] [cxt 0] Bytes parsed: 34
t=0.006 sw=1 flow=0 pkt=6 | [12:13:07.311] [bmv2] [D] [thread 70182] [6.0] [cxt 0] Parser 'parser': end
t=0.006 sw=1 flow=0 pkt=6 | [12:13:07.311] [bmv2] [D] [thread 70182] [6.0] [cxt 0] Pipeline 'ingress': start
t=0.006 sw=1 flow=0 pkt=6 | [12:13:07.311] [bmv2] [T] [thread 70182] [6.0] [cxt 0] log_probe.p4(87) Condition "hdr.ipv4.isValid()" (node_2) is true
t=0.006 sw=1 flow=0 pkt=6 | [12:13:07.311] [bmv2] [T] [thread 70182] [6.0] [cxt 0] Applying table 'tbl_log_probe89'
t=0.006 sw=1 flow=0 pkt=6 | [12:13:07.311] [bmv2] [D] [thread 70182] [6.0] [cxt 0] Looking up key:
t=0.006 sw=1 flow=0 pkt=6 | [12:13:07.311] [bmv2] [D] [thread 70182] [6.0] [cxt 0] Table 'tbl_log_probe89': miss
t=0.006 sw=1 flow=0 pkt=6 | [12:13:07.311] [bmv2] [D] [thread 70182] [6.0] [cxt 0] Action entry is log_probe89 - 
t=0.006 sw=1 flow=0 pkt=6 | [12:13:07.311] [bmv2] [T] [thread 70182] [6.0] [cxt 0] Action log_probe89
t=0.006 sw=1 flow=0 pkt=6 | [12:13:07.311] [bmv2] [T] [thread 70182] [6.0] [cxt 0] log_probe.p4(89) Primitive shared_counters.read(n, 32w0)
t=0.006 sw=1 flow=0 pkt=6 | [12:13:07.311] [bmv2] [T] [thread 70182] [6.0] [cxt 0] Read register 'shared_counters' at index 0 read value 12
t=0.006 sw=1 flow=0 pkt=6 | [12:13:07.311] [bmv2] [T] [thread 70182] [6.0] [cxt 0] log_probe.p4(90) Primitive n + 1
t=0.006 sw=1 flow=0 pkt=6 | [12:13:07.311] [bmv2] [T] [thread 70182] [6.0] [cxt 0] log_probe.p4(90) Primitive shared_counters.write(32w0, n + 1)
t=0.006 sw=1 flow=0 pkt=6 | [12:13:07.311] [bmv2] [T] [thread 70182] [6.0] [cxt 0] Wrote register 'shared_counters' at index 0 with value 13
t=0.006 sw=1 flow=0 pkt=6 | [12:13:07.311] [bmv2] [T] [thread 70182] [6.0] [cxt 0] log_probe.p4(93) Primitive hdr.ipv4.dstAddr
t=0.006 sw=1 flow=0 pkt=6 | [12:13:07.311] [bmv2] [T] [thread 70182] [6.0] [cxt 0] log_probe.p4(93) Primitive hdr.ipv4.ttl
t=0.006 sw=1 flow=0 pkt=6 | [12:13:07.311] [bmv2] [T] [thread 70182] [6.0] [cxt 0] log_probe.p4(93) Primitive n
t=0.006 sw=1 flow=0 pkt=6 | [12:13:07.311] [bmv2] [T] [thread 70182] [6.0] [cxt 0] log_probe.p4(92) Primitive             log_msg(\"INGRESS dst={} ttl={} counter={}\",
t=0.006 sw=1 flow=0 pkt=6 | [12:13:07.311] [bmv2] [I] [thread 70182] INGRESS dst=167837953 ttl=38 counter=12
t=0.006 sw=1 flow=0 pkt=6 | [12:13:07.311] [bmv2] [T] [thread 70182] [6.0] [cxt 0] Applying table 'MyIngress.ipv4_exact'
t=0.006 sw=1 flow=0 pkt=6 | [12:13:07.311] [bmv2] [D] [thread 70182] [6.0] [cxt 0] Looking up key:
t=0.006 sw=1 flow=0 pkt=6 | * hdr.ipv4.dstAddr    : 0a010101
t=0.006 sw=1 flow=0 pkt=6 | [12:13:07.311] [bmv2] [D] [thread 70182] [6.0] [cxt 0] Table 'MyIngress.ipv4_exact': hit with handle 0
t=0.006 sw=1 flow=0 pkt=6 | [12:13:07.311] [bmv2] [D] [thread 70182] [6.0] [cxt 0] Dumping entry 0
t=0.006 sw=1 flow=0 pkt=6 | Match key:
t=0.006 sw=1 flow=0 pkt=6 | * hdr.ipv4.dstAddr    : EXACT     0a010101
t=0.006 sw=1 flow=0 pkt=6 | Action entry: MyIngress.forward - 0,
t=0.006 sw=1 flow=0 pkt=6 | [12:13:07.311] [bmv2] [D] [thread 70182] [6.0] [cxt 0] Action entry is MyIngress.forward - 0,
t=0.006 sw=1 flow=0 pkt=6 | [12:13:07.312] [bmv2] [T] [thread 70182] [6.0] [cxt 0] Action MyIngress.forward
t=0.006 sw=1 flow=0 pkt=6 | [12:13:07.312] [bmv2] [T] [thread 70182] [6.0] [cxt 0] log_probe.p4(70) Primitive standard_metadata.egress_spec = port
t=0.006 sw=1 flow=0 pkt=6 | [12:13:07.312] [bmv2] [T] [thread 70182] [6.0] [cxt 0] log_probe.p4(71) Primitive hdr.ipv4.ttl = hdr.ipv4.ttl - 1
t=0.006 sw=1 flow=0 pkt=6 | [12:13:07.312] [bmv2] [T] [thread 70182] [6.0] [cxt 0] Applying table 'tbl_log_probe95'
t=0.006 sw=1 flow=0 pkt=6 | [12:13:07.312] [bmv2] [D] [thread 70182] [6.0] [cxt 0] Looking up key:
t=0.006 sw=1 flow=0 pkt=6 | [12:13:07.312] [bmv2] [D] [thread 70182] [6.0] [cxt 0] Table 'tbl_log_probe95': miss
t=0.006 sw=1 flow=0 pkt=6 | [12:13:07.312] [bmv2] [D] [thread 70182] [6.0] [cxt 0] Action entry is log_probe95 - 
t=0.006 sw=1 flow=0 pkt=6 | [12:13:07.312] [bmv2] [T] [thread 70182] [6.0] [cxt 0] Action log_probe95
t=0.006 sw=1 flow=0 pkt=6 | [12:13:07.312] [bmv2] [T] [thread 70182] [6.0] [cxt 0] log_probe.p4(95) Primitive             log_msg(\"INGRESS decided egress_spec={}\", {standard_metadata.egress_spec});
t=0.006 sw=1 flow=0 pkt=6 | [12:13:07.312] [bmv2] [T] [thread 70182] [6.0] [cxt 0] log_probe.p4(95) Primitive             log_msg(\"INGRESS decided egress_spec={}\", {standard_metadata.egress_spec});
t=0.006 sw=1 flow=0 pkt=6 | [12:13:07.312] [bmv2] [I] [thread 70182] INGRESS decided egress_spec=0
t=0.006 sw=1 flow=0 pkt=6 | [12:13:07.312] [bmv2] [D] [thread 70182] [6.0] [cxt 0] Pipeline 'ingress': end
t=0.006 sw=1 flow=0 pkt=6 | [12:13:07.312] [bmv2] [D] [thread 70182] [6.0] [cxt 0] Pipeline 'egress': start
t=0.006 sw=1 flow=0 pkt=6 | [12:13:07.312] [bmv2] [T] [thread 70182] [6.0] [cxt 0] log_probe.p4(103) Condition "hdr.ipv4.isValid()" (node_8) is true
t=0.006 sw=1 flow=0 pkt=6 | [12:13:07.312] [bmv2] [T] [thread 70182] [6.0] [cxt 0] Applying table 'tbl_log_probe106'
t=0.006 sw=1 flow=0 pkt=6 | [12:13:07.312] [bmv2] [D] [thread 70182] [6.0] [cxt 0] Looking up key:
t=0.006 sw=1 flow=0 pkt=6 | [12:13:07.312] [bmv2] [D] [thread 70182] [6.0] [cxt 0] Table 'tbl_log_probe106': miss
t=0.006 sw=1 flow=0 pkt=6 | [12:13:07.312] [bmv2] [D] [thread 70182] [6.0] [cxt 0] Action entry is log_probe106 - 
t=0.006 sw=1 flow=0 pkt=6 | [12:13:07.312] [bmv2] [T] [thread 70182] [6.0] [cxt 0] Action log_probe106
t=0.006 sw=1 flow=0 pkt=6 | [12:13:07.312] [bmv2] [T] [thread 70182] [6.0] [cxt 0] log_probe.p4(106) Primitive shared_counters.read(n, 32w0)
t=0.006 sw=1 flow=0 pkt=6 | [12:13:07.312] [bmv2] [T] [thread 70182] [6.0] [cxt 0] Read register 'shared_counters' at index 0 read value 13
t=0.006 sw=1 flow=0 pkt=6 | [12:13:07.312] [bmv2] [T] [thread 70182] [6.0] [cxt 0] log_probe.p4(107) Primitive n + 1
t=0.006 sw=1 flow=0 pkt=6 | [12:13:07.312] [bmv2] [T] [thread 70182] [6.0] [cxt 0] log_probe.p4(107) Primitive shared_counters.write(32w0, n + 1)
t=0.006 sw=1 flow=0 pkt=6 | [12:13:07.312] [bmv2] [T] [thread 70182] [6.0] [cxt 0] Wrote register 'shared_counters' at index 0 with value 14
t=0.006 sw=1 flow=0 pkt=6 | [12:13:07.312] [bmv2] [T] [thread 70182] [6.0] [cxt 0] log_probe.p4(111) Primitive shared_counters.read(e, 32w1)
t=0.006 sw=1 flow=0 pkt=6 | [12:13:07.312] [bmv2] [T] [thread 70182] [6.0] [cxt 0] Read register 'shared_counters' at index 1 read value 6
t=0.006 sw=1 flow=0 pkt=6 | [12:13:07.312] [bmv2] [T] [thread 70182] [6.0] [cxt 0] log_probe.p4(112) Primitive e + 1
t=0.006 sw=1 flow=0 pkt=6 | [12:13:07.312] [bmv2] [T] [thread 70182] [6.0] [cxt 0] log_probe.p4(112) Primitive shared_counters.write(32w1, e + 1)
t=0.006 sw=1 flow=0 pkt=6 | [12:13:07.312] [bmv2] [T] [thread 70182] [6.0] [cxt 0] Wrote register 'shared_counters' at index 1 with value 7
t=0.006 sw=1 flow=0 pkt=6 | [12:13:07.312] [bmv2] [D] [thread 70182] [6.0] [cxt 0] Pipeline 'egress': end
t=0.006 sw=1 flow=0 pkt=6 | [12:13:07.312] [bmv2] [D] [thread 70182] [6.0] [cxt 0] Deparser 'deparser': start
t=0.006 sw=1 flow=0 pkt=6 | [12:13:07.312] [bmv2] [D] [thread 70182] [6.0] [cxt 0] Deparsing header 'ethernet'
t=0.006 sw=1 flow=0 pkt=6 | [12:13:07.312] [bmv2] [D] [thread 70182] [6.0] [cxt 0] Deparsing header 'ipv4'
t=0.006 sw=1 flow=0 pkt=6 | [12:13:07.312] [bmv2] [D] [thread 70182] [6.0] [cxt 0] Deparser 'deparser': end
t=0.007 sw=1 flow=1 pkt=7 | [12:13:07.312] [bmv2] [D] [thread 70182] [7.0] [cxt 0] Parser 'parser': start
t=0.007 sw=1 flow=1 pkt=7 | [12:13:07.312] [bmv2] [D] [thread 70182] [7.0] [cxt 0] Parser 'parser' entering state 'start'
t=0.007 sw=1 flow=1 pkt=7 | [12:13:07.312] [bmv2] [D] [thread 70182] [7.0] [cxt 0] Extracting header 'ethernet'
t=0.007 sw=1 flow=1 pkt=7 | [12:13:07.312] [bmv2] [D] [thread 70182] [7.0] [cxt 0] Parser state 'start': key is 0800
t=0.007 sw=1 flow=1 pkt=7 | [12:13:07.312] [bmv2] [T] [thread 70182] [7.0] [cxt 0] Bytes parsed: 14
t=0.007 sw=1 flow=1 pkt=7 | [12:13:07.312] [bmv2] [D] [thread 70182] [7.0] [cxt 0] Parser 'parser' entering state 'parse_ipv4'
t=0.007 sw=1 flow=1 pkt=7 | [12:13:07.312] [bmv2] [D] [thread 70182] [7.0] [cxt 0] Extracting header 'ipv4'
t=0.007 sw=1 flow=1 pkt=7 | [12:13:07.312] [bmv2] [D] [thread 70182] [7.0] [cxt 0] Parser state 'parse_ipv4' has no switch, going to default next state
t=0.007 sw=1 flow=1 pkt=7 | [12:13:07.312] [bmv2] [T] [thread 70182] [7.0] [cxt 0] Bytes parsed: 34
t=0.007 sw=1 flow=1 pkt=7 | [12:13:07.312] [bmv2] [D] [thread 70182] [7.0] [cxt 0] Parser 'parser': end
t=0.007 sw=1 flow=1 pkt=7 | [12:13:07.312] [bmv2] [D] [thread 70182] [7.0] [cxt 0] Pipeline 'ingress': start
t=0.007 sw=1 flow=1 pkt=7 | [12:13:07.312] [bmv2] [T] [thread 70182] [7.0] [cxt 0] log_probe.p4(87) Condition "hdr.ipv4.isValid()" (node_2) is true
t=0.007 sw=1 flow=1 pkt=7 | [12:13:07.312] [bmv2] [T] [thread 70182] [7.0] [cxt 0] Applying table 'tbl_log_probe89'
t=0.007 sw=1 flow=1 pkt=7 | [12:13:07.312] [bmv2] [D] [thread 70182] [7.0] [cxt 0] Looking up key:
t=0.007 sw=1 flow=1 pkt=7 | [12:13:07.312] [bmv2] [D] [thread 70182] [7.0] [cxt 0] Table 'tbl_log_probe89': miss
t=0.007 sw=1 flow=1 pkt=7 | [12:13:07.312] [bmv2] [D] [thread 70182] [7.0] [cxt 0] Action entry is log_probe89 - 
t=0.007 sw=1 flow=1 pkt=7 | [12:13:07.312] [bmv2] [T] [thread 70182] [7.0] [cxt 0] Action log_probe89
t=0.007 sw=1 flow=1 pkt=7 | [12:13:07.312] [bmv2] [T] [thread 70182] [7.0] [cxt 0] log_probe.p4(89) Primitive shared_counters.read(n, 32w0)
t=0.007 sw=1 flow=1 pkt=7 | [12:13:07.312] [bmv2] [T] [thread 70182] [7.0] [cxt 0] Read register 'shared_counters' at index 0 read value 14
t=0.007 sw=1 flow=1 pkt=7 | [12:13:07.312] [bmv2] [T] [thread 70182] [7.0] [cxt 0] log_probe.p4(90) Primitive n + 1
t=0.007 sw=1 flow=1 pkt=7 | [12:13:07.312] [bmv2] [T] [thread 70182] [7.0] [cxt 0] log_probe.p4(90) Primitive shared_counters.write(32w0, n + 1)
t=0.007 sw=1 flow=1 pkt=7 | [12:13:07.312] [bmv2] [T] [thread 70182] [7.0] [cxt 0] Wrote register 'shared_counters' at index 0 with value 15
t=0.007 sw=1 flow=1 pkt=7 | [12:13:07.312] [bmv2] [T] [thread 70182] [7.0] [cxt 0] log_probe.p4(93) Primitive hdr.ipv4.dstAddr
t=0.007 sw=1 flow=1 pkt=7 | [12:13:07.312] [bmv2] [T] [thread 70182] [7.0] [cxt 0] log_probe.p4(93) Primitive hdr.ipv4.ttl
t=0.007 sw=1 flow=1 pkt=7 | [12:13:07.312] [bmv2] [T] [thread 70182] [7.0] [cxt 0] log_probe.p4(93) Primitive n
t=0.007 sw=1 flow=1 pkt=7 | [12:13:07.312] [bmv2] [T] [thread 70182] [7.0] [cxt 0] log_probe.p4(92) Primitive             log_msg(\"INGRESS dst={} ttl={} counter={}\",
t=0.007 sw=1 flow=1 pkt=7 | [12:13:07.312] [bmv2] [I] [thread 70182] INGRESS dst=167837954 ttl=39 counter=14
t=0.007 sw=1 flow=1 pkt=7 | [12:13:07.312] [bmv2] [T] [thread 70182] [7.0] [cxt 0] Applying table 'MyIngress.ipv4_exact'
t=0.007 sw=1 flow=1 pkt=7 | [12:13:07.312] [bmv2] [D] [thread 70182] [7.0] [cxt 0] Looking up key:
t=0.007 sw=1 flow=1 pkt=7 | * hdr.ipv4.dstAddr    : 0a010102
t=0.007 sw=1 flow=1 pkt=7 | [12:13:07.312] [bmv2] [D] [thread 70182] [7.0] [cxt 0] Table 'MyIngress.ipv4_exact': hit with handle 1
t=0.007 sw=1 flow=1 pkt=7 | [12:13:07.312] [bmv2] [D] [thread 70182] [7.0] [cxt 0] Dumping entry 1
t=0.007 sw=1 flow=1 pkt=7 | Match key:
t=0.007 sw=1 flow=1 pkt=7 | * hdr.ipv4.dstAddr    : EXACT     0a010102
t=0.007 sw=1 flow=1 pkt=7 | Action entry: MyIngress.forward - 1,
t=0.007 sw=1 flow=1 pkt=7 | [12:13:07.312] [bmv2] [D] [thread 70182] [7.0] [cxt 0] Action entry is MyIngress.forward - 1,
t=0.007 sw=1 flow=1 pkt=7 | [12:13:07.312] [bmv2] [T] [thread 70182] [7.0] [cxt 0] Action MyIngress.forward
t=0.007 sw=1 flow=1 pkt=7 | [12:13:07.312] [bmv2] [T] [thread 70182] [7.0] [cxt 0] log_probe.p4(70) Primitive standard_metadata.egress_spec = port
t=0.007 sw=1 flow=1 pkt=7 | [12:13:07.312] [bmv2] [T] [thread 70182] [7.0] [cxt 0] log_probe.p4(71) Primitive hdr.ipv4.ttl = hdr.ipv4.ttl - 1
t=0.007 sw=1 flow=1 pkt=7 | [12:13:07.312] [bmv2] [T] [thread 70182] [7.0] [cxt 0] Applying table 'tbl_log_probe95'
t=0.007 sw=1 flow=1 pkt=7 | [12:13:07.313] [bmv2] [D] [thread 70182] [7.0] [cxt 0] Looking up key:
t=0.007 sw=1 flow=1 pkt=7 | [12:13:07.313] [bmv2] [D] [thread 70182] [7.0] [cxt 0] Table 'tbl_log_probe95': miss
t=0.007 sw=1 flow=1 pkt=7 | [12:13:07.313] [bmv2] [D] [thread 70182] [7.0] [cxt 0] Action entry is log_probe95 - 
t=0.007 sw=1 flow=1 pkt=7 | [12:13:07.313] [bmv2] [T] [thread 70182] [7.0] [cxt 0] Action log_probe95
t=0.007 sw=1 flow=1 pkt=7 | [12:13:07.313] [bmv2] [T] [thread 70182] [7.0] [cxt 0] log_probe.p4(95) Primitive             log_msg(\"INGRESS decided egress_spec={}\", {standard_metadata.egress_spec});
t=0.007 sw=1 flow=1 pkt=7 | [12:13:07.313] [bmv2] [T] [thread 70182] [7.0] [cxt 0] log_probe.p4(95) Primitive             log_msg(\"INGRESS decided egress_spec={}\", {standard_metadata.egress_spec});
t=0.007 sw=1 flow=1 pkt=7 | [12:13:07.313] [bmv2] [I] [thread 70182] INGRESS decided egress_spec=1
t=0.007 sw=1 flow=1 pkt=7 | [12:13:07.313] [bmv2] [D] [thread 70182] [7.0] [cxt 0] Pipeline 'ingress': end
t=0.007 sw=1 flow=1 pkt=7 | [12:13:07.313] [bmv2] [D] [thread 70182] [7.0] [cxt 0] Pipeline 'egress': start
t=0.007 sw=1 flow=1 pkt=7 | [12:13:07.313] [bmv2] [T] [thread 70182] [7.0] [cxt 0] log_probe.p4(103) Condition "hdr.ipv4.isValid()" (node_8) is true
t=0.007 sw=1 flow=1 pkt=7 | [12:13:07.313] [bmv2] [T] [thread 70182] [7.0] [cxt 0] Applying table 'tbl_log_probe106'
t=0.007 sw=1 flow=1 pkt=7 | [12:13:07.313] [bmv2] [D] [thread 70182] [7.0] [cxt 0] Looking up key:
t=0.007 sw=1 flow=1 pkt=7 | [12:13:07.313] [bmv2] [D] [thread 70182] [7.0] [cxt 0] Table 'tbl_log_probe106': miss
t=0.007 sw=1 flow=1 pkt=7 | [12:13:07.313] [bmv2] [D] [thread 70182] [7.0] [cxt 0] Action entry is log_probe106 - 
t=0.007 sw=1 flow=1 pkt=7 | [12:13:07.313] [bmv2] [T] [thread 70182] [7.0] [cxt 0] Action log_probe106
t=0.007 sw=1 flow=1 pkt=7 | [12:13:07.313] [bmv2] [T] [thread 70182] [7.0] [cxt 0] log_probe.p4(106) Primitive shared_counters.read(n, 32w0)
t=0.007 sw=1 flow=1 pkt=7 | [12:13:07.313] [bmv2] [T] [thread 70182] [7.0] [cxt 0] Read register 'shared_counters' at index 0 read value 15
t=0.007 sw=1 flow=1 pkt=7 | [12:13:07.313] [bmv2] [T] [thread 70182] [7.0] [cxt 0] log_probe.p4(107) Primitive n + 1
t=0.007 sw=1 flow=1 pkt=7 | [12:13:07.313] [bmv2] [T] [thread 70182] [7.0] [cxt 0] log_probe.p4(107) Primitive shared_counters.write(32w0, n + 1)
t=0.007 sw=1 flow=1 pkt=7 | [12:13:07.313] [bmv2] [T] [thread 70182] [7.0] [cxt 0] Wrote register 'shared_counters' at index 0 with value 16
t=0.007 sw=1 flow=1 pkt=7 | [12:13:07.313] [bmv2] [T] [thread 70182] [7.0] [cxt 0] log_probe.p4(111) Primitive shared_counters.read(e, 32w1)
t=0.007 sw=1 flow=1 pkt=7 | [12:13:07.313] [bmv2] [T] [thread 70182] [7.0] [cxt 0] Read register 'shared_counters' at index 1 read value 7
t=0.007 sw=1 flow=1 pkt=7 | [12:13:07.313] [bmv2] [T] [thread 70182] [7.0] [cxt 0] log_probe.p4(112) Primitive e + 1
t=0.007 sw=1 flow=1 pkt=7 | [12:13:07.313] [bmv2] [T] [thread 70182] [7.0] [cxt 0] log_probe.p4(112) Primitive shared_counters.write(32w1, e + 1)
t=0.007 sw=1 flow=1 pkt=7 | [12:13:07.313] [bmv2] [T] [thread 70182] [7.0] [cxt 0] Wrote register 'shared_counters' at index 1 with value 8
t=0.007 sw=1 flow=1 pkt=7 | [12:13:07.313] [bmv2] [D] [thread 70182] [7.0] [cxt 0] Pipeline 'egress': end
t=0.007 sw=1 flow=1 pkt=7 | [12:13:07.313] [bmv2] [D] [thread 70182] [7.0] [cxt 0] Deparser 'deparser': start
t=0.007 sw=1 flow=1 pkt=7 | [12:13:07.313] [bmv2] [D] [thread 70182] [7.0] [cxt 0] Deparsing header 'ethernet'
t=0.007 sw=1 flow=1 pkt=7 | [12:13:07.313] [bmv2] [D] [thread 70182] [7.0] [cxt 0] Deparsing header 'ipv4'
t=0.007 sw=1 flow=1 pkt=7 | [12:13:07.313] [bmv2] [D] [thread 70182] [7.0] [cxt 0] Deparser 'deparser': end
t=0.008 sw=1 flow=0 pkt=8 | [12:13:07.313] [bmv2] [D] [thread 70182] [8.0] [cxt 0] Parser 'parser': start
t=0.008 sw=1 flow=0 pkt=8 | [12:13:07.313] [bmv2] [D] [thread 70182] [8.0] [cxt 0] Parser 'parser' entering state 'start'
t=0.008 sw=1 flow=0 pkt=8 | [12:13:07.313] [bmv2] [D] [thread 70182] [8.0] [cxt 0] Extracting header 'ethernet'
t=0.008 sw=1 flow=0 pkt=8 | [12:13:07.313] [bmv2] [D] [thread 70182] [8.0] [cxt 0] Parser state 'start': key is 0800
t=0.008 sw=1 flow=0 pkt=8 | [12:13:07.313] [bmv2] [T] [thread 70182] [8.0] [cxt 0] Bytes parsed: 14
t=0.008 sw=1 flow=0 pkt=8 | [12:13:07.313] [bmv2] [D] [thread 70182] [8.0] [cxt 0] Parser 'parser' entering state 'parse_ipv4'
t=0.008 sw=1 flow=0 pkt=8 | [12:13:07.313] [bmv2] [D] [thread 70182] [8.0] [cxt 0] Extracting header 'ipv4'
t=0.008 sw=1 flow=0 pkt=8 | [12:13:07.313] [bmv2] [D] [thread 70182] [8.0] [cxt 0] Parser state 'parse_ipv4' has no switch, going to default next state
t=0.008 sw=1 flow=0 pkt=8 | [12:13:07.313] [bmv2] [T] [thread 70182] [8.0] [cxt 0] Bytes parsed: 34
t=0.008 sw=1 flow=0 pkt=8 | [12:13:07.313] [bmv2] [D] [thread 70182] [8.0] [cxt 0] Parser 'parser': end
t=0.008 sw=1 flow=0 pkt=8 | [12:13:07.313] [bmv2] [D] [thread 70182] [8.0] [cxt 0] Pipeline 'ingress': start
t=0.008 sw=1 flow=0 pkt=8 | [12:13:07.313] [bmv2] [T] [thread 70182] [8.0] [cxt 0] log_probe.p4(87) Condition "hdr.ipv4.isValid()" (node_2) is true
t=0.008 sw=1 flow=0 pkt=8 | [12:13:07.313] [bmv2] [T] [thread 70182] [8.0] [cxt 0] Applying table 'tbl_log_probe89'
t=0.008 sw=1 flow=0 pkt=8 | [12:13:07.313] [bmv2] [D] [thread 70182] [8.0] [cxt 0] Looking up key:
t=0.008 sw=1 flow=0 pkt=8 | [12:13:07.313] [bmv2] [D] [thread 70182] [8.0] [cxt 0] Table 'tbl_log_probe89': miss
t=0.008 sw=1 flow=0 pkt=8 | [12:13:07.313] [bmv2] [D] [thread 70182] [8.0] [cxt 0] Action entry is log_probe89 - 
t=0.008 sw=1 flow=0 pkt=8 | [12:13:07.313] [bmv2] [T] [thread 70182] [8.0] [cxt 0] Action log_probe89
t=0.008 sw=1 flow=0 pkt=8 | [12:13:07.313] [bmv2] [T] [thread 70182] [8.0] [cxt 0] log_probe.p4(89) Primitive shared_counters.read(n, 32w0)
t=0.008 sw=1 flow=0 pkt=8 | [12:13:07.313] [bmv2] [T] [thread 70182] [8.0] [cxt 0] Read register 'shared_counters' at index 0 read value 16
t=0.008 sw=1 flow=0 pkt=8 | [12:13:07.313] [bmv2] [T] [thread 70182] [8.0] [cxt 0] log_probe.p4(90) Primitive n + 1
t=0.008 sw=1 flow=0 pkt=8 | [12:13:07.313] [bmv2] [T] [thread 70182] [8.0] [cxt 0] log_probe.p4(90) Primitive shared_counters.write(32w0, n + 1)
t=0.008 sw=1 flow=0 pkt=8 | [12:13:07.313] [bmv2] [T] [thread 70182] [8.0] [cxt 0] Wrote register 'shared_counters' at index 0 with value 17
t=0.008 sw=1 flow=0 pkt=8 | [12:13:07.313] [bmv2] [T] [thread 70182] [8.0] [cxt 0] log_probe.p4(93) Primitive hdr.ipv4.dstAddr
t=0.008 sw=1 flow=0 pkt=8 | [12:13:07.313] [bmv2] [T] [thread 70182] [8.0] [cxt 0] log_probe.p4(93) Primitive hdr.ipv4.ttl
t=0.008 sw=1 flow=0 pkt=8 | [12:13:07.313] [bmv2] [T] [thread 70182] [8.0] [cxt 0] log_probe.p4(93) Primitive n
t=0.008 sw=1 flow=0 pkt=8 | [12:13:07.313] [bmv2] [T] [thread 70182] [8.0] [cxt 0] log_probe.p4(92) Primitive             log_msg(\"INGRESS dst={} ttl={} counter={}\",
t=0.008 sw=1 flow=0 pkt=8 | [12:13:07.313] [bmv2] [I] [thread 70182] INGRESS dst=167837953 ttl=32 counter=16
t=0.008 sw=1 flow=0 pkt=8 | [12:13:07.313] [bmv2] [T] [thread 70182] [8.0] [cxt 0] Applying table 'MyIngress.ipv4_exact'
t=0.008 sw=1 flow=0 pkt=8 | [12:13:07.313] [bmv2] [D] [thread 70182] [8.0] [cxt 0] Looking up key:
t=0.008 sw=1 flow=0 pkt=8 | * hdr.ipv4.dstAddr    : 0a010101
t=0.008 sw=1 flow=0 pkt=8 | [12:13:07.313] [bmv2] [D] [thread 70182] [8.0] [cxt 0] Table 'MyIngress.ipv4_exact': hit with handle 0
t=0.008 sw=1 flow=0 pkt=8 | [12:13:07.313] [bmv2] [D] [thread 70182] [8.0] [cxt 0] Dumping entry 0
t=0.008 sw=1 flow=0 pkt=8 | Match key:
t=0.008 sw=1 flow=0 pkt=8 | * hdr.ipv4.dstAddr    : EXACT     0a010101
t=0.008 sw=1 flow=0 pkt=8 | Action entry: MyIngress.forward - 0,
t=0.008 sw=1 flow=0 pkt=8 | [12:13:07.313] [bmv2] [D] [thread 70182] [8.0] [cxt 0] Action entry is MyIngress.forward - 0,
t=0.008 sw=1 flow=0 pkt=8 | [12:13:07.314] [bmv2] [T] [thread 70182] [8.0] [cxt 0] Action MyIngress.forward
t=0.008 sw=1 flow=0 pkt=8 | [12:13:07.314] [bmv2] [T] [thread 70182] [8.0] [cxt 0] log_probe.p4(70) Primitive standard_metadata.egress_spec = port
t=0.008 sw=1 flow=0 pkt=8 | [12:13:07.314] [bmv2] [T] [thread 70182] [8.0] [cxt 0] log_probe.p4(71) Primitive hdr.ipv4.ttl = hdr.ipv4.ttl - 1
t=0.008 sw=1 flow=0 pkt=8 | [12:13:07.314] [bmv2] [T] [thread 70182] [8.0] [cxt 0] Applying table 'tbl_log_probe95'
t=0.008 sw=1 flow=0 pkt=8 | [12:13:07.314] [bmv2] [D] [thread 70182] [8.0] [cxt 0] Looking up key:
t=0.008 sw=1 flow=0 pkt=8 | [12:13:07.314] [bmv2] [D] [thread 70182] [8.0] [cxt 0] Table 'tbl_log_probe95': miss
t=0.008 sw=1 flow=0 pkt=8 | [12:13:07.314] [bmv2] [D] [thread 70182] [8.0] [cxt 0] Action entry is log_probe95 - 
t=0.008 sw=1 flow=0 pkt=8 | [12:13:07.314] [bmv2] [T] [thread 70182] [8.0] [cxt 0] Action log_probe95
t=0.008 sw=1 flow=0 pkt=8 | [12:13:07.314] [bmv2] [T] [thread 70182] [8.0] [cxt 0] log_probe.p4(95) Primitive             log_msg(\"INGRESS decided egress_spec={}\", {standard_metadata.egress_spec});
t=0.008 sw=1 flow=0 pkt=8 | [12:13:07.314] [bmv2] [T] [thread 70182] [8.0] [cxt 0] log_probe.p4(95) Primitive             log_msg(\"INGRESS decided egress_spec={}\", {standard_metadata.egress_spec});
t=0.008 sw=1 flow=0 pkt=8 | [12:13:07.314] [bmv2] [I] [thread 70182] INGRESS decided egress_spec=0
t=0.008 sw=1 flow=0 pkt=8 | [12:13:07.314] [bmv2] [D] [thread 70182] [8.0] [cxt 0] Pipeline 'ingress': end
t=0.008 sw=1 flow=0 pkt=8 | [12:13:07.314] [bmv2] [D] [thread 70182] [8.0] [cxt 0] Pipeline 'egress': start
t=0.008 sw=1 flow=0 pkt=8 | [12:13:07.314] [bmv2] [T] [thread 70182] [8.0] [cxt 0] log_probe.p4(103) Condition "hdr.ipv4.isValid()" (node_8) is true
t=0.008 sw=1 flow=0 pkt=8 | [12:13:07.314] [bmv2] [T] [thread 70182] [8.0] [cxt 0] Applying table 'tbl_log_probe106'
t=0.008 sw=1 flow=0 pkt=8 | [12:13:07.314] [bmv2] [D] [thread 70182] [8.0] [cxt 0] Looking up key:
t=0.008 sw=1 flow=0 pkt=8 | [12:13:07.314] [bmv2] [D] [thread 70182] [8.0] [cxt 0] Table 'tbl_log_probe106': miss
t=0.008 sw=1 flow=0 pkt=8 | [12:13:07.314] [bmv2] [D] [thread 70182] [8.0] [cxt 0] Action entry is log_probe106 - 
t=0.008 sw=1 flow=0 pkt=8 | [12:13:07.314] [bmv2] [T] [thread 70182] [8.0] [cxt 0] Action log_probe106
t=0.008 sw=1 flow=0 pkt=8 | [12:13:07.314] [bmv2] [T] [thread 70182] [8.0] [cxt 0] log_probe.p4(106) Primitive shared_counters.read(n, 32w0)
t=0.008 sw=1 flow=0 pkt=8 | [12:13:07.314] [bmv2] [T] [thread 70182] [8.0] [cxt 0] Read register 'shared_counters' at index 0 read value 17
t=0.008 sw=1 flow=0 pkt=8 | [12:13:07.314] [bmv2] [T] [thread 70182] [8.0] [cxt 0] log_probe.p4(107) Primitive n + 1
t=0.008 sw=1 flow=0 pkt=8 | [12:13:07.314] [bmv2] [T] [thread 70182] [8.0] [cxt 0] log_probe.p4(107) Primitive shared_counters.write(32w0, n + 1)
t=0.008 sw=1 flow=0 pkt=8 | [12:13:07.314] [bmv2] [T] [thread 70182] [8.0] [cxt 0] Wrote register 'shared_counters' at index 0 with value 18
t=0.008 sw=1 flow=0 pkt=8 | [12:13:07.314] [bmv2] [T] [thread 70182] [8.0] [cxt 0] log_probe.p4(111) Primitive shared_counters.read(e, 32w1)
t=0.008 sw=1 flow=0 pkt=8 | [12:13:07.314] [bmv2] [T] [thread 70182] [8.0] [cxt 0] Read register 'shared_counters' at index 1 read value 8
t=0.008 sw=1 flow=0 pkt=8 | [12:13:07.314] [bmv2] [T] [thread 70182] [8.0] [cxt 0] log_probe.p4(112) Primitive e + 1
t=0.008 sw=1 flow=0 pkt=8 | [12:13:07.314] [bmv2] [T] [thread 70182] [8.0] [cxt 0] log_probe.p4(112) Primitive shared_counters.write(32w1, e + 1)
t=0.008 sw=1 flow=0 pkt=8 | [12:13:07.314] [bmv2] [T] [thread 70182] [8.0] [cxt 0] Wrote register 'shared_counters' at index 1 with value 9
t=0.008 sw=1 flow=0 pkt=8 | [12:13:07.314] [bmv2] [D] [thread 70182] [8.0] [cxt 0] Pipeline 'egress': end
t=0.008 sw=1 flow=0 pkt=8 | [12:13:07.314] [bmv2] [D] [thread 70182] [8.0] [cxt 0] Deparser 'deparser': start
t=0.008 sw=1 flow=0 pkt=8 | [12:13:07.314] [bmv2] [D] [thread 70182] [8.0] [cxt 0] Deparsing header 'ethernet'
t=0.008 sw=1 flow=0 pkt=8 | [12:13:07.314] [bmv2] [D] [thread 70182] [8.0] [cxt 0] Deparsing header 'ipv4'
t=0.008 sw=1 flow=0 pkt=8 | [12:13:07.314] [bmv2] [D] [thread 70182] [8.0] [cxt 0] Deparser 'deparser': end
t=0.009 sw=1 flow=1 pkt=9 | [12:13:07.314] [bmv2] [D] [thread 70182] [9.0] [cxt 0] Parser 'parser': start
t=0.009 sw=1 flow=1 pkt=9 | [12:13:07.314] [bmv2] [D] [thread 70182] [9.0] [cxt 0] Parser 'parser' entering state 'start'
t=0.009 sw=1 flow=1 pkt=9 | [12:13:07.314] [bmv2] [D] [thread 70182] [9.0] [cxt 0] Extracting header 'ethernet'
t=0.009 sw=1 flow=1 pkt=9 | [12:13:07.314] [bmv2] [D] [thread 70182] [9.0] [cxt 0] Parser state 'start': key is 0800
t=0.009 sw=1 flow=1 pkt=9 | [12:13:07.314] [bmv2] [T] [thread 70182] [9.0] [cxt 0] Bytes parsed: 14
t=0.009 sw=1 flow=1 pkt=9 | [12:13:07.314] [bmv2] [D] [thread 70182] [9.0] [cxt 0] Parser 'parser' entering state 'parse_ipv4'
t=0.009 sw=1 flow=1 pkt=9 | [12:13:07.314] [bmv2] [D] [thread 70182] [9.0] [cxt 0] Extracting header 'ipv4'
t=0.009 sw=1 flow=1 pkt=9 | [12:13:07.314] [bmv2] [D] [thread 70182] [9.0] [cxt 0] Parser state 'parse_ipv4' has no switch, going to default next state
t=0.009 sw=1 flow=1 pkt=9 | [12:13:07.314] [bmv2] [T] [thread 70182] [9.0] [cxt 0] Bytes parsed: 34
t=0.009 sw=1 flow=1 pkt=9 | [12:13:07.314] [bmv2] [D] [thread 70182] [9.0] [cxt 0] Parser 'parser': end
t=0.009 sw=1 flow=1 pkt=9 | [12:13:07.314] [bmv2] [D] [thread 70182] [9.0] [cxt 0] Pipeline 'ingress': start
t=0.009 sw=1 flow=1 pkt=9 | [12:13:07.314] [bmv2] [T] [thread 70182] [9.0] [cxt 0] log_probe.p4(87) Condition "hdr.ipv4.isValid()" (node_2) is true
t=0.009 sw=1 flow=1 pkt=9 | [12:13:07.314] [bmv2] [T] [thread 70182] [9.0] [cxt 0] Applying table 'tbl_log_probe89'
t=0.009 sw=1 flow=1 pkt=9 | [12:13:07.314] [bmv2] [D] [thread 70182] [9.0] [cxt 0] Looking up key:
t=0.009 sw=1 flow=1 pkt=9 | [12:13:07.314] [bmv2] [D] [thread 70182] [9.0] [cxt 0] Table 'tbl_log_probe89': miss
t=0.009 sw=1 flow=1 pkt=9 | [12:13:07.314] [bmv2] [D] [thread 70182] [9.0] [cxt 0] Action entry is log_probe89 - 
t=0.009 sw=1 flow=1 pkt=9 | [12:13:07.314] [bmv2] [T] [thread 70182] [9.0] [cxt 0] Action log_probe89
t=0.009 sw=1 flow=1 pkt=9 | [12:13:07.314] [bmv2] [T] [thread 70182] [9.0] [cxt 0] log_probe.p4(89) Primitive shared_counters.read(n, 32w0)
t=0.009 sw=1 flow=1 pkt=9 | [12:13:07.314] [bmv2] [T] [thread 70182] [9.0] [cxt 0] Read register 'shared_counters' at index 0 read value 18
t=0.009 sw=1 flow=1 pkt=9 | [12:13:07.314] [bmv2] [T] [thread 70182] [9.0] [cxt 0] log_probe.p4(90) Primitive n + 1
t=0.009 sw=1 flow=1 pkt=9 | [12:13:07.314] [bmv2] [T] [thread 70182] [9.0] [cxt 0] log_probe.p4(90) Primitive shared_counters.write(32w0, n + 1)
t=0.009 sw=1 flow=1 pkt=9 | [12:13:07.314] [bmv2] [T] [thread 70182] [9.0] [cxt 0] Wrote register 'shared_counters' at index 0 with value 19
t=0.009 sw=1 flow=1 pkt=9 | [12:13:07.314] [bmv2] [T] [thread 70182] [9.0] [cxt 0] log_probe.p4(93) Primitive hdr.ipv4.dstAddr
t=0.009 sw=1 flow=1 pkt=9 | [12:13:07.314] [bmv2] [T] [thread 70182] [9.0] [cxt 0] log_probe.p4(93) Primitive hdr.ipv4.ttl
t=0.009 sw=1 flow=1 pkt=9 | [12:13:07.314] [bmv2] [T] [thread 70182] [9.0] [cxt 0] log_probe.p4(93) Primitive n
t=0.009 sw=1 flow=1 pkt=9 | [12:13:07.314] [bmv2] [T] [thread 70182] [9.0] [cxt 0] log_probe.p4(92) Primitive             log_msg(\"INGRESS dst={} ttl={} counter={}\",
t=0.009 sw=1 flow=1 pkt=9 | [12:13:07.314] [bmv2] [I] [thread 70182] INGRESS dst=167837954 ttl=33 counter=18
t=0.009 sw=1 flow=1 pkt=9 | [12:13:07.314] [bmv2] [T] [thread 70182] [9.0] [cxt 0] Applying table 'MyIngress.ipv4_exact'
t=0.009 sw=1 flow=1 pkt=9 | [12:13:07.314] [bmv2] [D] [thread 70182] [9.0] [cxt 0] Looking up key:
t=0.009 sw=1 flow=1 pkt=9 | * hdr.ipv4.dstAddr    : 0a010102
t=0.009 sw=1 flow=1 pkt=9 | [12:13:07.314] [bmv2] [D] [thread 70182] [9.0] [cxt 0] Table 'MyIngress.ipv4_exact': hit with handle 1
t=0.009 sw=1 flow=1 pkt=9 | [12:13:07.314] [bmv2] [D] [thread 70182] [9.0] [cxt 0] Dumping entry 1
t=0.009 sw=1 flow=1 pkt=9 | Match key:
t=0.009 sw=1 flow=1 pkt=9 | * hdr.ipv4.dstAddr    : EXACT     0a010102
t=0.009 sw=1 flow=1 pkt=9 | Action entry: MyIngress.forward - 1,
t=0.009 sw=1 flow=1 pkt=9 | [12:13:07.315] [bmv2] [D] [thread 70182] [9.0] [cxt 0] Action entry is MyIngress.forward - 1,
t=0.009 sw=1 flow=1 pkt=9 | [12:13:07.315] [bmv2] [T] [thread 70182] [9.0] [cxt 0] Action MyIngress.forward
t=0.009 sw=1 flow=1 pkt=9 | [12:13:07.315] [bmv2] [T] [thread 70182] [9.0] [cxt 0] log_probe.p4(70) Primitive standard_metadata.egress_spec = port
t=0.009 sw=1 flow=1 pkt=9 | [12:13:07.315] [bmv2] [T] [thread 70182] [9.0] [cxt 0] log_probe.p4(71) Primitive hdr.ipv4.ttl = hdr.ipv4.ttl - 1
t=0.009 sw=1 flow=1 pkt=9 | [12:13:07.315] [bmv2] [T] [thread 70182] [9.0] [cxt 0] Applying table 'tbl_log_probe95'
t=0.009 sw=1 flow=1 pkt=9 | [12:13:07.315] [bmv2] [D] [thread 70182] [9.0] [cxt 0] Looking up key:
t=0.009 sw=1 flow=1 pkt=9 | [12:13:07.315] [bmv2] [D] [thread 70182] [9.0] [cxt 0] Table 'tbl_log_probe95': miss
t=0.009 sw=1 flow=1 pkt=9 | [12:13:07.315] [bmv2] [D] [thread 70182] [9.0] [cxt 0] Action entry is log_probe95 - 
t=0.009 sw=1 flow=1 pkt=9 | [12:13:07.315] [bmv2] [T] [thread 70182] [9.0] [cxt 0] Action log_probe95
t=0.009 sw=1 flow=1 pkt=9 | [12:13:07.315] [bmv2] [T] [thread 70182] [9.0] [cxt 0] log_probe.p4(95) Primitive             log_msg(\"INGRESS decided egress_spec={}\", {standard_metadata.egress_spec});
t=0.009 sw=1 flow=1 pkt=9 | [12:13:07.315] [bmv2] [T] [thread 70182] [9.0] [cxt 0] log_probe.p4(95) Primitive             log_msg(\"INGRESS decided egress_spec={}\", {standard_metadata.egress_spec});
t=0.009 sw=1 flow=1 pkt=9 | [12:13:07.315] [bmv2] [I] [thread 70182] INGRESS decided egress_spec=1
t=0.009 sw=1 flow=1 pkt=9 | [12:13:07.315] [bmv2] [D] [thread 70182] [9.0] [cxt 0] Pipeline 'ingress': end
t=0.009 sw=1 flow=1 pkt=9 | [12:13:07.315] [bmv2] [D] [thread 70182] [9.0] [cxt 0] Pipeline 'egress': start
t=0.009 sw=1 flow=1 pkt=9 | [12:13:07.315] [bmv2] [T] [thread 70182] [9.0] [cxt 0] log_probe.p4(103) Condition "hdr.ipv4.isValid()" (node_8) is true
t=0.009 sw=1 flow=1 pkt=9 | [12:13:07.315] [bmv2] [T] [thread 70182] [9.0] [cxt 0] Applying table 'tbl_log_probe106'
t=0.009 sw=1 flow=1 pkt=9 | [12:13:07.315] [bmv2] [D] [thread 70182] [9.0] [cxt 0] Looking up key:
t=0.009 sw=1 flow=1 pkt=9 | [12:13:07.315] [bmv2] [D] [thread 70182] [9.0] [cxt 0] Table 'tbl_log_probe106': miss
t=0.009 sw=1 flow=1 pkt=9 | [12:13:07.315] [bmv2] [D] [thread 70182] [9.0] [cxt 0] Action entry is log_probe106 - 
t=0.009 sw=1 flow=1 pkt=9 | [12:13:07.315] [bmv2] [T] [thread 70182] [9.0] [cxt 0] Action log_probe106
t=0.009 sw=1 flow=1 pkt=9 | [12:13:07.315] [bmv2] [T] [thread 70182] [9.0] [cxt 0] log_probe.p4(106) Primitive shared_counters.read(n, 32w0)
t=0.009 sw=1 flow=1 pkt=9 | [12:13:07.315] [bmv2] [T] [thread 70182] [9.0] [cxt 0] Read register 'shared_counters' at index 0 read value 19
t=0.009 sw=1 flow=1 pkt=9 | [12:13:07.315] [bmv2] [T] [thread 70182] [9.0] [cxt 0] log_probe.p4(107) Primitive n + 1
t=0.009 sw=1 flow=1 pkt=9 | [12:13:07.315] [bmv2] [T] [thread 70182] [9.0] [cxt 0] log_probe.p4(107) Primitive shared_counters.write(32w0, n + 1)
t=0.009 sw=1 flow=1 pkt=9 | [12:13:07.315] [bmv2] [T] [thread 70182] [9.0] [cxt 0] Wrote register 'shared_counters' at index 0 with value 20
t=0.009 sw=1 flow=1 pkt=9 | [12:13:07.315] [bmv2] [T] [thread 70182] [9.0] [cxt 0] log_probe.p4(111) Primitive shared_counters.read(e, 32w1)
t=0.009 sw=1 flow=1 pkt=9 | [12:13:07.315] [bmv2] [T] [thread 70182] [9.0] [cxt 0] Read register 'shared_counters' at index 1 read value 9
t=0.009 sw=1 flow=1 pkt=9 | [12:13:07.315] [bmv2] [T] [thread 70182] [9.0] [cxt 0] log_probe.p4(112) Primitive e + 1
t=0.009 sw=1 flow=1 pkt=9 | [12:13:07.315] [bmv2] [T] [thread 70182] [9.0] [cxt 0] log_probe.p4(112) Primitive shared_counters.write(32w1, e + 1)
t=0.009 sw=1 flow=1 pkt=9 | [12:13:07.315] [bmv2] [T] [thread 70182] [9.0] [cxt 0] Wrote register 'shared_counters' at index 1 with value 10
t=0.009 sw=1 flow=1 pkt=9 | [12:13:07.315] [bmv2] [D] [thread 70182] [9.0] [cxt 0] Pipeline 'egress': end
t=0.009 sw=1 flow=1 pkt=9 | [12:13:07.315] [bmv2] [D] [thread 70182] [9.0] [cxt 0] Deparser 'deparser': start
t=0.009 sw=1 flow=1 pkt=9 | [12:13:07.315] [bmv2] [D] [thread 70182] [9.0] [cxt 0] Deparsing header 'ethernet'
t=0.009 sw=1 flow=1 pkt=9 | [12:13:07.315] [bmv2] [D] [thread 70182] [9.0] [cxt 0] Deparsing header 'ipv4'
t=0.009 sw=1 flow=1 pkt=9 | [12:13:07.315] [bmv2] [D] [thread 70182] [9.0] [cxt 0] Deparser 'deparser': end
t=0.01 sw=1 flow=0 pkt=10 | [12:13:07.315] [bmv2] [D] [thread 70182] [10.0] [cxt 0] Parser 'parser': start
t=0.01 sw=1 flow=0 pkt=10 | [12:13:07.315] [bmv2] [D] [thread 70182] [10.0] [cxt 0] Parser 'parser' entering state 'start'
t=0.01 sw=1 flow=0 pkt=10 | [12:13:07.315] [bmv2] [D] [thread 70182] [10.0] [cxt 0] Extracting header 'ethernet'
t=0.01 sw=1 flow=0 pkt=10 | [12:13:07.315] [bmv2] [D] [thread 70182] [10.0] [cxt 0] Parser state 'start': key is 0800
t=0.01 sw=1 flow=0 pkt=10 | [12:13:07.315] [bmv2] [T] [thread 70182] [10.0] [cxt 0] Bytes parsed: 14
t=0.01 sw=1 flow=0 pkt=10 | [12:13:07.315] [bmv2] [D] [thread 70182] [10.0] [cxt 0] Parser 'parser' entering state 'parse_ipv4'
t=0.01 sw=1 flow=0 pkt=10 | [12:13:07.315] [bmv2] [D] [thread 70182] [10.0] [cxt 0] Extracting header 'ipv4'
t=0.01 sw=1 flow=0 pkt=10 | [12:13:07.315] [bmv2] [D] [thread 70182] [10.0] [cxt 0] Parser state 'parse_ipv4' has no switch, going to default next state
t=0.01 sw=1 flow=0 pkt=10 | [12:13:07.315] [bmv2] [T] [thread 70182] [10.0] [cxt 0] Bytes parsed: 34
t=0.01 sw=1 flow=0 pkt=10 | [12:13:07.315] [bmv2] [D] [thread 70182] [10.0] [cxt 0] Parser 'parser': end
t=0.01 sw=1 flow=0 pkt=10 | [12:13:07.315] [bmv2] [D] [thread 70182] [10.0] [cxt 0] Pipeline 'ingress': start
t=0.01 sw=1 flow=0 pkt=10 | [12:13:07.315] [bmv2] [T] [thread 70182] [10.0] [cxt 0] log_probe.p4(87) Condition "hdr.ipv4.isValid()" (node_2) is true
t=0.01 sw=1 flow=0 pkt=10 | [12:13:07.315] [bmv2] [T] [thread 70182] [10.0] [cxt 0] Applying table 'tbl_log_probe89'
t=0.01 sw=1 flow=0 pkt=10 | [12:13:07.315] [bmv2] [D] [thread 70182] [10.0] [cxt 0] Looking up key:
t=0.01 sw=1 flow=0 pkt=10 | [12:13:07.315] [bmv2] [D] [thread 70182] [10.0] [cxt 0] Table 'tbl_log_probe89': miss
t=0.01 sw=1 flow=0 pkt=10 | [12:13:07.315] [bmv2] [D] [thread 70182] [10.0] [cxt 0] Action entry is log_probe89 - 
t=0.01 sw=1 flow=0 pkt=10 | [12:13:07.315] [bmv2] [T] [thread 70182] [10.0] [cxt 0] Action log_probe89
t=0.01 sw=1 flow=0 pkt=10 | [12:13:07.315] [bmv2] [T] [thread 70182] [10.0] [cxt 0] log_probe.p4(89) Primitive shared_counters.read(n, 32w0)
t=0.01 sw=1 flow=0 pkt=10 | [12:13:07.315] [bmv2] [T] [thread 70182] [10.0] [cxt 0] Read register 'shared_counters' at index 0 read value 20
t=0.01 sw=1 flow=0 pkt=10 | [12:13:07.315] [bmv2] [T] [thread 70182] [10.0] [cxt 0] log_probe.p4(90) Primitive n + 1
t=0.01 sw=1 flow=0 pkt=10 | [12:13:07.315] [bmv2] [T] [thread 70182] [10.0] [cxt 0] log_probe.p4(90) Primitive shared_counters.write(32w0, n + 1)
t=0.01 sw=1 flow=0 pkt=10 | [12:13:07.315] [bmv2] [T] [thread 70182] [10.0] [cxt 0] Wrote register 'shared_counters' at index 0 with value 21
t=0.01 sw=1 flow=0 pkt=10 | [12:13:07.315] [bmv2] [T] [thread 70182] [10.0] [cxt 0] log_probe.p4(93) Primitive hdr.ipv4.dstAddr
t=0.01 sw=1 flow=0 pkt=10 | [12:13:07.315] [bmv2] [T] [thread 70182] [10.0] [cxt 0] log_probe.p4(93) Primitive hdr.ipv4.ttl
t=0.01 sw=1 flow=0 pkt=10 | [12:13:07.316] [bmv2] [T] [thread 70182] [10.0] [cxt 0] log_probe.p4(93) Primitive n
t=0.01 sw=1 flow=0 pkt=10 | [12:13:07.316] [bmv2] [T] [thread 70182] [10.0] [cxt 0] log_probe.p4(92) Primitive             log_msg(\"INGRESS dst={} ttl={} counter={}\",
t=0.01 sw=1 flow=0 pkt=10 | [12:13:07.316] [bmv2] [I] [thread 70182] INGRESS dst=167837953 ttl=34 counter=20
t=0.01 sw=1 flow=0 pkt=10 | [12:13:07.316] [bmv2] [T] [thread 70182] [10.0] [cxt 0] Applying table 'MyIngress.ipv4_exact'
t=0.01 sw=1 flow=0 pkt=10 | [12:13:07.316] [bmv2] [D] [thread 70182] [10.0] [cxt 0] Looking up key:
t=0.01 sw=1 flow=0 pkt=10 | * hdr.ipv4.dstAddr    : 0a010101
t=0.01 sw=1 flow=0 pkt=10 | [12:13:07.316] [bmv2] [D] [thread 70182] [10.0] [cxt 0] Table 'MyIngress.ipv4_exact': hit with handle 0
t=0.01 sw=1 flow=0 pkt=10 | [12:13:07.316] [bmv2] [D] [thread 70182] [10.0] [cxt 0] Dumping entry 0
t=0.01 sw=1 flow=0 pkt=10 | Match key:
t=0.01 sw=1 flow=0 pkt=10 | * hdr.ipv4.dstAddr    : EXACT     0a010101
t=0.01 sw=1 flow=0 pkt=10 | Action entry: MyIngress.forward - 0,
t=0.01 sw=1 flow=0 pkt=10 | [12:13:07.316] [bmv2] [D] [thread 70182] [10.0] [cxt 0] Action entry is MyIngress.forward - 0,
t=0.01 sw=1 flow=0 pkt=10 | [12:13:07.316] [bmv2] [T] [thread 70182] [10.0] [cxt 0] Action MyIngress.forward
t=0.01 sw=1 flow=0 pkt=10 | [12:13:07.316] [bmv2] [T] [thread 70182] [10.0] [cxt 0] log_probe.p4(70) Primitive standard_metadata.egress_spec = port
t=0.01 sw=1 flow=0 pkt=10 | [12:13:07.316] [bmv2] [T] [thread 70182] [10.0] [cxt 0] log_probe.p4(71) Primitive hdr.ipv4.ttl = hdr.ipv4.ttl - 1
t=0.01 sw=1 flow=0 pkt=10 | [12:13:07.316] [bmv2] [T] [thread 70182] [10.0] [cxt 0] Applying table 'tbl_log_probe95'
t=0.01 sw=1 flow=0 pkt=10 | [12:13:07.316] [bmv2] [D] [thread 70182] [10.0] [cxt 0] Looking up key:
t=0.01 sw=1 flow=0 pkt=10 | [12:13:07.316] [bmv2] [D] [thread 70182] [10.0] [cxt 0] Table 'tbl_log_probe95': miss
t=0.01 sw=1 flow=0 pkt=10 | [12:13:07.316] [bmv2] [D] [thread 70182] [10.0] [cxt 0] Action entry is log_probe95 - 
t=0.01 sw=1 flow=0 pkt=10 | [12:13:07.316] [bmv2] [T] [thread 70182] [10.0] [cxt 0] Action log_probe95
t=0.01 sw=1 flow=0 pkt=10 | [12:13:07.316] [bmv2] [T] [thread 70182] [10.0] [cxt 0] log_probe.p4(95) Primitive             log_msg(\"INGRESS decided egress_spec={}\", {standard_metadata.egress_spec});
t=0.01 sw=1 flow=0 pkt=10 | [12:13:07.316] [bmv2] [T] [thread 70182] [10.0] [cxt 0] log_probe.p4(95) Primitive             log_msg(\"INGRESS decided egress_spec={}\", {standard_metadata.egress_spec});
t=0.01 sw=1 flow=0 pkt=10 | [12:13:07.316] [bmv2] [I] [thread 70182] INGRESS decided egress_spec=0
t=0.01 sw=1 flow=0 pkt=10 | [12:13:07.316] [bmv2] [D] [thread 70182] [10.0] [cxt 0] Pipeline 'ingress': end
t=0.01 sw=1 flow=0 pkt=10 | [12:13:07.316] [bmv2] [D] [thread 70182] [10.0] [cxt 0] Pipeline 'egress': start
t=0.01 sw=1 flow=0 pkt=10 | [12:13:07.316] [bmv2] [T] [thread 70182] [10.0] [cxt 0] log_probe.p4(103) Condition "hdr.ipv4.isValid()" (node_8) is true
t=0.01 sw=1 flow=0 pkt=10 | [12:13:07.316] [bmv2] [T] [thread 70182] [10.0] [cxt 0] Applying table 'tbl_log_probe106'
t=0.01 sw=1 flow=0 pkt=10 | [12:13:07.316] [bmv2] [D] [thread 70182] [10.0] [cxt 0] Looking up key:
t=0.01 sw=1 flow=0 pkt=10 | [12:13:07.316] [bmv2] [D] [thread 70182] [10.0] [cxt 0] Table 'tbl_log_probe106': miss
t=0.01 sw=1 flow=0 pkt=10 | [12:13:07.316] [bmv2] [D] [thread 70182] [10.0] [cxt 0] Action entry is log_probe106 - 
t=0.01 sw=1 flow=0 pkt=10 | [12:13:07.316] [bmv2] [T] [thread 70182] [10.0] [cxt 0] Action log_probe106
t=0.01 sw=1 flow=0 pkt=10 | [12:13:07.316] [bmv2] [T] [thread 70182] [10.0] [cxt 0] log_probe.p4(106) Primitive shared_counters.read(n, 32w0)
t=0.01 sw=1 flow=0 pkt=10 | [12:13:07.316] [bmv2] [T] [thread 70182] [10.0] [cxt 0] Read register 'shared_counters' at index 0 read value 21
t=0.01 sw=1 flow=0 pkt=10 | [12:13:07.316] [bmv2] [T] [thread 70182] [10.0] [cxt 0] log_probe.p4(107) Primitive n + 1
t=0.01 sw=1 flow=0 pkt=10 | [12:13:07.316] [bmv2] [T] [thread 70182] [10.0] [cxt 0] log_probe.p4(107) Primitive shared_counters.write(32w0, n + 1)
t=0.01 sw=1 flow=0 pkt=10 | [12:13:07.316] [bmv2] [T] [thread 70182] [10.0] [cxt 0] Wrote register 'shared_counters' at index 0 with value 22
t=0.01 sw=1 flow=0 pkt=10 | [12:13:07.316] [bmv2] [T] [thread 70182] [10.0] [cxt 0] log_probe.p4(111) Primitive shared_counters.read(e, 32w1)
t=0.01 sw=1 flow=0 pkt=10 | [12:13:07.316] [bmv2] [T] [thread 70182] [10.0] [cxt 0] Read register 'shared_counters' at index 1 read value 10
t=0.01 sw=1 flow=0 pkt=10 | [12:13:07.316] [bmv2] [T] [thread 70182] [10.0] [cxt 0] log_probe.p4(112) Primitive e + 1
t=0.01 sw=1 flow=0 pkt=10 | [12:13:07.316] [bmv2] [T] [thread 70182] [10.0] [cxt 0] log_probe.p4(112) Primitive shared_counters.write(32w1, e + 1)
t=0.01 sw=1 flow=0 pkt=10 | [12:13:07.316] [bmv2] [T] [thread 70182] [10.0] [cxt 0] Wrote register 'shared_counters' at index 1 with value 11
t=0.01 sw=1 flow=0 pkt=10 | [12:13:07.316] [bmv2] [D] [thread 70182] [10.0] [cxt 0] Pipeline 'egress': end
t=0.01 sw=1 flow=0 pkt=10 | [12:13:07.316] [bmv2] [D] [thread 70182] [10.0] [cxt 0] Deparser 'deparser': start
t=0.01 sw=1 flow=0 pkt=10 | [12:13:07.316] [bmv2] [D] [thread 70182] [10.0] [cxt 0] Deparsing header 'ethernet'
t=0.01 sw=1 flow=0 pkt=10 | [12:13:07.316] [bmv2] [D] [thread 70182] [10.0] [cxt 0] Deparsing header 'ipv4'
t=0.01 sw=1 flow=0 pkt=10 | [12:13:07.316] [bmv2] [D] [thread 70182] [10.0] [cxt 0] Deparser 'deparser': end
t=0.011 sw=1 flow=1 pkt=11 | [12:13:07.316] [bmv2] [D] [thread 70182] [11.0] [cxt 0] Parser 'parser': start
t=0.011 sw=1 flow=1 pkt=11 | [12:13:07.316] [bmv2] [D] [thread 70182] [11.0] [cxt 0] Parser 'parser' entering state 'start'
t=0.011 sw=1 flow=1 pkt=11 | [12:13:07.316] [bmv2] [D] [thread 70182] [11.0] [cxt 0] Extracting header 'ethernet'
t=0.011 sw=1 flow=1 pkt=11 | [12:13:07.316] [bmv2] [D] [thread 70182] [11.0] [cxt 0] Parser state 'start': key is 0800
t=0.011 sw=1 flow=1 pkt=11 | [12:13:07.316] [bmv2] [T] [thread 70182] [11.0] [cxt 0] Bytes parsed: 14
t=0.011 sw=1 flow=1 pkt=11 | [12:13:07.316] [bmv2] [D] [thread 70182] [11.0] [cxt 0] Parser 'parser' entering state 'parse_ipv4'
t=0.011 sw=1 flow=1 pkt=11 | [12:13:07.316] [bmv2] [D] [thread 70182] [11.0] [cxt 0] Extracting header 'ipv4'
t=0.011 sw=1 flow=1 pkt=11 | [12:13:07.316] [bmv2] [D] [thread 70182] [11.0] [cxt 0] Parser state 'parse_ipv4' has no switch, going to default next state
t=0.011 sw=1 flow=1 pkt=11 | [12:13:07.316] [bmv2] [T] [thread 70182] [11.0] [cxt 0] Bytes parsed: 34
t=0.011 sw=1 flow=1 pkt=11 | [12:13:07.316] [bmv2] [D] [thread 70182] [11.0] [cxt 0] Parser 'parser': end
t=0.011 sw=1 flow=1 pkt=11 | [12:13:07.316] [bmv2] [D] [thread 70182] [11.0] [cxt 0] Pipeline 'ingress': start
t=0.011 sw=1 flow=1 pkt=11 | [12:13:07.316] [bmv2] [T] [thread 70182] [11.0] [cxt 0] log_probe.p4(87) Condition "hdr.ipv4.isValid()" (node_2) is true
t=0.011 sw=1 flow=1 pkt=11 | [12:13:07.316] [bmv2] [T] [thread 70182] [11.0] [cxt 0] Applying table 'tbl_log_probe89'
t=0.011 sw=1 flow=1 pkt=11 | [12:13:07.316] [bmv2] [D] [thread 70182] [11.0] [cxt 0] Looking up key:
t=0.011 sw=1 flow=1 pkt=11 | [12:13:07.316] [bmv2] [D] [thread 70182] [11.0] [cxt 0] Table 'tbl_log_probe89': miss
t=0.011 sw=1 flow=1 pkt=11 | [12:13:07.316] [bmv2] [D] [thread 70182] [11.0] [cxt 0] Action entry is log_probe89 - 
t=0.011 sw=1 flow=1 pkt=11 | [12:13:07.316] [bmv2] [T] [thread 70182] [11.0] [cxt 0] Action log_probe89
t=0.011 sw=1 flow=1 pkt=11 | [12:13:07.316] [bmv2] [T] [thread 70182] [11.0] [cxt 0] log_probe.p4(89) Primitive shared_counters.read(n, 32w0)
t=0.011 sw=1 flow=1 pkt=11 | [12:13:07.316] [bmv2] [T] [thread 70182] [11.0] [cxt 0] Read register 'shared_counters' at index 0 read value 22
t=0.011 sw=1 flow=1 pkt=11 | [12:13:07.316] [bmv2] [T] [thread 70182] [11.0] [cxt 0] log_probe.p4(90) Primitive n + 1
t=0.011 sw=1 flow=1 pkt=11 | [12:13:07.316] [bmv2] [T] [thread 70182] [11.0] [cxt 0] log_probe.p4(90) Primitive shared_counters.write(32w0, n + 1)
t=0.011 sw=1 flow=1 pkt=11 | [12:13:07.316] [bmv2] [T] [thread 70182] [11.0] [cxt 0] Wrote register 'shared_counters' at index 0 with value 23
t=0.011 sw=1 flow=1 pkt=11 | [12:13:07.316] [bmv2] [T] [thread 70182] [11.0] [cxt 0] log_probe.p4(93) Primitive hdr.ipv4.dstAddr
t=0.011 sw=1 flow=1 pkt=11 | [12:13:07.316] [bmv2] [T] [thread 70182] [11.0] [cxt 0] log_probe.p4(93) Primitive hdr.ipv4.ttl
t=0.011 sw=1 flow=1 pkt=11 | [12:13:07.316] [bmv2] [T] [thread 70182] [11.0] [cxt 0] log_probe.p4(93) Primitive n
t=0.011 sw=1 flow=1 pkt=11 | [12:13:07.316] [bmv2] [T] [thread 70182] [11.0] [cxt 0] log_probe.p4(92) Primitive             log_msg(\"INGRESS dst={} ttl={} counter={}\",
t=0.011 sw=1 flow=1 pkt=11 | [12:13:07.316] [bmv2] [I] [thread 70182] INGRESS dst=167837954 ttl=35 counter=22
t=0.011 sw=1 flow=1 pkt=11 | [12:13:07.316] [bmv2] [T] [thread 70182] [11.0] [cxt 0] Applying table 'MyIngress.ipv4_exact'
t=0.011 sw=1 flow=1 pkt=11 | [12:13:07.316] [bmv2] [D] [thread 70182] [11.0] [cxt 0] Looking up key:
t=0.011 sw=1 flow=1 pkt=11 | * hdr.ipv4.dstAddr    : 0a010102
t=0.011 sw=1 flow=1 pkt=11 | [12:13:07.316] [bmv2] [D] [thread 70182] [11.0] [cxt 0] Table 'MyIngress.ipv4_exact': hit with handle 1
t=0.011 sw=1 flow=1 pkt=11 | [12:13:07.316] [bmv2] [D] [thread 70182] [11.0] [cxt 0] Dumping entry 1
t=0.011 sw=1 flow=1 pkt=11 | Match key:
t=0.011 sw=1 flow=1 pkt=11 | * hdr.ipv4.dstAddr    : EXACT     0a010102
t=0.011 sw=1 flow=1 pkt=11 | Action entry: MyIngress.forward - 1,
t=0.011 sw=1 flow=1 pkt=11 | [12:13:07.316] [bmv2] [D] [thread 70182] [11.0] [cxt 0] Action entry is MyIngress.forward - 1,
t=0.011 sw=1 flow=1 pkt=11 | [12:13:07.316] [bmv2] [T] [thread 70182] [11.0] [cxt 0] Action MyIngress.forward
t=0.011 sw=1 flow=1 pkt=11 | [12:13:07.316] [bmv2] [T] [thread 70182] [11.0] [cxt 0] log_probe.p4(70) Primitive standard_metadata.egress_spec = port
t=0.011 sw=1 flow=1 pkt=11 | [12:13:07.316] [bmv2] [T] [thread 70182] [11.0] [cxt 0] log_probe.p4(71) Primitive hdr.ipv4.ttl = hdr.ipv4.ttl - 1
t=0.011 sw=1 flow=1 pkt=11 | [12:13:07.316] [bmv2] [T] [thread 70182] [11.0] [cxt 0] Applying table 'tbl_log_probe95'
t=0.011 sw=1 flow=1 pkt=11 | [12:13:07.316] [bmv2] [D] [thread 70182] [11.0] [cxt 0] Looking up key:
t=0.011 sw=1 flow=1 pkt=11 | [12:13:07.316] [bmv2] [D] [thread 70182] [11.0] [cxt 0] Table 'tbl_log_probe95': miss
t=0.011 sw=1 flow=1 pkt=11 | [12:13:07.316] [bmv2] [D] [thread 70182] [11.0] [cxt 0] Action entry is log_probe95 - 
t=0.011 sw=1 flow=1 pkt=11 | [12:13:07.316] [bmv2] [T] [thread 70182] [11.0] [cxt 0] Action log_probe95
t=0.011 sw=1 flow=1 pkt=11 | [12:13:07.316] [bmv2] [T] [thread 70182] [11.0] [cxt 0] log_probe.p4(95) Primitive             log_msg(\"INGRESS decided egress_spec={}\", {standard_metadata.egress_spec});
t=0.011 sw=1 flow=1 pkt=11 | [12:13:07.316] [bmv2] [T] [thread 70182] [11.0] [cxt 0] log_probe.p4(95) Primitive             log_msg(\"INGRESS decided egress_spec={}\", {standard_metadata.egress_spec});
t=0.011 sw=1 flow=1 pkt=11 | [12:13:07.317] [bmv2] [I] [thread 70182] INGRESS decided egress_spec=1
t=0.011 sw=1 flow=1 pkt=11 | [12:13:07.317] [bmv2] [D] [thread 70182] [11.0] [cxt 0] Pipeline 'ingress': end
t=0.011 sw=1 flow=1 pkt=11 | [12:13:07.317] [bmv2] [D] [thread 70182] [11.0] [cxt 0] Pipeline 'egress': start
t=0.011 sw=1 flow=1 pkt=11 | [12:13:07.317] [bmv2] [T] [thread 70182] [11.0] [cxt 0] log_probe.p4(103) Condition "hdr.ipv4.isValid()" (node_8) is true
t=0.011 sw=1 flow=1 pkt=11 | [12:13:07.317] [bmv2] [T] [thread 70182] [11.0] [cxt 0] Applying table 'tbl_log_probe106'
t=0.011 sw=1 flow=1 pkt=11 | [12:13:07.317] [bmv2] [D] [thread 70182] [11.0] [cxt 0] Looking up key:
t=0.011 sw=1 flow=1 pkt=11 | [12:13:07.317] [bmv2] [D] [thread 70182] [11.0] [cxt 0] Table 'tbl_log_probe106': miss
t=0.011 sw=1 flow=1 pkt=11 | [12:13:07.317] [bmv2] [D] [thread 70182] [11.0] [cxt 0] Action entry is log_probe106 - 
t=0.011 sw=1 flow=1 pkt=11 | [12:13:07.317] [bmv2] [T] [thread 70182] [11.0] [cxt 0] Action log_probe106
t=0.011 sw=1 flow=1 pkt=11 | [12:13:07.317] [bmv2] [T] [thread 70182] [11.0] [cxt 0] log_probe.p4(106) Primitive shared_counters.read(n, 32w0)
t=0.011 sw=1 flow=1 pkt=11 | [12:13:07.317] [bmv2] [T] [thread 70182] [11.0] [cxt 0] Read register 'shared_counters' at index 0 read value 23
t=0.011 sw=1 flow=1 pkt=11 | [12:13:07.317] [bmv2] [T] [thread 70182] [11.0] [cxt 0] log_probe.p4(107) Primitive n + 1
t=0.011 sw=1 flow=1 pkt=11 | [12:13:07.317] [bmv2] [T] [thread 70182] [11.0] [cxt 0] log_probe.p4(107) Primitive shared_counters.write(32w0, n + 1)
t=0.011 sw=1 flow=1 pkt=11 | [12:13:07.317] [bmv2] [T] [thread 70182] [11.0] [cxt 0] Wrote register 'shared_counters' at index 0 with value 24
t=0.011 sw=1 flow=1 pkt=11 | [12:13:07.317] [bmv2] [T] [thread 70182] [11.0] [cxt 0] log_probe.p4(111) Primitive shared_counters.read(e, 32w1)
t=0.011 sw=1 flow=1 pkt=11 | [12:13:07.317] [bmv2] [T] [thread 70182] [11.0] [cxt 0] Read register 'shared_counters' at index 1 read value 11
t=0.011 sw=1 flow=1 pkt=11 | [12:13:07.317] [bmv2] [T] [thread 70182] [11.0] [cxt 0] log_probe.p4(112) Primitive e + 1
t=0.011 sw=1 flow=1 pkt=11 | [12:13:07.317] [bmv2] [T] [thread 70182] [11.0] [cxt 0] log_probe.p4(112) Primitive shared_counters.write(32w1, e + 1)
t=0.011 sw=1 flow=1 pkt=11 | [12:13:07.317] [bmv2] [T] [thread 70182] [11.0] [cxt 0] Wrote register 'shared_counters' at index 1 with value 12
t=0.011 sw=1 flow=1 pkt=11 | [12:13:07.317] [bmv2] [D] [thread 70182] [11.0] [cxt 0] Pipeline 'egress': end
t=0.011 sw=1 flow=1 pkt=11 | [12:13:07.317] [bmv2] [D] [thread 70182] [11.0] [cxt 0] Deparser 'deparser': start
t=0.011 sw=1 flow=1 pkt=11 | [12:13:07.317] [bmv2] [D] [thread 70182] [11.0] [cxt 0] Deparsing header 'ethernet'
t=0.011 sw=1 flow=1 pkt=11 | [12:13:07.317] [bmv2] [D] [thread 70182] [11.0] [cxt 0] Deparsing header 'ipv4'
t=0.011 sw=1 flow=1 pkt=11 | [12:13:07.317] [bmv2] [D] [thread 70182] [11.0] [cxt 0] Deparser 'deparser': end
t=0.012 sw=1 flow=0 pkt=12 | [12:13:07.317] [bmv2] [D] [thread 70182] [12.0] [cxt 0] Parser 'parser': start
t=0.012 sw=1 flow=0 pkt=12 | [12:13:07.317] [bmv2] [D] [thread 70182] [12.0] [cxt 0] Parser 'parser' entering state 'start'
t=0.012 sw=1 flow=0 pkt=12 | [12:13:07.317] [bmv2] [D] [thread 70182] [12.0] [cxt 0] Extracting header 'ethernet'
t=0.012 sw=1 flow=0 pkt=12 | [12:13:07.317] [bmv2] [D] [thread 70182] [12.0] [cxt 0] Parser state 'start': key is 0800
t=0.012 sw=1 flow=0 pkt=12 | [12:13:07.317] [bmv2] [T] [thread 70182] [12.0] [cxt 0] Bytes parsed: 14
t=0.012 sw=1 flow=0 pkt=12 | [12:13:07.317] [bmv2] [D] [thread 70182] [12.0] [cxt 0] Parser 'parser' entering state 'parse_ipv4'
t=0.012 sw=1 flow=0 pkt=12 | [12:13:07.317] [bmv2] [D] [thread 70182] [12.0] [cxt 0] Extracting header 'ipv4'
t=0.012 sw=1 flow=0 pkt=12 | [12:13:07.317] [bmv2] [D] [thread 70182] [12.0] [cxt 0] Parser state 'parse_ipv4' has no switch, going to default next state
t=0.012 sw=1 flow=0 pkt=12 | [12:13:07.317] [bmv2] [T] [thread 70182] [12.0] [cxt 0] Bytes parsed: 34
t=0.012 sw=1 flow=0 pkt=12 | [12:13:07.317] [bmv2] [D] [thread 70182] [12.0] [cxt 0] Parser 'parser': end
t=0.012 sw=1 flow=0 pkt=12 | [12:13:07.317] [bmv2] [D] [thread 70182] [12.0] [cxt 0] Pipeline 'ingress': start
t=0.012 sw=1 flow=0 pkt=12 | [12:13:07.317] [bmv2] [T] [thread 70182] [12.0] [cxt 0] log_probe.p4(87) Condition "hdr.ipv4.isValid()" (node_2) is true
t=0.012 sw=1 flow=0 pkt=12 | [12:13:07.317] [bmv2] [T] [thread 70182] [12.0] [cxt 0] Applying table 'tbl_log_probe89'
t=0.012 sw=1 flow=0 pkt=12 | [12:13:07.317] [bmv2] [D] [thread 70182] [12.0] [cxt 0] Looking up key:
t=0.012 sw=1 flow=0 pkt=12 | [12:13:07.317] [bmv2] [D] [thread 70182] [12.0] [cxt 0] Table 'tbl_log_probe89': miss
t=0.012 sw=1 flow=0 pkt=12 | [12:13:07.317] [bmv2] [D] [thread 70182] [12.0] [cxt 0] Action entry is log_probe89 - 
t=0.012 sw=1 flow=0 pkt=12 | [12:13:07.317] [bmv2] [T] [thread 70182] [12.0] [cxt 0] Action log_probe89
t=0.012 sw=1 flow=0 pkt=12 | [12:13:07.317] [bmv2] [T] [thread 70182] [12.0] [cxt 0] log_probe.p4(89) Primitive shared_counters.read(n, 32w0)
t=0.012 sw=1 flow=0 pkt=12 | [12:13:07.317] [bmv2] [T] [thread 70182] [12.0] [cxt 0] Read register 'shared_counters' at index 0 read value 24
t=0.012 sw=1 flow=0 pkt=12 | [12:13:07.317] [bmv2] [T] [thread 70182] [12.0] [cxt 0] log_probe.p4(90) Primitive n + 1
t=0.012 sw=1 flow=0 pkt=12 | [12:13:07.317] [bmv2] [T] [thread 70182] [12.0] [cxt 0] log_probe.p4(90) Primitive shared_counters.write(32w0, n + 1)
t=0.012 sw=1 flow=0 pkt=12 | [12:13:07.317] [bmv2] [T] [thread 70182] [12.0] [cxt 0] Wrote register 'shared_counters' at index 0 with value 25
t=0.012 sw=1 flow=0 pkt=12 | [12:13:07.317] [bmv2] [T] [thread 70182] [12.0] [cxt 0] log_probe.p4(93) Primitive hdr.ipv4.dstAddr
t=0.012 sw=1 flow=0 pkt=12 | [12:13:07.317] [bmv2] [T] [thread 70182] [12.0] [cxt 0] log_probe.p4(93) Primitive hdr.ipv4.ttl
t=0.012 sw=1 flow=0 pkt=12 | [12:13:07.317] [bmv2] [T] [thread 70182] [12.0] [cxt 0] log_probe.p4(93) Primitive n
t=0.012 sw=1 flow=0 pkt=12 | [12:13:07.317] [bmv2] [T] [thread 70182] [12.0] [cxt 0] log_probe.p4(92) Primitive             log_msg(\"INGRESS dst={} ttl={} counter={}\",
t=0.012 sw=1 flow=0 pkt=12 | [12:13:07.317] [bmv2] [I] [thread 70182] INGRESS dst=167837953 ttl=36 counter=24
t=0.012 sw=1 flow=0 pkt=12 | [12:13:07.317] [bmv2] [T] [thread 70182] [12.0] [cxt 0] Applying table 'MyIngress.ipv4_exact'
t=0.012 sw=1 flow=0 pkt=12 | [12:13:07.317] [bmv2] [D] [thread 70182] [12.0] [cxt 0] Looking up key:
t=0.012 sw=1 flow=0 pkt=12 | * hdr.ipv4.dstAddr    : 0a010101
t=0.012 sw=1 flow=0 pkt=12 | [12:13:07.317] [bmv2] [D] [thread 70182] [12.0] [cxt 0] Table 'MyIngress.ipv4_exact': hit with handle 0
t=0.012 sw=1 flow=0 pkt=12 | [12:13:07.317] [bmv2] [D] [thread 70182] [12.0] [cxt 0] Dumping entry 0
t=0.012 sw=1 flow=0 pkt=12 | Match key:
t=0.012 sw=1 flow=0 pkt=12 | * hdr.ipv4.dstAddr    : EXACT     0a010101
t=0.012 sw=1 flow=0 pkt=12 | Action entry: MyIngress.forward - 0,
t=0.012 sw=1 flow=0 pkt=12 | [12:13:07.317] [bmv2] [D] [thread 70182] [12.0] [cxt 0] Action entry is MyIngress.forward - 0,
t=0.012 sw=1 flow=0 pkt=12 | [12:13:07.318] [bmv2] [T] [thread 70182] [12.0] [cxt 0] Action MyIngress.forward
t=0.012 sw=1 flow=0 pkt=12 | [12:13:07.318] [bmv2] [T] [thread 70182] [12.0] [cxt 0] log_probe.p4(70) Primitive standard_metadata.egress_spec = port
t=0.012 sw=1 flow=0 pkt=12 | [12:13:07.318] [bmv2] [T] [thread 70182] [12.0] [cxt 0] log_probe.p4(71) Primitive hdr.ipv4.ttl = hdr.ipv4.ttl - 1
t=0.012 sw=1 flow=0 pkt=12 | [12:13:07.318] [bmv2] [T] [thread 70182] [12.0] [cxt 0] Applying table 'tbl_log_probe95'
t=0.012 sw=1 flow=0 pkt=12 | [12:13:07.318] [bmv2] [D] [thread 70182] [12.0] [cxt 0] Looking up key:
t=0.012 sw=1 flow=0 pkt=12 | [12:13:07.318] [bmv2] [D] [thread 70182] [12.0] [cxt 0] Table 'tbl_log_probe95': miss
t=0.012 sw=1 flow=0 pkt=12 | [12:13:07.318] [bmv2] [D] [thread 70182] [12.0] [cxt 0] Action entry is log_probe95 - 
t=0.012 sw=1 flow=0 pkt=12 | [12:13:07.318] [bmv2] [T] [thread 70182] [12.0] [cxt 0] Action log_probe95
t=0.012 sw=1 flow=0 pkt=12 | [12:13:07.318] [bmv2] [T] [thread 70182] [12.0] [cxt 0] log_probe.p4(95) Primitive             log_msg(\"INGRESS decided egress_spec={}\", {standard_metadata.egress_spec});
t=0.012 sw=1 flow=0 pkt=12 | [12:13:07.318] [bmv2] [T] [thread 70182] [12.0] [cxt 0] log_probe.p4(95) Primitive             log_msg(\"INGRESS decided egress_spec={}\", {standard_metadata.egress_spec});
t=0.012 sw=1 flow=0 pkt=12 | [12:13:07.318] [bmv2] [I] [thread 70182] INGRESS decided egress_spec=0
t=0.012 sw=1 flow=0 pkt=12 | [12:13:07.318] [bmv2] [D] [thread 70182] [12.0] [cxt 0] Pipeline 'ingress': end
t=0.012 sw=1 flow=0 pkt=12 | [12:13:07.318] [bmv2] [D] [thread 70182] [12.0] [cxt 0] Pipeline 'egress': start
t=0.012 sw=1 flow=0 pkt=12 | [12:13:07.318] [bmv2] [T] [thread 70182] [12.0] [cxt 0] log_probe.p4(103) Condition "hdr.ipv4.isValid()" (node_8) is true
t=0.012 sw=1 flow=0 pkt=12 | [12:13:07.318] [bmv2] [T] [thread 70182] [12.0] [cxt 0] Applying table 'tbl_log_probe106'
t=0.012 sw=1 flow=0 pkt=12 | [12:13:07.318] [bmv2] [D] [thread 70182] [12.0] [cxt 0] Looking up key:
t=0.012 sw=1 flow=0 pkt=12 | [12:13:07.318] [bmv2] [D] [thread 70182] [12.0] [cxt 0] Table 'tbl_log_probe106': miss
t=0.012 sw=1 flow=0 pkt=12 | [12:13:07.318] [bmv2] [D] [thread 70182] [12.0] [cxt 0] Action entry is log_probe106 - 
t=0.012 sw=1 flow=0 pkt=12 | [12:13:07.318] [bmv2] [T] [thread 70182] [12.0] [cxt 0] Action log_probe106
t=0.012 sw=1 flow=0 pkt=12 | [12:13:07.318] [bmv2] [T] [thread 70182] [12.0] [cxt 0] log_probe.p4(106) Primitive shared_counters.read(n, 32w0)
t=0.012 sw=1 flow=0 pkt=12 | [12:13:07.318] [bmv2] [T] [thread 70182] [12.0] [cxt 0] Read register 'shared_counters' at index 0 read value 25
t=0.012 sw=1 flow=0 pkt=12 | [12:13:07.318] [bmv2] [T] [thread 70182] [12.0] [cxt 0] log_probe.p4(107) Primitive n + 1
t=0.012 sw=1 flow=0 pkt=12 | [12:13:07.318] [bmv2] [T] [thread 70182] [12.0] [cxt 0] log_probe.p4(107) Primitive shared_counters.write(32w0, n + 1)
t=0.012 sw=1 flow=0 pkt=12 | [12:13:07.318] [bmv2] [T] [thread 70182] [12.0] [cxt 0] Wrote register 'shared_counters' at index 0 with value 26
t=0.012 sw=1 flow=0 pkt=12 | [12:13:07.318] [bmv2] [T] [thread 70182] [12.0] [cxt 0] log_probe.p4(111) Primitive shared_counters.read(e, 32w1)
t=0.012 sw=1 flow=0 pkt=12 | [12:13:07.318] [bmv2] [T] [thread 70182] [12.0] [cxt 0] Read register 'shared_counters' at index 1 read value 12
t=0.012 sw=1 flow=0 pkt=12 | [12:13:07.318] [bmv2] [T] [thread 70182] [12.0] [cxt 0] log_probe.p4(112) Primitive e + 1
t=0.012 sw=1 flow=0 pkt=12 | [12:13:07.318] [bmv2] [T] [thread 70182] [12.0] [cxt 0] log_probe.p4(112) Primitive shared_counters.write(32w1, e + 1)
t=0.012 sw=1 flow=0 pkt=12 | [12:13:07.318] [bmv2] [T] [thread 70182] [12.0] [cxt 0] Wrote register 'shared_counters' at index 1 with value 13
t=0.012 sw=1 flow=0 pkt=12 | [12:13:07.318] [bmv2] [D] [thread 70182] [12.0] [cxt 0] Pipeline 'egress': end
t=0.012 sw=1 flow=0 pkt=12 | [12:13:07.318] [bmv2] [D] [thread 70182] [12.0] [cxt 0] Deparser 'deparser': start
t=0.012 sw=1 flow=0 pkt=12 | [12:13:07.318] [bmv2] [D] [thread 70182] [12.0] [cxt 0] Deparsing header 'ethernet'
t=0.012 sw=1 flow=0 pkt=12 | [12:13:07.318] [bmv2] [D] [thread 70182] [12.0] [cxt 0] Deparsing header 'ipv4'
t=0.012 sw=1 flow=0 pkt=12 | [12:13:07.318] [bmv2] [D] [thread 70182] [12.0] [cxt 0] Deparser 'deparser': end
t=0.013 sw=1 flow=1 pkt=13 | [12:13:07.318] [bmv2] [D] [thread 70182] [13.0] [cxt 0] Parser 'parser': start
t=0.013 sw=1 flow=1 pkt=13 | [12:13:07.318] [bmv2] [D] [thread 70182] [13.0] [cxt 0] Parser 'parser' entering state 'start'
t=0.013 sw=1 flow=1 pkt=13 | [12:13:07.318] [bmv2] [D] [thread 70182] [13.0] [cxt 0] Extracting header 'ethernet'
t=0.013 sw=1 flow=1 pkt=13 | [12:13:07.318] [bmv2] [D] [thread 70182] [13.0] [cxt 0] Parser state 'start': key is 0800
t=0.013 sw=1 flow=1 pkt=13 | [12:13:07.318] [bmv2] [T] [thread 70182] [13.0] [cxt 0] Bytes parsed: 14
t=0.013 sw=1 flow=1 pkt=13 | [12:13:07.318] [bmv2] [D] [thread 70182] [13.0] [cxt 0] Parser 'parser' entering state 'parse_ipv4'
t=0.013 sw=1 flow=1 pkt=13 | [12:13:07.318] [bmv2] [D] [thread 70182] [13.0] [cxt 0] Extracting header 'ipv4'
t=0.013 sw=1 flow=1 pkt=13 | [12:13:07.318] [bmv2] [D] [thread 70182] [13.0] [cxt 0] Parser state 'parse_ipv4' has no switch, going to default next state
t=0.013 sw=1 flow=1 pkt=13 | [12:13:07.318] [bmv2] [T] [thread 70182] [13.0] [cxt 0] Bytes parsed: 34
t=0.013 sw=1 flow=1 pkt=13 | [12:13:07.318] [bmv2] [D] [thread 70182] [13.0] [cxt 0] Parser 'parser': end
t=0.013 sw=1 flow=1 pkt=13 | [12:13:07.318] [bmv2] [D] [thread 70182] [13.0] [cxt 0] Pipeline 'ingress': start
t=0.013 sw=1 flow=1 pkt=13 | [12:13:07.318] [bmv2] [T] [thread 70182] [13.0] [cxt 0] log_probe.p4(87) Condition "hdr.ipv4.isValid()" (node_2) is true
t=0.013 sw=1 flow=1 pkt=13 | [12:13:07.318] [bmv2] [T] [thread 70182] [13.0] [cxt 0] Applying table 'tbl_log_probe89'
t=0.013 sw=1 flow=1 pkt=13 | [12:13:07.318] [bmv2] [D] [thread 70182] [13.0] [cxt 0] Looking up key:
t=0.013 sw=1 flow=1 pkt=13 | [12:13:07.318] [bmv2] [D] [thread 70182] [13.0] [cxt 0] Table 'tbl_log_probe89': miss
t=0.013 sw=1 flow=1 pkt=13 | [12:13:07.318] [bmv2] [D] [thread 70182] [13.0] [cxt 0] Action entry is log_probe89 - 
t=0.013 sw=1 flow=1 pkt=13 | [12:13:07.318] [bmv2] [T] [thread 70182] [13.0] [cxt 0] Action log_probe89
t=0.013 sw=1 flow=1 pkt=13 | [12:13:07.318] [bmv2] [T] [thread 70182] [13.0] [cxt 0] log_probe.p4(89) Primitive shared_counters.read(n, 32w0)
t=0.013 sw=1 flow=1 pkt=13 | [12:13:07.318] [bmv2] [T] [thread 70182] [13.0] [cxt 0] Read register 'shared_counters' at index 0 read value 26
t=0.013 sw=1 flow=1 pkt=13 | [12:13:07.318] [bmv2] [T] [thread 70182] [13.0] [cxt 0] log_probe.p4(90) Primitive n + 1
t=0.013 sw=1 flow=1 pkt=13 | [12:13:07.318] [bmv2] [T] [thread 70182] [13.0] [cxt 0] log_probe.p4(90) Primitive shared_counters.write(32w0, n + 1)
t=0.013 sw=1 flow=1 pkt=13 | [12:13:07.319] [bmv2] [T] [thread 70182] [13.0] [cxt 0] Wrote register 'shared_counters' at index 0 with value 27
t=0.013 sw=1 flow=1 pkt=13 | [12:13:07.319] [bmv2] [T] [thread 70182] [13.0] [cxt 0] log_probe.p4(93) Primitive hdr.ipv4.dstAddr
t=0.013 sw=1 flow=1 pkt=13 | [12:13:07.319] [bmv2] [T] [thread 70182] [13.0] [cxt 0] log_probe.p4(93) Primitive hdr.ipv4.ttl
t=0.013 sw=1 flow=1 pkt=13 | [12:13:07.319] [bmv2] [T] [thread 70182] [13.0] [cxt 0] log_probe.p4(93) Primitive n
t=0.013 sw=1 flow=1 pkt=13 | [12:13:07.319] [bmv2] [T] [thread 70182] [13.0] [cxt 0] log_probe.p4(92) Primitive             log_msg(\"INGRESS dst={} ttl={} counter={}\",
t=0.013 sw=1 flow=1 pkt=13 | [12:13:07.319] [bmv2] [I] [thread 70182] INGRESS dst=167837954 ttl=37 counter=26
t=0.013 sw=1 flow=1 pkt=13 | [12:13:07.319] [bmv2] [T] [thread 70182] [13.0] [cxt 0] Applying table 'MyIngress.ipv4_exact'
t=0.013 sw=1 flow=1 pkt=13 | [12:13:07.319] [bmv2] [D] [thread 70182] [13.0] [cxt 0] Looking up key:
t=0.013 sw=1 flow=1 pkt=13 | * hdr.ipv4.dstAddr    : 0a010102
t=0.013 sw=1 flow=1 pkt=13 | [12:13:07.319] [bmv2] [D] [thread 70182] [13.0] [cxt 0] Table 'MyIngress.ipv4_exact': hit with handle 1
t=0.013 sw=1 flow=1 pkt=13 | [12:13:07.319] [bmv2] [D] [thread 70182] [13.0] [cxt 0] Dumping entry 1
t=0.013 sw=1 flow=1 pkt=13 | Match key:
t=0.013 sw=1 flow=1 pkt=13 | * hdr.ipv4.dstAddr    : EXACT     0a010102
t=0.013 sw=1 flow=1 pkt=13 | Action entry: MyIngress.forward - 1,
t=0.013 sw=1 flow=1 pkt=13 | [12:13:07.319] [bmv2] [D] [thread 70182] [13.0] [cxt 0] Action entry is MyIngress.forward - 1,
t=0.013 sw=1 flow=1 pkt=13 | [12:13:07.319] [bmv2] [T] [thread 70182] [13.0] [cxt 0] Action MyIngress.forward
t=0.013 sw=1 flow=1 pkt=13 | [12:13:07.319] [bmv2] [T] [thread 70182] [13.0] [cxt 0] log_probe.p4(70) Primitive standard_metadata.egress_spec = port
t=0.013 sw=1 flow=1 pkt=13 | [12:13:07.319] [bmv2] [T] [thread 70182] [13.0] [cxt 0] log_probe.p4(71) Primitive hdr.ipv4.ttl = hdr.ipv4.ttl - 1
t=0.013 sw=1 flow=1 pkt=13 | [12:13:07.319] [bmv2] [T] [thread 70182] [13.0] [cxt 0] Applying table 'tbl_log_probe95'
t=0.013 sw=1 flow=1 pkt=13 | [12:13:07.319] [bmv2] [D] [thread 70182] [13.0] [cxt 0] Looking up key:
t=0.013 sw=1 flow=1 pkt=13 | [12:13:07.319] [bmv2] [D] [thread 70182] [13.0] [cxt 0] Table 'tbl_log_probe95': miss
t=0.013 sw=1 flow=1 pkt=13 | [12:13:07.319] [bmv2] [D] [thread 70182] [13.0] [cxt 0] Action entry is log_probe95 - 
t=0.013 sw=1 flow=1 pkt=13 | [12:13:07.319] [bmv2] [T] [thread 70182] [13.0] [cxt 0] Action log_probe95
t=0.013 sw=1 flow=1 pkt=13 | [12:13:07.319] [bmv2] [T] [thread 70182] [13.0] [cxt 0] log_probe.p4(95) Primitive             log_msg(\"INGRESS decided egress_spec={}\", {standard_metadata.egress_spec});
t=0.013 sw=1 flow=1 pkt=13 | [12:13:07.319] [bmv2] [T] [thread 70182] [13.0] [cxt 0] log_probe.p4(95) Primitive             log_msg(\"INGRESS decided egress_spec={}\", {standard_metadata.egress_spec});
t=0.013 sw=1 flow=1 pkt=13 | [12:13:07.319] [bmv2] [I] [thread 70182] INGRESS decided egress_spec=1
t=0.013 sw=1 flow=1 pkt=13 | [12:13:07.319] [bmv2] [D] [thread 70182] [13.0] [cxt 0] Pipeline 'ingress': end
t=0.013 sw=1 flow=1 pkt=13 | [12:13:07.319] [bmv2] [D] [thread 70182] [13.0] [cxt 0] Pipeline 'egress': start
t=0.013 sw=1 flow=1 pkt=13 | [12:13:07.319] [bmv2] [T] [thread 70182] [13.0] [cxt 0] log_probe.p4(103) Condition "hdr.ipv4.isValid()" (node_8) is true
t=0.013 sw=1 flow=1 pkt=13 | [12:13:07.319] [bmv2] [T] [thread 70182] [13.0] [cxt 0] Applying table 'tbl_log_probe106'
t=0.013 sw=1 flow=1 pkt=13 | [12:13:07.319] [bmv2] [D] [thread 70182] [13.0] [cxt 0] Looking up key:
t=0.013 sw=1 flow=1 pkt=13 | [12:13:07.319] [bmv2] [D] [thread 70182] [13.0] [cxt 0] Table 'tbl_log_probe106': miss
t=0.013 sw=1 flow=1 pkt=13 | [12:13:07.319] [bmv2] [D] [thread 70182] [13.0] [cxt 0] Action entry is log_probe106 - 
t=0.013 sw=1 flow=1 pkt=13 | [12:13:07.319] [bmv2] [T] [thread 70182] [13.0] [cxt 0] Action log_probe106
t=0.013 sw=1 flow=1 pkt=13 | [12:13:07.319] [bmv2] [T] [thread 70182] [13.0] [cxt 0] log_probe.p4(106) Primitive shared_counters.read(n, 32w0)
t=0.013 sw=1 flow=1 pkt=13 | [12:13:07.319] [bmv2] [T] [thread 70182] [13.0] [cxt 0] Read register 'shared_counters' at index 0 read value 27
t=0.013 sw=1 flow=1 pkt=13 | [12:13:07.319] [bmv2] [T] [thread 70182] [13.0] [cxt 0] log_probe.p4(107) Primitive n + 1
t=0.013 sw=1 flow=1 pkt=13 | [12:13:07.319] [bmv2] [T] [thread 70182] [13.0] [cxt 0] log_probe.p4(107) Primitive shared_counters.write(32w0, n + 1)
t=0.013 sw=1 flow=1 pkt=13 | [12:13:07.319] [bmv2] [T] [thread 70182] [13.0] [cxt 0] Wrote register 'shared_counters' at index 0 with value 28
t=0.013 sw=1 flow=1 pkt=13 | [12:13:07.319] [bmv2] [T] [thread 70182] [13.0] [cxt 0] log_probe.p4(111) Primitive shared_counters.read(e, 32w1)
t=0.013 sw=1 flow=1 pkt=13 | [12:13:07.319] [bmv2] [T] [thread 70182] [13.0] [cxt 0] Read register 'shared_counters' at index 1 read value 13
t=0.013 sw=1 flow=1 pkt=13 | [12:13:07.319] [bmv2] [T] [thread 70182] [13.0] [cxt 0] log_probe.p4(112) Primitive e + 1
t=0.013 sw=1 flow=1 pkt=13 | [12:13:07.319] [bmv2] [T] [thread 70182] [13.0] [cxt 0] log_probe.p4(112) Primitive shared_counters.write(32w1, e + 1)
t=0.013 sw=1 flow=1 pkt=13 | [12:13:07.319] [bmv2] [T] [thread 70182] [13.0] [cxt 0] Wrote register 'shared_counters' at index 1 with value 14
t=0.013 sw=1 flow=1 pkt=13 | [12:13:07.319] [bmv2] [D] [thread 70182] [13.0] [cxt 0] Pipeline 'egress': end
t=0.013 sw=1 flow=1 pkt=13 | [12:13:07.319] [bmv2] [D] [thread 70182] [13.0] [cxt 0] Deparser 'deparser': start
t=0.013 sw=1 flow=1 pkt=13 | [12:13:07.319] [bmv2] [D] [thread 70182] [13.0] [cxt 0] Deparsing header 'ethernet'
t=0.013 sw=1 flow=1 pkt=13 | [12:13:07.319] [bmv2] [D] [thread 70182] [13.0] [cxt 0] Deparsing header 'ipv4'
t=0.013 sw=1 flow=1 pkt=13 | [12:13:07.319] [bmv2] [D] [thread 70182] [13.0] [cxt 0] Deparser 'deparser': end
t=0.014 sw=1 flow=0 pkt=14 | [12:13:07.319] [bmv2] [D] [thread 70182] [14.0] [cxt 0] Parser 'parser': start
t=0.014 sw=1 flow=0 pkt=14 | [12:13:07.319] [bmv2] [D] [thread 70182] [14.0] [cxt 0] Parser 'parser' entering state 'start'
t=0.014 sw=1 flow=0 pkt=14 | [12:13:07.319] [bmv2] [D] [thread 70182] [14.0] [cxt 0] Extracting header 'ethernet'
t=0.014 sw=1 flow=0 pkt=14 | [12:13:07.319] [bmv2] [D] [thread 70182] [14.0] [cxt 0] Parser state 'start': key is 0800
t=0.014 sw=1 flow=0 pkt=14 | [12:13:07.320] [bmv2] [T] [thread 70182] [14.0] [cxt 0] Bytes parsed: 14
t=0.014 sw=1 flow=0 pkt=14 | [12:13:07.320] [bmv2] [D] [thread 70182] [14.0] [cxt 0] Parser 'parser' entering state 'parse_ipv4'
t=0.014 sw=1 flow=0 pkt=14 | [12:13:07.320] [bmv2] [D] [thread 70182] [14.0] [cxt 0] Extracting header 'ipv4'
t=0.014 sw=1 flow=0 pkt=14 | [12:13:07.320] [bmv2] [D] [thread 70182] [14.0] [cxt 0] Parser state 'parse_ipv4' has no switch, going to default next state
t=0.014 sw=1 flow=0 pkt=14 | [12:13:07.320] [bmv2] [T] [thread 70182] [14.0] [cxt 0] Bytes parsed: 34
t=0.014 sw=1 flow=0 pkt=14 | [12:13:07.320] [bmv2] [D] [thread 70182] [14.0] [cxt 0] Parser 'parser': end
t=0.014 sw=1 flow=0 pkt=14 | [12:13:07.320] [bmv2] [D] [thread 70182] [14.0] [cxt 0] Pipeline 'ingress': start
t=0.014 sw=1 flow=0 pkt=14 | [12:13:07.320] [bmv2] [T] [thread 70182] [14.0] [cxt 0] log_probe.p4(87) Condition "hdr.ipv4.isValid()" (node_2) is true
t=0.014 sw=1 flow=0 pkt=14 | [12:13:07.320] [bmv2] [T] [thread 70182] [14.0] [cxt 0] Applying table 'tbl_log_probe89'
t=0.014 sw=1 flow=0 pkt=14 | [12:13:07.320] [bmv2] [D] [thread 70182] [14.0] [cxt 0] Looking up key:
t=0.014 sw=1 flow=0 pkt=14 | [12:13:07.320] [bmv2] [D] [thread 70182] [14.0] [cxt 0] Table 'tbl_log_probe89': miss
t=0.014 sw=1 flow=0 pkt=14 | [12:13:07.320] [bmv2] [D] [thread 70182] [14.0] [cxt 0] Action entry is log_probe89 - 
t=0.014 sw=1 flow=0 pkt=14 | [12:13:07.320] [bmv2] [T] [thread 70182] [14.0] [cxt 0] Action log_probe89
t=0.014 sw=1 flow=0 pkt=14 | [12:13:07.320] [bmv2] [T] [thread 70182] [14.0] [cxt 0] log_probe.p4(89) Primitive shared_counters.read(n, 32w0)
t=0.014 sw=1 flow=0 pkt=14 | [12:13:07.320] [bmv2] [T] [thread 70182] [14.0] [cxt 0] Read register 'shared_counters' at index 0 read value 28
t=0.014 sw=1 flow=0 pkt=14 | [12:13:07.320] [bmv2] [T] [thread 70182] [14.0] [cxt 0] log_probe.p4(90) Primitive n + 1
t=0.014 sw=1 flow=0 pkt=14 | [12:13:07.320] [bmv2] [T] [thread 70182] [14.0] [cxt 0] log_probe.p4(90) Primitive shared_counters.write(32w0, n + 1)
t=0.014 sw=1 flow=0 pkt=14 | [12:13:07.320] [bmv2] [T] [thread 70182] [14.0] [cxt 0] Wrote register 'shared_counters' at index 0 with value 29
t=0.014 sw=1 flow=0 pkt=14 | [12:13:07.320] [bmv2] [T] [thread 70182] [14.0] [cxt 0] log_probe.p4(93) Primitive hdr.ipv4.dstAddr
t=0.014 sw=1 flow=0 pkt=14 | [12:13:07.320] [bmv2] [T] [thread 70182] [14.0] [cxt 0] log_probe.p4(93) Primitive hdr.ipv4.ttl
t=0.014 sw=1 flow=0 pkt=14 | [12:13:07.320] [bmv2] [T] [thread 70182] [14.0] [cxt 0] log_probe.p4(93) Primitive n
t=0.014 sw=1 flow=0 pkt=14 | [12:13:07.320] [bmv2] [T] [thread 70182] [14.0] [cxt 0] log_probe.p4(92) Primitive             log_msg(\"INGRESS dst={} ttl={} counter={}\",
t=0.014 sw=1 flow=0 pkt=14 | [12:13:07.320] [bmv2] [I] [thread 70182] INGRESS dst=167837953 ttl=38 counter=28
t=0.014 sw=1 flow=0 pkt=14 | [12:13:07.320] [bmv2] [T] [thread 70182] [14.0] [cxt 0] Applying table 'MyIngress.ipv4_exact'
t=0.014 sw=1 flow=0 pkt=14 | [12:13:07.320] [bmv2] [D] [thread 70182] [14.0] [cxt 0] Looking up key:
t=0.014 sw=1 flow=0 pkt=14 | * hdr.ipv4.dstAddr    : 0a010101
t=0.014 sw=1 flow=0 pkt=14 | [12:13:07.320] [bmv2] [D] [thread 70182] [14.0] [cxt 0] Table 'MyIngress.ipv4_exact': hit with handle 0
t=0.014 sw=1 flow=0 pkt=14 | [12:13:07.320] [bmv2] [D] [thread 70182] [14.0] [cxt 0] Dumping entry 0
t=0.014 sw=1 flow=0 pkt=14 | Match key:
t=0.014 sw=1 flow=0 pkt=14 | * hdr.ipv4.dstAddr    : EXACT     0a010101
t=0.014 sw=1 flow=0 pkt=14 | Action entry: MyIngress.forward - 0,
t=0.014 sw=1 flow=0 pkt=14 | [12:13:07.320] [bmv2] [D] [thread 70182] [14.0] [cxt 0] Action entry is MyIngress.forward - 0,
t=0.014 sw=1 flow=0 pkt=14 | [12:13:07.320] [bmv2] [T] [thread 70182] [14.0] [cxt 0] Action MyIngress.forward
t=0.014 sw=1 flow=0 pkt=14 | [12:13:07.320] [bmv2] [T] [thread 70182] [14.0] [cxt 0] log_probe.p4(70) Primitive standard_metadata.egress_spec = port
t=0.014 sw=1 flow=0 pkt=14 | [12:13:07.320] [bmv2] [T] [thread 70182] [14.0] [cxt 0] log_probe.p4(71) Primitive hdr.ipv4.ttl = hdr.ipv4.ttl - 1
t=0.014 sw=1 flow=0 pkt=14 | [12:13:07.320] [bmv2] [T] [thread 70182] [14.0] [cxt 0] Applying table 'tbl_log_probe95'
t=0.014 sw=1 flow=0 pkt=14 | [12:13:07.320] [bmv2] [D] [thread 70182] [14.0] [cxt 0] Looking up key:
t=0.014 sw=1 flow=0 pkt=14 | [12:13:07.320] [bmv2] [D] [thread 70182] [14.0] [cxt 0] Table 'tbl_log_probe95': miss
t=0.014 sw=1 flow=0 pkt=14 | [12:13:07.320] [bmv2] [D] [thread 70182] [14.0] [cxt 0] Action entry is log_probe95 - 
t=0.014 sw=1 flow=0 pkt=14 | [12:13:07.320] [bmv2] [T] [thread 70182] [14.0] [cxt 0] Action log_probe95
t=0.014 sw=1 flow=0 pkt=14 | [12:13:07.320] [bmv2] [T] [thread 70182] [14.0] [cxt 0] log_probe.p4(95) Primitive             log_msg(\"INGRESS decided egress_spec={}\", {standard_metadata.egress_spec});
t=0.014 sw=1 flow=0 pkt=14 | [12:13:07.320] [bmv2] [T] [thread 70182] [14.0] [cxt 0] log_probe.p4(95) Primitive             log_msg(\"INGRESS decided egress_spec={}\", {standard_metadata.egress_spec});
t=0.014 sw=1 flow=0 pkt=14 | [12:13:07.320] [bmv2] [I] [thread 70182] INGRESS decided egress_spec=0
t=0.014 sw=1 flow=0 pkt=14 | [12:13:07.320] [bmv2] [D] [thread 70182] [14.0] [cxt 0] Pipeline 'ingress': end
t=0.014 sw=1 flow=0 pkt=14 | [12:13:07.320] [bmv2] [D] [thread 70182] [14.0] [cxt 0] Pipeline 'egress': start
t=0.014 sw=1 flow=0 pkt=14 | [12:13:07.320] [bmv2] [T] [thread 70182] [14.0] [cxt 0] log_probe.p4(103) Condition "hdr.ipv4.isValid()" (node_8) is true
t=0.014 sw=1 flow=0 pkt=14 | [12:13:07.320] [bmv2] [T] [thread 70182] [14.0] [cxt 0] Applying table 'tbl_log_probe106'
t=0.014 sw=1 flow=0 pkt=14 | [12:13:07.320] [bmv2] [D] [thread 70182] [14.0] [cxt 0] Looking up key:
t=0.014 sw=1 flow=0 pkt=14 | [12:13:07.320] [bmv2] [D] [thread 70182] [14.0] [cxt 0] Table 'tbl_log_probe106': miss
t=0.014 sw=1 flow=0 pkt=14 | [12:13:07.320] [bmv2] [D] [thread 70182] [14.0] [cxt 0] Action entry is log_probe106 - 
t=0.014 sw=1 flow=0 pkt=14 | [12:13:07.320] [bmv2] [T] [thread 70182] [14.0] [cxt 0] Action log_probe106
t=0.014 sw=1 flow=0 pkt=14 | [12:13:07.320] [bmv2] [T] [thread 70182] [14.0] [cxt 0] log_probe.p4(106) Primitive shared_counters.read(n, 32w0)
t=0.014 sw=1 flow=0 pkt=14 | [12:13:07.320] [bmv2] [T] [thread 70182] [14.0] [cxt 0] Read register 'shared_counters' at index 0 read value 29
t=0.014 sw=1 flow=0 pkt=14 | [12:13:07.320] [bmv2] [T] [thread 70182] [14.0] [cxt 0] log_probe.p4(107) Primitive n + 1
t=0.014 sw=1 flow=0 pkt=14 | [12:13:07.320] [bmv2] [T] [thread 70182] [14.0] [cxt 0] log_probe.p4(107) Primitive shared_counters.write(32w0, n + 1)
t=0.014 sw=1 flow=0 pkt=14 | [12:13:07.320] [bmv2] [T] [thread 70182] [14.0] [cxt 0] Wrote register 'shared_counters' at index 0 with value 30
t=0.014 sw=1 flow=0 pkt=14 | [12:13:07.320] [bmv2] [T] [thread 70182] [14.0] [cxt 0] log_probe.p4(111) Primitive shared_counters.read(e, 32w1)
t=0.014 sw=1 flow=0 pkt=14 | [12:13:07.320] [bmv2] [T] [thread 70182] [14.0] [cxt 0] Read register 'shared_counters' at index 1 read value 14
t=0.014 sw=1 flow=0 pkt=14 | [12:13:07.321] [bmv2] [T] [thread 70182] [14.0] [cxt 0] log_probe.p4(112) Primitive e + 1
t=0.014 sw=1 flow=0 pkt=14 | [12:13:07.321] [bmv2] [T] [thread 70182] [14.0] [cxt 0] log_probe.p4(112) Primitive shared_counters.write(32w1, e + 1)
t=0.014 sw=1 flow=0 pkt=14 | [12:13:07.321] [bmv2] [T] [thread 70182] [14.0] [cxt 0] Wrote register 'shared_counters' at index 1 with value 15
t=0.014 sw=1 flow=0 pkt=14 | [12:13:07.321] [bmv2] [D] [thread 70182] [14.0] [cxt 0] Pipeline 'egress': end
t=0.014 sw=1 flow=0 pkt=14 | [12:13:07.321] [bmv2] [D] [thread 70182] [14.0] [cxt 0] Deparser 'deparser': start
t=0.014 sw=1 flow=0 pkt=14 | [12:13:07.321] [bmv2] [D] [thread 70182] [14.0] [cxt 0] Deparsing header 'ethernet'
t=0.014 sw=1 flow=0 pkt=14 | [12:13:07.321] [bmv2] [D] [thread 70182] [14.0] [cxt 0] Deparsing header 'ipv4'
t=0.014 sw=1 flow=0 pkt=14 | [12:13:07.321] [bmv2] [D] [thread 70182] [14.0] [cxt 0] Deparser 'deparser': end
t=0.015 sw=1 flow=1 pkt=15 | [12:13:07.321] [bmv2] [D] [thread 70182] [15.0] [cxt 0] Parser 'parser': start
t=0.015 sw=1 flow=1 pkt=15 | [12:13:07.321] [bmv2] [D] [thread 70182] [15.0] [cxt 0] Parser 'parser' entering state 'start'
t=0.015 sw=1 flow=1 pkt=15 | [12:13:07.321] [bmv2] [D] [thread 70182] [15.0] [cxt 0] Extracting header 'ethernet'
t=0.015 sw=1 flow=1 pkt=15 | [12:13:07.321] [bmv2] [D] [thread 70182] [15.0] [cxt 0] Parser state 'start': key is 0800
t=0.015 sw=1 flow=1 pkt=15 | [12:13:07.321] [bmv2] [T] [thread 70182] [15.0] [cxt 0] Bytes parsed: 14
t=0.015 sw=1 flow=1 pkt=15 | [12:13:07.321] [bmv2] [D] [thread 70182] [15.0] [cxt 0] Parser 'parser' entering state 'parse_ipv4'
t=0.015 sw=1 flow=1 pkt=15 | [12:13:07.321] [bmv2] [D] [thread 70182] [15.0] [cxt 0] Extracting header 'ipv4'
t=0.015 sw=1 flow=1 pkt=15 | [12:13:07.321] [bmv2] [D] [thread 70182] [15.0] [cxt 0] Parser state 'parse_ipv4' has no switch, going to default next state
t=0.015 sw=1 flow=1 pkt=15 | [12:13:07.321] [bmv2] [T] [thread 70182] [15.0] [cxt 0] Bytes parsed: 34
t=0.015 sw=1 flow=1 pkt=15 | [12:13:07.321] [bmv2] [D] [thread 70182] [15.0] [cxt 0] Parser 'parser': end
t=0.015 sw=1 flow=1 pkt=15 | [12:13:07.321] [bmv2] [D] [thread 70182] [15.0] [cxt 0] Pipeline 'ingress': start
t=0.015 sw=1 flow=1 pkt=15 | [12:13:07.321] [bmv2] [T] [thread 70182] [15.0] [cxt 0] log_probe.p4(87) Condition "hdr.ipv4.isValid()" (node_2) is true
t=0.015 sw=1 flow=1 pkt=15 | [12:13:07.321] [bmv2] [T] [thread 70182] [15.0] [cxt 0] Applying table 'tbl_log_probe89'
t=0.015 sw=1 flow=1 pkt=15 | [12:13:07.321] [bmv2] [D] [thread 70182] [15.0] [cxt 0] Looking up key:
t=0.015 sw=1 flow=1 pkt=15 | [12:13:07.321] [bmv2] [D] [thread 70182] [15.0] [cxt 0] Table 'tbl_log_probe89': miss
t=0.015 sw=1 flow=1 pkt=15 | [12:13:07.321] [bmv2] [D] [thread 70182] [15.0] [cxt 0] Action entry is log_probe89 - 
t=0.015 sw=1 flow=1 pkt=15 | [12:13:07.321] [bmv2] [T] [thread 70182] [15.0] [cxt 0] Action log_probe89
t=0.015 sw=1 flow=1 pkt=15 | [12:13:07.321] [bmv2] [T] [thread 70182] [15.0] [cxt 0] log_probe.p4(89) Primitive shared_counters.read(n, 32w0)
t=0.015 sw=1 flow=1 pkt=15 | [12:13:07.321] [bmv2] [T] [thread 70182] [15.0] [cxt 0] Read register 'shared_counters' at index 0 read value 30
t=0.015 sw=1 flow=1 pkt=15 | [12:13:07.321] [bmv2] [T] [thread 70182] [15.0] [cxt 0] log_probe.p4(90) Primitive n + 1
t=0.015 sw=1 flow=1 pkt=15 | [12:13:07.321] [bmv2] [T] [thread 70182] [15.0] [cxt 0] log_probe.p4(90) Primitive shared_counters.write(32w0, n + 1)
t=0.015 sw=1 flow=1 pkt=15 | [12:13:07.321] [bmv2] [T] [thread 70182] [15.0] [cxt 0] Wrote register 'shared_counters' at index 0 with value 31
t=0.015 sw=1 flow=1 pkt=15 | [12:13:07.321] [bmv2] [T] [thread 70182] [15.0] [cxt 0] log_probe.p4(93) Primitive hdr.ipv4.dstAddr
t=0.015 sw=1 flow=1 pkt=15 | [12:13:07.321] [bmv2] [T] [thread 70182] [15.0] [cxt 0] log_probe.p4(93) Primitive hdr.ipv4.ttl
t=0.015 sw=1 flow=1 pkt=15 | [12:13:07.321] [bmv2] [T] [thread 70182] [15.0] [cxt 0] log_probe.p4(93) Primitive n
t=0.015 sw=1 flow=1 pkt=15 | [12:13:07.321] [bmv2] [T] [thread 70182] [15.0] [cxt 0] log_probe.p4(92) Primitive             log_msg(\"INGRESS dst={} ttl={} counter={}\",
t=0.015 sw=1 flow=1 pkt=15 | [12:13:07.321] [bmv2] [I] [thread 70182] INGRESS dst=167837954 ttl=39 counter=30
t=0.015 sw=1 flow=1 pkt=15 | [12:13:07.321] [bmv2] [T] [thread 70182] [15.0] [cxt 0] Applying table 'MyIngress.ipv4_exact'
t=0.015 sw=1 flow=1 pkt=15 | [12:13:07.321] [bmv2] [D] [thread 70182] [15.0] [cxt 0] Looking up key:
t=0.015 sw=1 flow=1 pkt=15 | * hdr.ipv4.dstAddr    : 0a010102
t=0.015 sw=1 flow=1 pkt=15 | [12:13:07.321] [bmv2] [D] [thread 70182] [15.0] [cxt 0] Table 'MyIngress.ipv4_exact': hit with handle 1
t=0.015 sw=1 flow=1 pkt=15 | [12:13:07.321] [bmv2] [D] [thread 70182] [15.0] [cxt 0] Dumping entry 1
t=0.015 sw=1 flow=1 pkt=15 | Match key:
t=0.015 sw=1 flow=1 pkt=15 | * hdr.ipv4.dstAddr    : EXACT     0a010102
t=0.015 sw=1 flow=1 pkt=15 | Action entry: MyIngress.forward - 1,
t=0.015 sw=1 flow=1 pkt=15 | [12:13:07.321] [bmv2] [D] [thread 70182] [15.0] [cxt 0] Action entry is MyIngress.forward - 1,
t=0.015 sw=1 flow=1 pkt=15 | [12:13:07.321] [bmv2] [T] [thread 70182] [15.0] [cxt 0] Action MyIngress.forward
t=0.015 sw=1 flow=1 pkt=15 | [12:13:07.321] [bmv2] [T] [thread 70182] [15.0] [cxt 0] log_probe.p4(70) Primitive standard_metadata.egress_spec = port
t=0.015 sw=1 flow=1 pkt=15 | [12:13:07.321] [bmv2] [T] [thread 70182] [15.0] [cxt 0] log_probe.p4(71) Primitive hdr.ipv4.ttl = hdr.ipv4.ttl - 1
t=0.015 sw=1 flow=1 pkt=15 | [12:13:07.321] [bmv2] [T] [thread 70182] [15.0] [cxt 0] Applying table 'tbl_log_probe95'
t=0.015 sw=1 flow=1 pkt=15 | [12:13:07.321] [bmv2] [D] [thread 70182] [15.0] [cxt 0] Looking up key:
t=0.015 sw=1 flow=1 pkt=15 | [12:13:07.321] [bmv2] [D] [thread 70182] [15.0] [cxt 0] Table 'tbl_log_probe95': miss
t=0.015 sw=1 flow=1 pkt=15 | [12:13:07.321] [bmv2] [D] [thread 70182] [15.0] [cxt 0] Action entry is log_probe95 - 
t=0.015 sw=1 flow=1 pkt=15 | [12:13:07.321] [bmv2] [T] [thread 70182] [15.0] [cxt 0] Action log_probe95
t=0.015 sw=1 flow=1 pkt=15 | [12:13:07.321] [bmv2] [T] [thread 70182] [15.0] [cxt 0] log_probe.p4(95) Primitive             log_msg(\"INGRESS decided egress_spec={}\", {standard_metadata.egress_spec});
t=0.015 sw=1 flow=1 pkt=15 | [12:13:07.321] [bmv2] [T] [thread 70182] [15.0] [cxt 0] log_probe.p4(95) Primitive             log_msg(\"INGRESS decided egress_spec={}\", {standard_metadata.egress_spec});
t=0.015 sw=1 flow=1 pkt=15 | [12:13:07.321] [bmv2] [I] [thread 70182] INGRESS decided egress_spec=1
t=0.015 sw=1 flow=1 pkt=15 | [12:13:07.321] [bmv2] [D] [thread 70182] [15.0] [cxt 0] Pipeline 'ingress': end
t=0.015 sw=1 flow=1 pkt=15 | [12:13:07.321] [bmv2] [D] [thread 70182] [15.0] [cxt 0] Pipeline 'egress': start
t=0.015 sw=1 flow=1 pkt=15 | [12:13:07.321] [bmv2] [T] [thread 70182] [15.0] [cxt 0] log_probe.p4(103) Condition "hdr.ipv4.isValid()" (node_8) is true
t=0.015 sw=1 flow=1 pkt=15 | [12:13:07.321] [bmv2] [T] [thread 70182] [15.0] [cxt 0] Applying table 'tbl_log_probe106'
t=0.015 sw=1 flow=1 pkt=15 | [12:13:07.321] [bmv2] [D] [thread 70182] [15.0] [cxt 0] Looking up key:
t=0.015 sw=1 flow=1 pkt=15 | [12:13:07.321] [bmv2] [D] [thread 70182] [15.0] [cxt 0] Table 'tbl_log_probe106': miss
t=0.015 sw=1 flow=1 pkt=15 | [12:13:07.321] [bmv2] [D] [thread 70182] [15.0] [cxt 0] Action entry is log_probe106 - 
t=0.015 sw=1 flow=1 pkt=15 | [12:13:07.321] [bmv2] [T] [thread 70182] [15.0] [cxt 0] Action log_probe106
t=0.015 sw=1 flow=1 pkt=15 | [12:13:07.321] [bmv2] [T] [thread 70182] [15.0] [cxt 0] log_probe.p4(106) Primitive shared_counters.read(n, 32w0)
t=0.015 sw=1 flow=1 pkt=15 | [12:13:07.321] [bmv2] [T] [thread 70182] [15.0] [cxt 0] Read register 'shared_counters' at index 0 read value 31
t=0.015 sw=1 flow=1 pkt=15 | [12:13:07.321] [bmv2] [T] [thread 70182] [15.0] [cxt 0] log_probe.p4(107) Primitive n + 1
t=0.015 sw=1 flow=1 pkt=15 | [12:13:07.321] [bmv2] [T] [thread 70182] [15.0] [cxt 0] log_probe.p4(107) Primitive shared_counters.write(32w0, n + 1)
t=0.015 sw=1 flow=1 pkt=15 | [12:13:07.321] [bmv2] [T] [thread 70182] [15.0] [cxt 0] Wrote register 'shared_counters' at index 0 with value 32
t=0.015 sw=1 flow=1 pkt=15 | [12:13:07.321] [bmv2] [T] [thread 70182] [15.0] [cxt 0] log_probe.p4(111) Primitive shared_counters.read(e, 32w1)
t=0.015 sw=1 flow=1 pkt=15 | [12:13:07.321] [bmv2] [T] [thread 70182] [15.0] [cxt 0] Read register 'shared_counters' at index 1 read value 15
t=0.015 sw=1 flow=1 pkt=15 | [12:13:07.322] [bmv2] [T] [thread 70182] [15.0] [cxt 0] log_probe.p4(112) Primitive e + 1
t=0.015 sw=1 flow=1 pkt=15 | [12:13:07.322] [bmv2] [T] [thread 70182] [15.0] [cxt 0] log_probe.p4(112) Primitive shared_counters.write(32w1, e + 1)
t=0.015 sw=1 flow=1 pkt=15 | [12:13:07.322] [bmv2] [T] [thread 70182] [15.0] [cxt 0] Wrote register 'shared_counters' at index 1 with value 16
t=0.015 sw=1 flow=1 pkt=15 | [12:13:07.322] [bmv2] [D] [thread 70182] [15.0] [cxt 0] Pipeline 'egress': end
t=0.015 sw=1 flow=1 pkt=15 | [12:13:07.322] [bmv2] [D] [thread 70182] [15.0] [cxt 0] Deparser 'deparser': start
t=0.015 sw=1 flow=1 pkt=15 | [12:13:07.322] [bmv2] [D] [thread 70182] [15.0] [cxt 0] Deparsing header 'ethernet'
t=0.015 sw=1 flow=1 pkt=15 | [12:13:07.322] [bmv2] [D] [thread 70182] [15.0] [cxt 0] Deparsing header 'ipv4'
t=0.015 sw=1 flow=1 pkt=15 | [12:13:07.322] [bmv2] [D] [thread 70182] [15.0] [cxt 0] Deparser 'deparser': end
t=0.016 sw=1 flow=0 pkt=16 | [12:13:07.322] [bmv2] [D] [thread 70182] [16.0] [cxt 0] Parser 'parser': start
t=0.016 sw=1 flow=0 pkt=16 | [12:13:07.322] [bmv2] [D] [thread 70182] [16.0] [cxt 0] Parser 'parser' entering state 'start'
t=0.016 sw=1 flow=0 pkt=16 | [12:13:07.322] [bmv2] [D] [thread 70182] [16.0] [cxt 0] Extracting header 'ethernet'
t=0.016 sw=1 flow=0 pkt=16 | [12:13:07.322] [bmv2] [D] [thread 70182] [16.0] [cxt 0] Parser state 'start': key is 0800
t=0.016 sw=1 flow=0 pkt=16 | [12:13:07.322] [bmv2] [T] [thread 70182] [16.0] [cxt 0] Bytes parsed: 14
t=0.016 sw=1 flow=0 pkt=16 | [12:13:07.322] [bmv2] [D] [thread 70182] [16.0] [cxt 0] Parser 'parser' entering state 'parse_ipv4'
t=0.016 sw=1 flow=0 pkt=16 | [12:13:07.322] [bmv2] [D] [thread 70182] [16.0] [cxt 0] Extracting header 'ipv4'
t=0.016 sw=1 flow=0 pkt=16 | [12:13:07.322] [bmv2] [D] [thread 70182] [16.0] [cxt 0] Parser state 'parse_ipv4' has no switch, going to default next state
t=0.016 sw=1 flow=0 pkt=16 | [12:13:07.322] [bmv2] [T] [thread 70182] [16.0] [cxt 0] Bytes parsed: 34
t=0.016 sw=1 flow=0 pkt=16 | [12:13:07.322] [bmv2] [D] [thread 70182] [16.0] [cxt 0] Parser 'parser': end
t=0.016 sw=1 flow=0 pkt=16 | [12:13:07.322] [bmv2] [D] [thread 70182] [16.0] [cxt 0] Pipeline 'ingress': start
t=0.016 sw=1 flow=0 pkt=16 | [12:13:07.322] [bmv2] [T] [thread 70182] [16.0] [cxt 0] log_probe.p4(87) Condition "hdr.ipv4.isValid()" (node_2) is true
t=0.016 sw=1 flow=0 pkt=16 | [12:13:07.322] [bmv2] [T] [thread 70182] [16.0] [cxt 0] Applying table 'tbl_log_probe89'
t=0.016 sw=1 flow=0 pkt=16 | [12:13:07.322] [bmv2] [D] [thread 70182] [16.0] [cxt 0] Looking up key:
t=0.016 sw=1 flow=0 pkt=16 | [12:13:07.322] [bmv2] [D] [thread 70182] [16.0] [cxt 0] Table 'tbl_log_probe89': miss
t=0.016 sw=1 flow=0 pkt=16 | [12:13:07.322] [bmv2] [D] [thread 70182] [16.0] [cxt 0] Action entry is log_probe89 - 
t=0.016 sw=1 flow=0 pkt=16 | [12:13:07.322] [bmv2] [T] [thread 70182] [16.0] [cxt 0] Action log_probe89
t=0.016 sw=1 flow=0 pkt=16 | [12:13:07.322] [bmv2] [T] [thread 70182] [16.0] [cxt 0] log_probe.p4(89) Primitive shared_counters.read(n, 32w0)
t=0.016 sw=1 flow=0 pkt=16 | [12:13:07.322] [bmv2] [T] [thread 70182] [16.0] [cxt 0] Read register 'shared_counters' at index 0 read value 32
t=0.016 sw=1 flow=0 pkt=16 | [12:13:07.322] [bmv2] [T] [thread 70182] [16.0] [cxt 0] log_probe.p4(90) Primitive n + 1
t=0.016 sw=1 flow=0 pkt=16 | [12:13:07.322] [bmv2] [T] [thread 70182] [16.0] [cxt 0] log_probe.p4(90) Primitive shared_counters.write(32w0, n + 1)
t=0.016 sw=1 flow=0 pkt=16 | [12:13:07.322] [bmv2] [T] [thread 70182] [16.0] [cxt 0] Wrote register 'shared_counters' at index 0 with value 33
t=0.016 sw=1 flow=0 pkt=16 | [12:13:07.322] [bmv2] [T] [thread 70182] [16.0] [cxt 0] log_probe.p4(93) Primitive hdr.ipv4.dstAddr
t=0.016 sw=1 flow=0 pkt=16 | [12:13:07.322] [bmv2] [T] [thread 70182] [16.0] [cxt 0] log_probe.p4(93) Primitive hdr.ipv4.ttl
t=0.016 sw=1 flow=0 pkt=16 | [12:13:07.322] [bmv2] [T] [thread 70182] [16.0] [cxt 0] log_probe.p4(93) Primitive n
t=0.016 sw=1 flow=0 pkt=16 | [12:13:07.322] [bmv2] [T] [thread 70182] [16.0] [cxt 0] log_probe.p4(92) Primitive             log_msg(\"INGRESS dst={} ttl={} counter={}\",
t=0.016 sw=1 flow=0 pkt=16 | [12:13:07.322] [bmv2] [I] [thread 70182] INGRESS dst=167837953 ttl=32 counter=32
t=0.016 sw=1 flow=0 pkt=16 | [12:13:07.322] [bmv2] [T] [thread 70182] [16.0] [cxt 0] Applying table 'MyIngress.ipv4_exact'
t=0.016 sw=1 flow=0 pkt=16 | [12:13:07.322] [bmv2] [D] [thread 70182] [16.0] [cxt 0] Looking up key:
t=0.016 sw=1 flow=0 pkt=16 | * hdr.ipv4.dstAddr    : 0a010101
t=0.016 sw=1 flow=0 pkt=16 | [12:13:07.322] [bmv2] [D] [thread 70182] [16.0] [cxt 0] Table 'MyIngress.ipv4_exact': hit with handle 0
t=0.016 sw=1 flow=0 pkt=16 | [12:13:07.322] [bmv2] [D] [thread 70182] [16.0] [cxt 0] Dumping entry 0
t=0.016 sw=1 flow=0 pkt=16 | Match key:
t=0.016 sw=1 flow=0 pkt=16 | * hdr.ipv4.dstAddr    : EXACT     0a010101
t=0.016 sw=1 flow=0 pkt=16 | Action entry: MyIngress.forward - 0,
t=0.016 sw=1 flow=0 pkt=16 | [12:13:07.322] [bmv2] [D] [thread 70182] [16.0] [cxt 0] Action entry is MyIngress.forward - 0,
t=0.016 sw=1 flow=0 pkt=16 | [12:13:07.322] [bmv2] [T] [thread 70182] [16.0] [cxt 0] Action MyIngress.forward
t=0.016 sw=1 flow=0 pkt=16 | [12:13:07.322] [bmv2] [T] [thread 70182] [16.0] [cxt 0] log_probe.p4(70) Primitive standard_metadata.egress_spec = port
t=0.016 sw=1 flow=0 pkt=16 | [12:13:07.322] [bmv2] [T] [thread 70182] [16.0] [cxt 0] log_probe.p4(71) Primitive hdr.ipv4.ttl = hdr.ipv4.ttl - 1
t=0.016 sw=1 flow=0 pkt=16 | [12:13:07.322] [bmv2] [T] [thread 70182] [16.0] [cxt 0] Applying table 'tbl_log_probe95'
t=0.016 sw=1 flow=0 pkt=16 | [12:13:07.322] [bmv2] [D] [thread 70182] [16.0] [cxt 0] Looking up key:
t=0.016 sw=1 flow=0 pkt=16 | [12:13:07.322] [bmv2] [D] [thread 70182] [16.0] [cxt 0] Table 'tbl_log_probe95': miss
t=0.016 sw=1 flow=0 pkt=16 | [12:13:07.322] [bmv2] [D] [thread 70182] [16.0] [cxt 0] Action entry is log_probe95 - 
t=0.016 sw=1 flow=0 pkt=16 | [12:13:07.322] [bmv2] [T] [thread 70182] [16.0] [cxt 0] Action log_probe95
t=0.016 sw=1 flow=0 pkt=16 | [12:13:07.322] [bmv2] [T] [thread 70182] [16.0] [cxt 0] log_probe.p4(95) Primitive             log_msg(\"INGRESS decided egress_spec={}\", {standard_metadata.egress_spec});
t=0.016 sw=1 flow=0 pkt=16 | [12:13:07.322] [bmv2] [T] [thread 70182] [16.0] [cxt 0] log_probe.p4(95) Primitive             log_msg(\"INGRESS decided egress_spec={}\", {standard_metadata.egress_spec});
t=0.016 sw=1 flow=0 pkt=16 | [12:13:07.322] [bmv2] [I] [thread 70182] INGRESS decided egress_spec=0
t=0.016 sw=1 flow=0 pkt=16 | [12:13:07.322] [bmv2] [D] [thread 70182] [16.0] [cxt 0] Pipeline 'ingress': end
t=0.016 sw=1 flow=0 pkt=16 | [12:13:07.322] [bmv2] [D] [thread 70182] [16.0] [cxt 0] Pipeline 'egress': start
t=0.016 sw=1 flow=0 pkt=16 | [12:13:07.322] [bmv2] [T] [thread 70182] [16.0] [cxt 0] log_probe.p4(103) Condition "hdr.ipv4.isValid()" (node_8) is true
t=0.016 sw=1 flow=0 pkt=16 | [12:13:07.322] [bmv2] [T] [thread 70182] [16.0] [cxt 0] Applying table 'tbl_log_probe106'
t=0.016 sw=1 flow=0 pkt=16 | [12:13:07.322] [bmv2] [D] [thread 70182] [16.0] [cxt 0] Looking up key:
t=0.016 sw=1 flow=0 pkt=16 | [12:13:07.322] [bmv2] [D] [thread 70182] [16.0] [cxt 0] Table 'tbl_log_probe106': miss
t=0.016 sw=1 flow=0 pkt=16 | [12:13:07.322] [bmv2] [D] [thread 70182] [16.0] [cxt 0] Action entry is log_probe106 - 
t=0.016 sw=1 flow=0 pkt=16 | [12:13:07.322] [bmv2] [T] [thread 70182] [16.0] [cxt 0] Action log_probe106
t=0.016 sw=1 flow=0 pkt=16 | [12:13:07.322] [bmv2] [T] [thread 70182] [16.0] [cxt 0] log_probe.p4(106) Primitive shared_counters.read(n, 32w0)
t=0.016 sw=1 flow=0 pkt=16 | [12:13:07.322] [bmv2] [T] [thread 70182] [16.0] [cxt 0] Read register 'shared_counters' at index 0 read value 33
t=0.016 sw=1 flow=0 pkt=16 | [12:13:07.322] [bmv2] [T] [thread 70182] [16.0] [cxt 0] log_probe.p4(107) Primitive n + 1
t=0.016 sw=1 flow=0 pkt=16 | [12:13:07.322] [bmv2] [T] [thread 70182] [16.0] [cxt 0] log_probe.p4(107) Primitive shared_counters.write(32w0, n + 1)
t=0.016 sw=1 flow=0 pkt=16 | [12:13:07.322] [bmv2] [T] [thread 70182] [16.0] [cxt 0] Wrote register 'shared_counters' at index 0 with value 34
t=0.016 sw=1 flow=0 pkt=16 | [12:13:07.322] [bmv2] [T] [thread 70182] [16.0] [cxt 0] log_probe.p4(111) Primitive shared_counters.read(e, 32w1)
t=0.016 sw=1 flow=0 pkt=16 | [12:13:07.322] [bmv2] [T] [thread 70182] [16.0] [cxt 0] Read register 'shared_counters' at index 1 read value 16
t=0.016 sw=1 flow=0 pkt=16 | [12:13:07.323] [bmv2] [T] [thread 70182] [16.0] [cxt 0] log_probe.p4(112) Primitive e + 1
t=0.016 sw=1 flow=0 pkt=16 | [12:13:07.323] [bmv2] [T] [thread 70182] [16.0] [cxt 0] log_probe.p4(112) Primitive shared_counters.write(32w1, e + 1)
t=0.016 sw=1 flow=0 pkt=16 | [12:13:07.323] [bmv2] [T] [thread 70182] [16.0] [cxt 0] Wrote register 'shared_counters' at index 1 with value 17
t=0.016 sw=1 flow=0 pkt=16 | [12:13:07.323] [bmv2] [D] [thread 70182] [16.0] [cxt 0] Pipeline 'egress': end
t=0.016 sw=1 flow=0 pkt=16 | [12:13:07.323] [bmv2] [D] [thread 70182] [16.0] [cxt 0] Deparser 'deparser': start
t=0.016 sw=1 flow=0 pkt=16 | [12:13:07.323] [bmv2] [D] [thread 70182] [16.0] [cxt 0] Deparsing header 'ethernet'
t=0.016 sw=1 flow=0 pkt=16 | [12:13:07.323] [bmv2] [D] [thread 70182] [16.0] [cxt 0] Deparsing header 'ipv4'
t=0.016 sw=1 flow=0 pkt=16 | [12:13:07.323] [bmv2] [D] [thread 70182] [16.0] [cxt 0] Deparser 'deparser': end
t=0.017 sw=1 flow=1 pkt=17 | [12:13:07.323] [bmv2] [D] [thread 70182] [17.0] [cxt 0] Parser 'parser': start
t=0.017 sw=1 flow=1 pkt=17 | [12:13:07.323] [bmv2] [D] [thread 70182] [17.0] [cxt 0] Parser 'parser' entering state 'start'
t=0.017 sw=1 flow=1 pkt=17 | [12:13:07.323] [bmv2] [D] [thread 70182] [17.0] [cxt 0] Extracting header 'ethernet'
t=0.017 sw=1 flow=1 pkt=17 | [12:13:07.323] [bmv2] [D] [thread 70182] [17.0] [cxt 0] Parser state 'start': key is 0800
t=0.017 sw=1 flow=1 pkt=17 | [12:13:07.323] [bmv2] [T] [thread 70182] [17.0] [cxt 0] Bytes parsed: 14
t=0.017 sw=1 flow=1 pkt=17 | [12:13:07.323] [bmv2] [D] [thread 70182] [17.0] [cxt 0] Parser 'parser' entering state 'parse_ipv4'
t=0.017 sw=1 flow=1 pkt=17 | [12:13:07.323] [bmv2] [D] [thread 70182] [17.0] [cxt 0] Extracting header 'ipv4'
t=0.017 sw=1 flow=1 pkt=17 | [12:13:07.323] [bmv2] [D] [thread 70182] [17.0] [cxt 0] Parser state 'parse_ipv4' has no switch, going to default next state
t=0.017 sw=1 flow=1 pkt=17 | [12:13:07.323] [bmv2] [T] [thread 70182] [17.0] [cxt 0] Bytes parsed: 34
t=0.017 sw=1 flow=1 pkt=17 | [12:13:07.323] [bmv2] [D] [thread 70182] [17.0] [cxt 0] Parser 'parser': end
t=0.017 sw=1 flow=1 pkt=17 | [12:13:07.323] [bmv2] [D] [thread 70182] [17.0] [cxt 0] Pipeline 'ingress': start
t=0.017 sw=1 flow=1 pkt=17 | [12:13:07.323] [bmv2] [T] [thread 70182] [17.0] [cxt 0] log_probe.p4(87) Condition "hdr.ipv4.isValid()" (node_2) is true
t=0.017 sw=1 flow=1 pkt=17 | [12:13:07.323] [bmv2] [T] [thread 70182] [17.0] [cxt 0] Applying table 'tbl_log_probe89'
t=0.017 sw=1 flow=1 pkt=17 | [12:13:07.323] [bmv2] [D] [thread 70182] [17.0] [cxt 0] Looking up key:
t=0.017 sw=1 flow=1 pkt=17 | [12:13:07.323] [bmv2] [D] [thread 70182] [17.0] [cxt 0] Table 'tbl_log_probe89': miss
t=0.017 sw=1 flow=1 pkt=17 | [12:13:07.323] [bmv2] [D] [thread 70182] [17.0] [cxt 0] Action entry is log_probe89 - 
t=0.017 sw=1 flow=1 pkt=17 | [12:13:07.323] [bmv2] [T] [thread 70182] [17.0] [cxt 0] Action log_probe89
t=0.017 sw=1 flow=1 pkt=17 | [12:13:07.323] [bmv2] [T] [thread 70182] [17.0] [cxt 0] log_probe.p4(89) Primitive shared_counters.read(n, 32w0)
t=0.017 sw=1 flow=1 pkt=17 | [12:13:07.323] [bmv2] [T] [thread 70182] [17.0] [cxt 0] Read register 'shared_counters' at index 0 read value 34
t=0.017 sw=1 flow=1 pkt=17 | [12:13:07.323] [bmv2] [T] [thread 70182] [17.0] [cxt 0] log_probe.p4(90) Primitive n + 1
t=0.017 sw=1 flow=1 pkt=17 | [12:13:07.323] [bmv2] [T] [thread 70182] [17.0] [cxt 0] log_probe.p4(90) Primitive shared_counters.write(32w0, n + 1)
t=0.017 sw=1 flow=1 pkt=17 | [12:13:07.323] [bmv2] [T] [thread 70182] [17.0] [cxt 0] Wrote register 'shared_counters' at index 0 with value 35
t=0.017 sw=1 flow=1 pkt=17 | [12:13:07.323] [bmv2] [T] [thread 70182] [17.0] [cxt 0] log_probe.p4(93) Primitive hdr.ipv4.dstAddr
t=0.017 sw=1 flow=1 pkt=17 | [12:13:07.323] [bmv2] [T] [thread 70182] [17.0] [cxt 0] log_probe.p4(93) Primitive hdr.ipv4.ttl
t=0.017 sw=1 flow=1 pkt=17 | [12:13:07.323] [bmv2] [T] [thread 70182] [17.0] [cxt 0] log_probe.p4(93) Primitive n
t=0.017 sw=1 flow=1 pkt=17 | [12:13:07.323] [bmv2] [T] [thread 70182] [17.0] [cxt 0] log_probe.p4(92) Primitive             log_msg(\"INGRESS dst={} ttl={} counter={}\",
t=0.017 sw=1 flow=1 pkt=17 | [12:13:07.323] [bmv2] [I] [thread 70182] INGRESS dst=167837954 ttl=33 counter=34
t=0.017 sw=1 flow=1 pkt=17 | [12:13:07.323] [bmv2] [T] [thread 70182] [17.0] [cxt 0] Applying table 'MyIngress.ipv4_exact'
t=0.017 sw=1 flow=1 pkt=17 | [12:13:07.323] [bmv2] [D] [thread 70182] [17.0] [cxt 0] Looking up key:
t=0.017 sw=1 flow=1 pkt=17 | * hdr.ipv4.dstAddr    : 0a010102
t=0.017 sw=1 flow=1 pkt=17 | [12:13:07.323] [bmv2] [D] [thread 70182] [17.0] [cxt 0] Table 'MyIngress.ipv4_exact': hit with handle 1
t=0.017 sw=1 flow=1 pkt=17 | [12:13:07.323] [bmv2] [D] [thread 70182] [17.0] [cxt 0] Dumping entry 1
t=0.017 sw=1 flow=1 pkt=17 | Match key:
t=0.017 sw=1 flow=1 pkt=17 | * hdr.ipv4.dstAddr    : EXACT     0a010102
t=0.017 sw=1 flow=1 pkt=17 | Action entry: MyIngress.forward - 1,
t=0.017 sw=1 flow=1 pkt=17 | [12:13:07.323] [bmv2] [D] [thread 70182] [17.0] [cxt 0] Action entry is MyIngress.forward - 1,
t=0.017 sw=1 flow=1 pkt=17 | [12:13:07.323] [bmv2] [T] [thread 70182] [17.0] [cxt 0] Action MyIngress.forward
t=0.017 sw=1 flow=1 pkt=17 | [12:13:07.323] [bmv2] [T] [thread 70182] [17.0] [cxt 0] log_probe.p4(70) Primitive standard_metadata.egress_spec = port
t=0.017 sw=1 flow=1 pkt=17 | [12:13:07.323] [bmv2] [T] [thread 70182] [17.0] [cxt 0] log_probe.p4(71) Primitive hdr.ipv4.ttl = hdr.ipv4.ttl - 1
t=0.017 sw=1 flow=1 pkt=17 | [12:13:07.323] [bmv2] [T] [thread 70182] [17.0] [cxt 0] Applying table 'tbl_log_probe95'
t=0.017 sw=1 flow=1 pkt=17 | [12:13:07.323] [bmv2] [D] [thread 70182] [17.0] [cxt 0] Looking up key:
t=0.017 sw=1 flow=1 pkt=17 | [12:13:07.324] [bmv2] [D] [thread 70182] [17.0] [cxt 0] Table 'tbl_log_probe95': miss
t=0.017 sw=1 flow=1 pkt=17 | [12:13:07.324] [bmv2] [D] [thread 70182] [17.0] [cxt 0] Action entry is log_probe95 - 
t=0.017 sw=1 flow=1 pkt=17 | [12:13:07.324] [bmv2] [T] [thread 70182] [17.0] [cxt 0] Action log_probe95
t=0.017 sw=1 flow=1 pkt=17 | [12:13:07.324] [bmv2] [T] [thread 70182] [17.0] [cxt 0] log_probe.p4(95) Primitive             log_msg(\"INGRESS decided egress_spec={}\", {standard_metadata.egress_spec});
t=0.017 sw=1 flow=1 pkt=17 | [12:13:07.324] [bmv2] [T] [thread 70182] [17.0] [cxt 0] log_probe.p4(95) Primitive             log_msg(\"INGRESS decided egress_spec={}\", {standard_metadata.egress_spec});
t=0.017 sw=1 flow=1 pkt=17 | [12:13:07.324] [bmv2] [I] [thread 70182] INGRESS decided egress_spec=1
t=0.017 sw=1 flow=1 pkt=17 | [12:13:07.324] [bmv2] [D] [thread 70182] [17.0] [cxt 0] Pipeline 'ingress': end
t=0.017 sw=1 flow=1 pkt=17 | [12:13:07.324] [bmv2] [D] [thread 70182] [17.0] [cxt 0] Pipeline 'egress': start
t=0.017 sw=1 flow=1 pkt=17 | [12:13:07.324] [bmv2] [T] [thread 70182] [17.0] [cxt 0] log_probe.p4(103) Condition "hdr.ipv4.isValid()" (node_8) is true
t=0.017 sw=1 flow=1 pkt=17 | [12:13:07.324] [bmv2] [T] [thread 70182] [17.0] [cxt 0] Applying table 'tbl_log_probe106'
t=0.017 sw=1 flow=1 pkt=17 | [12:13:07.324] [bmv2] [D] [thread 70182] [17.0] [cxt 0] Looking up key:
t=0.017 sw=1 flow=1 pkt=17 | [12:13:07.324] [bmv2] [D] [thread 70182] [17.0] [cxt 0] Table 'tbl_log_probe106': miss
t=0.017 sw=1 flow=1 pkt=17 | [12:13:07.324] [bmv2] [D] [thread 70182] [17.0] [cxt 0] Action entry is log_probe106 - 
t=0.017 sw=1 flow=1 pkt=17 | [12:13:07.324] [bmv2] [T] [thread 70182] [17.0] [cxt 0] Action log_probe106
t=0.017 sw=1 flow=1 pkt=17 | [12:13:07.324] [bmv2] [T] [thread 70182] [17.0] [cxt 0] log_probe.p4(106) Primitive shared_counters.read(n, 32w0)
t=0.017 sw=1 flow=1 pkt=17 | [12:13:07.324] [bmv2] [T] [thread 70182] [17.0] [cxt 0] Read register 'shared_counters' at index 0 read value 35
t=0.017 sw=1 flow=1 pkt=17 | [12:13:07.324] [bmv2] [T] [thread 70182] [17.0] [cxt 0] log_probe.p4(107) Primitive n + 1
t=0.017 sw=1 flow=1 pkt=17 | [12:13:07.324] [bmv2] [T] [thread 70182] [17.0] [cxt 0] log_probe.p4(107) Primitive shared_counters.write(32w0, n + 1)
t=0.017 sw=1 flow=1 pkt=17 | [12:13:07.324] [bmv2] [T] [thread 70182] [17.0] [cxt 0] Wrote register 'shared_counters' at index 0 with value 36
t=0.017 sw=1 flow=1 pkt=17 | [12:13:07.324] [bmv2] [T] [thread 70182] [17.0] [cxt 0] log_probe.p4(111) Primitive shared_counters.read(e, 32w1)
t=0.017 sw=1 flow=1 pkt=17 | [12:13:07.324] [bmv2] [T] [thread 70182] [17.0] [cxt 0] Read register 'shared_counters' at index 1 read value 17
t=0.017 sw=1 flow=1 pkt=17 | [12:13:07.324] [bmv2] [T] [thread 70182] [17.0] [cxt 0] log_probe.p4(112) Primitive e + 1
t=0.017 sw=1 flow=1 pkt=17 | [12:13:07.324] [bmv2] [T] [thread 70182] [17.0] [cxt 0] log_probe.p4(112) Primitive shared_counters.write(32w1, e + 1)
t=0.017 sw=1 flow=1 pkt=17 | [12:13:07.324] [bmv2] [T] [thread 70182] [17.0] [cxt 0] Wrote register 'shared_counters' at index 1 with value 18
t=0.017 sw=1 flow=1 pkt=17 | [12:13:07.324] [bmv2] [D] [thread 70182] [17.0] [cxt 0] Pipeline 'egress': end
t=0.017 sw=1 flow=1 pkt=17 | [12:13:07.324] [bmv2] [D] [thread 70182] [17.0] [cxt 0] Deparser 'deparser': start
t=0.017 sw=1 flow=1 pkt=17 | [12:13:07.324] [bmv2] [D] [thread 70182] [17.0] [cxt 0] Deparsing header 'ethernet'
t=0.017 sw=1 flow=1 pkt=17 | [12:13:07.324] [bmv2] [D] [thread 70182] [17.0] [cxt 0] Deparsing header 'ipv4'
t=0.017 sw=1 flow=1 pkt=17 | [12:13:07.324] [bmv2] [D] [thread 70182] [17.0] [cxt 0] Deparser 'deparser': end
t=0.018 sw=1 flow=0 pkt=18 | [12:13:07.324] [bmv2] [D] [thread 70182] [18.0] [cxt 0] Parser 'parser': start
t=0.018 sw=1 flow=0 pkt=18 | [12:13:07.324] [bmv2] [D] [thread 70182] [18.0] [cxt 0] Parser 'parser' entering state 'start'
t=0.018 sw=1 flow=0 pkt=18 | [12:13:07.324] [bmv2] [D] [thread 70182] [18.0] [cxt 0] Extracting header 'ethernet'
t=0.018 sw=1 flow=0 pkt=18 | [12:13:07.324] [bmv2] [D] [thread 70182] [18.0] [cxt 0] Parser state 'start': key is 0800
t=0.018 sw=1 flow=0 pkt=18 | [12:13:07.324] [bmv2] [T] [thread 70182] [18.0] [cxt 0] Bytes parsed: 14
t=0.018 sw=1 flow=0 pkt=18 | [12:13:07.324] [bmv2] [D] [thread 70182] [18.0] [cxt 0] Parser 'parser' entering state 'parse_ipv4'
t=0.018 sw=1 flow=0 pkt=18 | [12:13:07.324] [bmv2] [D] [thread 70182] [18.0] [cxt 0] Extracting header 'ipv4'
t=0.018 sw=1 flow=0 pkt=18 | [12:13:07.324] [bmv2] [D] [thread 70182] [18.0] [cxt 0] Parser state 'parse_ipv4' has no switch, going to default next state
t=0.018 sw=1 flow=0 pkt=18 | [12:13:07.324] [bmv2] [T] [thread 70182] [18.0] [cxt 0] Bytes parsed: 34
t=0.018 sw=1 flow=0 pkt=18 | [12:13:07.324] [bmv2] [D] [thread 70182] [18.0] [cxt 0] Parser 'parser': end
t=0.018 sw=1 flow=0 pkt=18 | [12:13:07.324] [bmv2] [D] [thread 70182] [18.0] [cxt 0] Pipeline 'ingress': start
t=0.018 sw=1 flow=0 pkt=18 | [12:13:07.324] [bmv2] [T] [thread 70182] [18.0] [cxt 0] log_probe.p4(87) Condition "hdr.ipv4.isValid()" (node_2) is true
t=0.018 sw=1 flow=0 pkt=18 | [12:13:07.324] [bmv2] [T] [thread 70182] [18.0] [cxt 0] Applying table 'tbl_log_probe89'
t=0.018 sw=1 flow=0 pkt=18 | [12:13:07.324] [bmv2] [D] [thread 70182] [18.0] [cxt 0] Looking up key:
t=0.018 sw=1 flow=0 pkt=18 | [12:13:07.324] [bmv2] [D] [thread 70182] [18.0] [cxt 0] Table 'tbl_log_probe89': miss
t=0.018 sw=1 flow=0 pkt=18 | [12:13:07.324] [bmv2] [D] [thread 70182] [18.0] [cxt 0] Action entry is log_probe89 - 
t=0.018 sw=1 flow=0 pkt=18 | [12:13:07.324] [bmv2] [T] [thread 70182] [18.0] [cxt 0] Action log_probe89
t=0.018 sw=1 flow=0 pkt=18 | [12:13:07.324] [bmv2] [T] [thread 70182] [18.0] [cxt 0] log_probe.p4(89) Primitive shared_counters.read(n, 32w0)
t=0.018 sw=1 flow=0 pkt=18 | [12:13:07.324] [bmv2] [T] [thread 70182] [18.0] [cxt 0] Read register 'shared_counters' at index 0 read value 36
t=0.018 sw=1 flow=0 pkt=18 | [12:13:07.324] [bmv2] [T] [thread 70182] [18.0] [cxt 0] log_probe.p4(90) Primitive n + 1
t=0.018 sw=1 flow=0 pkt=18 | [12:13:07.324] [bmv2] [T] [thread 70182] [18.0] [cxt 0] log_probe.p4(90) Primitive shared_counters.write(32w0, n + 1)
t=0.018 sw=1 flow=0 pkt=18 | [12:13:07.324] [bmv2] [T] [thread 70182] [18.0] [cxt 0] Wrote register 'shared_counters' at index 0 with value 37
t=0.018 sw=1 flow=0 pkt=18 | [12:13:07.324] [bmv2] [T] [thread 70182] [18.0] [cxt 0] log_probe.p4(93) Primitive hdr.ipv4.dstAddr
t=0.018 sw=1 flow=0 pkt=18 | [12:13:07.324] [bmv2] [T] [thread 70182] [18.0] [cxt 0] log_probe.p4(93) Primitive hdr.ipv4.ttl
t=0.018 sw=1 flow=0 pkt=18 | [12:13:07.324] [bmv2] [T] [thread 70182] [18.0] [cxt 0] log_probe.p4(93) Primitive n
t=0.018 sw=1 flow=0 pkt=18 | [12:13:07.324] [bmv2] [T] [thread 70182] [18.0] [cxt 0] log_probe.p4(92) Primitive             log_msg(\"INGRESS dst={} ttl={} counter={}\",
t=0.018 sw=1 flow=0 pkt=18 | [12:13:07.324] [bmv2] [I] [thread 70182] INGRESS dst=167837953 ttl=34 counter=36
t=0.018 sw=1 flow=0 pkt=18 | [12:13:07.324] [bmv2] [T] [thread 70182] [18.0] [cxt 0] Applying table 'MyIngress.ipv4_exact'
t=0.018 sw=1 flow=0 pkt=18 | [12:13:07.324] [bmv2] [D] [thread 70182] [18.0] [cxt 0] Looking up key:
t=0.018 sw=1 flow=0 pkt=18 | * hdr.ipv4.dstAddr    : 0a010101
t=0.018 sw=1 flow=0 pkt=18 | [12:13:07.324] [bmv2] [D] [thread 70182] [18.0] [cxt 0] Table 'MyIngress.ipv4_exact': hit with handle 0
t=0.018 sw=1 flow=0 pkt=18 | [12:13:07.324] [bmv2] [D] [thread 70182] [18.0] [cxt 0] Dumping entry 0
t=0.018 sw=1 flow=0 pkt=18 | Match key:
t=0.018 sw=1 flow=0 pkt=18 | * hdr.ipv4.dstAddr    : EXACT     0a010101
t=0.018 sw=1 flow=0 pkt=18 | Action entry: MyIngress.forward - 0,
t=0.018 sw=1 flow=0 pkt=18 | [12:13:07.324] [bmv2] [D] [thread 70182] [18.0] [cxt 0] Action entry is MyIngress.forward - 0,
t=0.018 sw=1 flow=0 pkt=18 | [12:13:07.324] [bmv2] [T] [thread 70182] [18.0] [cxt 0] Action MyIngress.forward
t=0.018 sw=1 flow=0 pkt=18 | [12:13:07.324] [bmv2] [T] [thread 70182] [18.0] [cxt 0] log_probe.p4(70) Primitive standard_metadata.egress_spec = port
t=0.018 sw=1 flow=0 pkt=18 | [12:13:07.324] [bmv2] [T] [thread 70182] [18.0] [cxt 0] log_probe.p4(71) Primitive hdr.ipv4.ttl = hdr.ipv4.ttl - 1
t=0.018 sw=1 flow=0 pkt=18 | [12:13:07.324] [bmv2] [T] [thread 70182] [18.0] [cxt 0] Applying table 'tbl_log_probe95'
t=0.018 sw=1 flow=0 pkt=18 | [12:13:07.324] [bmv2] [D] [thread 70182] [18.0] [cxt 0] Looking up key:
t=0.018 sw=1 flow=0 pkt=18 | [12:13:07.324] [bmv2] [D] [thread 70182] [18.0] [cxt 0] Table 'tbl_log_probe95': miss
t=0.018 sw=1 flow=0 pkt=18 | [12:13:07.324] [bmv2] [D] [thread 70182] [18.0] [cxt 0] Action entry is log_probe95 - 
t=0.018 sw=1 flow=0 pkt=18 | [12:13:07.324] [bmv2] [T] [thread 70182] [18.0] [cxt 0] Action log_probe95
t=0.018 sw=1 flow=0 pkt=18 | [12:13:07.324] [bmv2] [T] [thread 70182] [18.0] [cxt 0] log_probe.p4(95) Primitive             log_msg(\"INGRESS decided egress_spec={}\", {standard_metadata.egress_spec});
t=0.018 sw=1 flow=0 pkt=18 | [12:13:07.324] [bmv2] [T] [thread 70182] [18.0] [cxt 0] log_probe.p4(95) Primitive             log_msg(\"INGRESS decided egress_spec={}\", {standard_metadata.egress_spec});
t=0.018 sw=1 flow=0 pkt=18 | [12:13:07.324] [bmv2] [I] [thread 70182] INGRESS decided egress_spec=0
t=0.018 sw=1 flow=0 pkt=18 | [12:13:07.324] [bmv2] [D] [thread 70182] [18.0] [cxt 0] Pipeline 'ingress': end
t=0.018 sw=1 flow=0 pkt=18 | [12:13:07.324] [bmv2] [D] [thread 70182] [18.0] [cxt 0] Pipeline 'egress': start
t=0.018 sw=1 flow=0 pkt=18 | [12:13:07.324] [bmv2] [T] [thread 70182] [18.0] [cxt 0] log_probe.p4(103) Condition "hdr.ipv4.isValid()" (node_8) is true
t=0.018 sw=1 flow=0 pkt=18 | [12:13:07.325] [bmv2] [T] [thread 70182] [18.0] [cxt 0] Applying table 'tbl_log_probe106'
t=0.018 sw=1 flow=0 pkt=18 | [12:13:07.325] [bmv2] [D] [thread 70182] [18.0] [cxt 0] Looking up key:
t=0.018 sw=1 flow=0 pkt=18 | [12:13:07.325] [bmv2] [D] [thread 70182] [18.0] [cxt 0] Table 'tbl_log_probe106': miss
t=0.018 sw=1 flow=0 pkt=18 | [12:13:07.325] [bmv2] [D] [thread 70182] [18.0] [cxt 0] Action entry is log_probe106 - 
t=0.018 sw=1 flow=0 pkt=18 | [12:13:07.325] [bmv2] [T] [thread 70182] [18.0] [cxt 0] Action log_probe106
t=0.018 sw=1 flow=0 pkt=18 | [12:13:07.325] [bmv2] [T] [thread 70182] [18.0] [cxt 0] log_probe.p4(106) Primitive shared_counters.read(n, 32w0)
t=0.018 sw=1 flow=0 pkt=18 | [12:13:07.325] [bmv2] [T] [thread 70182] [18.0] [cxt 0] Read register 'shared_counters' at index 0 read value 37
t=0.018 sw=1 flow=0 pkt=18 | [12:13:07.325] [bmv2] [T] [thread 70182] [18.0] [cxt 0] log_probe.p4(107) Primitive n + 1
t=0.018 sw=1 flow=0 pkt=18 | [12:13:07.325] [bmv2] [T] [thread 70182] [18.0] [cxt 0] log_probe.p4(107) Primitive shared_counters.write(32w0, n + 1)
t=0.018 sw=1 flow=0 pkt=18 | [12:13:07.325] [bmv2] [T] [thread 70182] [18.0] [cxt 0] Wrote register 'shared_counters' at index 0 with value 38
t=0.018 sw=1 flow=0 pkt=18 | [12:13:07.325] [bmv2] [T] [thread 70182] [18.0] [cxt 0] log_probe.p4(111) Primitive shared_counters.read(e, 32w1)
t=0.018 sw=1 flow=0 pkt=18 | [12:13:07.325] [bmv2] [T] [thread 70182] [18.0] [cxt 0] Read register 'shared_counters' at index 1 read value 18
t=0.018 sw=1 flow=0 pkt=18 | [12:13:07.325] [bmv2] [T] [thread 70182] [18.0] [cxt 0] log_probe.p4(112) Primitive e + 1
t=0.018 sw=1 flow=0 pkt=18 | [12:13:07.325] [bmv2] [T] [thread 70182] [18.0] [cxt 0] log_probe.p4(112) Primitive shared_counters.write(32w1, e + 1)
t=0.018 sw=1 flow=0 pkt=18 | [12:13:07.325] [bmv2] [T] [thread 70182] [18.0] [cxt 0] Wrote register 'shared_counters' at index 1 with value 19
t=0.018 sw=1 flow=0 pkt=18 | [12:13:07.325] [bmv2] [D] [thread 70182] [18.0] [cxt 0] Pipeline 'egress': end
t=0.018 sw=1 flow=0 pkt=18 | [12:13:07.325] [bmv2] [D] [thread 70182] [18.0] [cxt 0] Deparser 'deparser': start
t=0.018 sw=1 flow=0 pkt=18 | [12:13:07.325] [bmv2] [D] [thread 70182] [18.0] [cxt 0] Deparsing header 'ethernet'
t=0.018 sw=1 flow=0 pkt=18 | [12:13:07.325] [bmv2] [D] [thread 70182] [18.0] [cxt 0] Deparsing header 'ipv4'
t=0.018 sw=1 flow=0 pkt=18 | [12:13:07.325] [bmv2] [D] [thread 70182] [18.0] [cxt 0] Deparser 'deparser': end
t=0.019 sw=1 flow=1 pkt=19 | [12:13:07.325] [bmv2] [D] [thread 70182] [19.0] [cxt 0] Parser 'parser': start
t=0.019 sw=1 flow=1 pkt=19 | [12:13:07.325] [bmv2] [D] [thread 70182] [19.0] [cxt 0] Parser 'parser' entering state 'start'
t=0.019 sw=1 flow=1 pkt=19 | [12:13:07.325] [bmv2] [D] [thread 70182] [19.0] [cxt 0] Extracting header 'ethernet'
t=0.019 sw=1 flow=1 pkt=19 | [12:13:07.325] [bmv2] [D] [thread 70182] [19.0] [cxt 0] Parser state 'start': key is 0800
t=0.019 sw=1 flow=1 pkt=19 | [12:13:07.325] [bmv2] [T] [thread 70182] [19.0] [cxt 0] Bytes parsed: 14
t=0.019 sw=1 flow=1 pkt=19 | [12:13:07.325] [bmv2] [D] [thread 70182] [19.0] [cxt 0] Parser 'parser' entering state 'parse_ipv4'
t=0.019 sw=1 flow=1 pkt=19 | [12:13:07.325] [bmv2] [D] [thread 70182] [19.0] [cxt 0] Extracting header 'ipv4'
t=0.019 sw=1 flow=1 pkt=19 | [12:13:07.325] [bmv2] [D] [thread 70182] [19.0] [cxt 0] Parser state 'parse_ipv4' has no switch, going to default next state
t=0.019 sw=1 flow=1 pkt=19 | [12:13:07.325] [bmv2] [T] [thread 70182] [19.0] [cxt 0] Bytes parsed: 34
t=0.019 sw=1 flow=1 pkt=19 | [12:13:07.325] [bmv2] [D] [thread 70182] [19.0] [cxt 0] Parser 'parser': end
t=0.019 sw=1 flow=1 pkt=19 | [12:13:07.325] [bmv2] [D] [thread 70182] [19.0] [cxt 0] Pipeline 'ingress': start
t=0.019 sw=1 flow=1 pkt=19 | [12:13:07.325] [bmv2] [T] [thread 70182] [19.0] [cxt 0] log_probe.p4(87) Condition "hdr.ipv4.isValid()" (node_2) is true
t=0.019 sw=1 flow=1 pkt=19 | [12:13:07.325] [bmv2] [T] [thread 70182] [19.0] [cxt 0] Applying table 'tbl_log_probe89'
t=0.019 sw=1 flow=1 pkt=19 | [12:13:07.325] [bmv2] [D] [thread 70182] [19.0] [cxt 0] Looking up key:
t=0.019 sw=1 flow=1 pkt=19 | [12:13:07.325] [bmv2] [D] [thread 70182] [19.0] [cxt 0] Table 'tbl_log_probe89': miss
t=0.019 sw=1 flow=1 pkt=19 | [12:13:07.325] [bmv2] [D] [thread 70182] [19.0] [cxt 0] Action entry is log_probe89 - 
t=0.019 sw=1 flow=1 pkt=19 | [12:13:07.325] [bmv2] [T] [thread 70182] [19.0] [cxt 0] Action log_probe89
t=0.019 sw=1 flow=1 pkt=19 | [12:13:07.325] [bmv2] [T] [thread 70182] [19.0] [cxt 0] log_probe.p4(89) Primitive shared_counters.read(n, 32w0)
t=0.019 sw=1 flow=1 pkt=19 | [12:13:07.325] [bmv2] [T] [thread 70182] [19.0] [cxt 0] Read register 'shared_counters' at index 0 read value 38
t=0.019 sw=1 flow=1 pkt=19 | [12:13:07.325] [bmv2] [T] [thread 70182] [19.0] [cxt 0] log_probe.p4(90) Primitive n + 1
t=0.019 sw=1 flow=1 pkt=19 | [12:13:07.325] [bmv2] [T] [thread 70182] [19.0] [cxt 0] log_probe.p4(90) Primitive shared_counters.write(32w0, n + 1)
t=0.019 sw=1 flow=1 pkt=19 | [12:13:07.325] [bmv2] [T] [thread 70182] [19.0] [cxt 0] Wrote register 'shared_counters' at index 0 with value 39
t=0.019 sw=1 flow=1 pkt=19 | [12:13:07.325] [bmv2] [T] [thread 70182] [19.0] [cxt 0] log_probe.p4(93) Primitive hdr.ipv4.dstAddr
t=0.019 sw=1 flow=1 pkt=19 | [12:13:07.325] [bmv2] [T] [thread 70182] [19.0] [cxt 0] log_probe.p4(93) Primitive hdr.ipv4.ttl
t=0.019 sw=1 flow=1 pkt=19 | [12:13:07.325] [bmv2] [T] [thread 70182] [19.0] [cxt 0] log_probe.p4(93) Primitive n
t=0.019 sw=1 flow=1 pkt=19 | [12:13:07.325] [bmv2] [T] [thread 70182] [19.0] [cxt 0] log_probe.p4(92) Primitive             log_msg(\"INGRESS dst={} ttl={} counter={}\",
t=0.019 sw=1 flow=1 pkt=19 | [12:13:07.325] [bmv2] [I] [thread 70182] INGRESS dst=167837954 ttl=35 counter=38
t=0.019 sw=1 flow=1 pkt=19 | [12:13:07.325] [bmv2] [T] [thread 70182] [19.0] [cxt 0] Applying table 'MyIngress.ipv4_exact'
t=0.019 sw=1 flow=1 pkt=19 | [12:13:07.325] [bmv2] [D] [thread 70182] [19.0] [cxt 0] Looking up key:
t=0.019 sw=1 flow=1 pkt=19 | * hdr.ipv4.dstAddr    : 0a010102
t=0.019 sw=1 flow=1 pkt=19 | [12:13:07.326] [bmv2] [D] [thread 70182] [19.0] [cxt 0] Table 'MyIngress.ipv4_exact': hit with handle 1
t=0.019 sw=1 flow=1 pkt=19 | [12:13:07.326] [bmv2] [D] [thread 70182] [19.0] [cxt 0] Dumping entry 1
t=0.019 sw=1 flow=1 pkt=19 | Match key:
t=0.019 sw=1 flow=1 pkt=19 | * hdr.ipv4.dstAddr    : EXACT     0a010102
t=0.019 sw=1 flow=1 pkt=19 | Action entry: MyIngress.forward - 1,
t=0.019 sw=1 flow=1 pkt=19 | [12:13:07.326] [bmv2] [D] [thread 70182] [19.0] [cxt 0] Action entry is MyIngress.forward - 1,
t=0.019 sw=1 flow=1 pkt=19 | [12:13:07.326] [bmv2] [T] [thread 70182] [19.0] [cxt 0] Action MyIngress.forward
t=0.019 sw=1 flow=1 pkt=19 | [12:13:07.326] [bmv2] [T] [thread 70182] [19.0] [cxt 0] log_probe.p4(70) Primitive standard_metadata.egress_spec = port
t=0.019 sw=1 flow=1 pkt=19 | [12:13:07.326] [bmv2] [T] [thread 70182] [19.0] [cxt 0] log_probe.p4(71) Primitive hdr.ipv4.ttl = hdr.ipv4.ttl - 1
t=0.019 sw=1 flow=1 pkt=19 | [12:13:07.326] [bmv2] [T] [thread 70182] [19.0] [cxt 0] Applying table 'tbl_log_probe95'
t=0.019 sw=1 flow=1 pkt=19 | [12:13:07.326] [bmv2] [D] [thread 70182] [19.0] [cxt 0] Looking up key:
t=0.019 sw=1 flow=1 pkt=19 | [12:13:07.326] [bmv2] [D] [thread 70182] [19.0] [cxt 0] Table 'tbl_log_probe95': miss
t=0.019 sw=1 flow=1 pkt=19 | [12:13:07.326] [bmv2] [D] [thread 70182] [19.0] [cxt 0] Action entry is log_probe95 - 
t=0.019 sw=1 flow=1 pkt=19 | [12:13:07.326] [bmv2] [T] [thread 70182] [19.0] [cxt 0] Action log_probe95
t=0.019 sw=1 flow=1 pkt=19 | [12:13:07.326] [bmv2] [T] [thread 70182] [19.0] [cxt 0] log_probe.p4(95) Primitive             log_msg(\"INGRESS decided egress_spec={}\", {standard_metadata.egress_spec});
t=0.019 sw=1 flow=1 pkt=19 | [12:13:07.326] [bmv2] [T] [thread 70182] [19.0] [cxt 0] log_probe.p4(95) Primitive             log_msg(\"INGRESS decided egress_spec={}\", {standard_metadata.egress_spec});
t=0.019 sw=1 flow=1 pkt=19 | [12:13:07.326] [bmv2] [I] [thread 70182] INGRESS decided egress_spec=1
t=0.019 sw=1 flow=1 pkt=19 | [12:13:07.326] [bmv2] [D] [thread 70182] [19.0] [cxt 0] Pipeline 'ingress': end
t=0.019 sw=1 flow=1 pkt=19 | [12:13:07.326] [bmv2] [D] [thread 70182] [19.0] [cxt 0] Pipeline 'egress': start
t=0.019 sw=1 flow=1 pkt=19 | [12:13:07.326] [bmv2] [T] [thread 70182] [19.0] [cxt 0] log_probe.p4(103) Condition "hdr.ipv4.isValid()" (node_8) is true
t=0.019 sw=1 flow=1 pkt=19 | [12:13:07.326] [bmv2] [T] [thread 70182] [19.0] [cxt 0] Applying table 'tbl_log_probe106'
t=0.019 sw=1 flow=1 pkt=19 | [12:13:07.326] [bmv2] [D] [thread 70182] [19.0] [cxt 0] Looking up key:
t=0.019 sw=1 flow=1 pkt=19 | [12:13:07.326] [bmv2] [D] [thread 70182] [19.0] [cxt 0] Table 'tbl_log_probe106': miss
t=0.019 sw=1 flow=1 pkt=19 | [12:13:07.326] [bmv2] [D] [thread 70182] [19.0] [cxt 0] Action entry is log_probe106 - 
t=0.019 sw=1 flow=1 pkt=19 | [12:13:07.326] [bmv2] [T] [thread 70182] [19.0] [cxt 0] Action log_probe106
t=0.019 sw=1 flow=1 pkt=19 | [12:13:07.326] [bmv2] [T] [thread 70182] [19.0] [cxt 0] log_probe.p4(106) Primitive shared_counters.read(n, 32w0)
t=0.019 sw=1 flow=1 pkt=19 | [12:13:07.326] [bmv2] [T] [thread 70182] [19.0] [cxt 0] Read register 'shared_counters' at index 0 read value 39
t=0.019 sw=1 flow=1 pkt=19 | [12:13:07.326] [bmv2] [T] [thread 70182] [19.0] [cxt 0] log_probe.p4(107) Primitive n + 1
t=0.019 sw=1 flow=1 pkt=19 | [12:13:07.326] [bmv2] [T] [thread 70182] [19.0] [cxt 0] log_probe.p4(107) Primitive shared_counters.write(32w0, n + 1)
t=0.019 sw=1 flow=1 pkt=19 | [12:13:07.326] [bmv2] [T] [thread 70182] [19.0] [cxt 0] Wrote register 'shared_counters' at index 0 with value 40
t=0.019 sw=1 flow=1 pkt=19 | [12:13:07.326] [bmv2] [T] [thread 70182] [19.0] [cxt 0] log_probe.p4(111) Primitive shared_counters.read(e, 32w1)
t=0.019 sw=1 flow=1 pkt=19 | [12:13:07.326] [bmv2] [T] [thread 70182] [19.0] [cxt 0] Read register 'shared_counters' at index 1 read value 19
t=0.019 sw=1 flow=1 pkt=19 | [12:13:07.326] [bmv2] [T] [thread 70182] [19.0] [cxt 0] log_probe.p4(112) Primitive e + 1
t=0.019 sw=1 flow=1 pkt=19 | [12:13:07.326] [bmv2] [T] [thread 70182] [19.0] [cxt 0] log_probe.p4(112) Primitive shared_counters.write(32w1, e + 1)
t=0.019 sw=1 flow=1 pkt=19 | [12:13:07.326] [bmv2] [T] [thread 70182] [19.0] [cxt 0] Wrote register 'shared_counters' at index 1 with value 20
t=0.019 sw=1 flow=1 pkt=19 | [12:13:07.326] [bmv2] [D] [thread 70182] [19.0] [cxt 0] Pipeline 'egress': end
t=0.019 sw=1 flow=1 pkt=19 | [12:13:07.326] [bmv2] [D] [thread 70182] [19.0] [cxt 0] Deparser 'deparser': start
t=0.019 sw=1 flow=1 pkt=19 | [12:13:07.326] [bmv2] [D] [thread 70182] [19.0] [cxt 0] Deparsing header 'ethernet'
t=0.019 sw=1 flow=1 pkt=19 | [12:13:07.326] [bmv2] [D] [thread 70182] [19.0] [cxt 0] Deparsing header 'ipv4'
t=0.019 sw=1 flow=1 pkt=19 | [12:13:07.326] [bmv2] [D] [thread 70182] [19.0] [cxt 0] Deparser 'deparser': end
t=0.02 sw=1 flow=0 pkt=20 | [12:13:07.326] [bmv2] [D] [thread 70182] [20.0] [cxt 0] Parser 'parser': start
t=0.02 sw=1 flow=0 pkt=20 | [12:13:07.326] [bmv2] [D] [thread 70182] [20.0] [cxt 0] Parser 'parser' entering state 'start'
t=0.02 sw=1 flow=0 pkt=20 | [12:13:07.326] [bmv2] [D] [thread 70182] [20.0] [cxt 0] Extracting header 'ethernet'
t=0.02 sw=1 flow=0 pkt=20 | [12:13:07.326] [bmv2] [D] [thread 70182] [20.0] [cxt 0] Parser state 'start': key is 0800
t=0.02 sw=1 flow=0 pkt=20 | [12:13:07.326] [bmv2] [T] [thread 70182] [20.0] [cxt 0] Bytes parsed: 14
t=0.02 sw=1 flow=0 pkt=20 | [12:13:07.326] [bmv2] [D] [thread 70182] [20.0] [cxt 0] Parser 'parser' entering state 'parse_ipv4'
t=0.02 sw=1 flow=0 pkt=20 | [12:13:07.326] [bmv2] [D] [thread 70182] [20.0] [cxt 0] Extracting header 'ipv4'
t=0.02 sw=1 flow=0 pkt=20 | [12:13:07.326] [bmv2] [D] [thread 70182] [20.0] [cxt 0] Parser state 'parse_ipv4' has no switch, going to default next state
t=0.02 sw=1 flow=0 pkt=20 | [12:13:07.326] [bmv2] [T] [thread 70182] [20.0] [cxt 0] Bytes parsed: 34
t=0.02 sw=1 flow=0 pkt=20 | [12:13:07.326] [bmv2] [D] [thread 70182] [20.0] [cxt 0] Parser 'parser': end
t=0.02 sw=1 flow=0 pkt=20 | [12:13:07.326] [bmv2] [D] [thread 70182] [20.0] [cxt 0] Pipeline 'ingress': start
t=0.02 sw=1 flow=0 pkt=20 | [12:13:07.326] [bmv2] [T] [thread 70182] [20.0] [cxt 0] log_probe.p4(87) Condition "hdr.ipv4.isValid()" (node_2) is true
t=0.02 sw=1 flow=0 pkt=20 | [12:13:07.326] [bmv2] [T] [thread 70182] [20.0] [cxt 0] Applying table 'tbl_log_probe89'
t=0.02 sw=1 flow=0 pkt=20 | [12:13:07.326] [bmv2] [D] [thread 70182] [20.0] [cxt 0] Looking up key:
t=0.02 sw=1 flow=0 pkt=20 | [12:13:07.326] [bmv2] [D] [thread 70182] [20.0] [cxt 0] Table 'tbl_log_probe89': miss
t=0.02 sw=1 flow=0 pkt=20 | [12:13:07.326] [bmv2] [D] [thread 70182] [20.0] [cxt 0] Action entry is log_probe89 - 
t=0.02 sw=1 flow=0 pkt=20 | [12:13:07.326] [bmv2] [T] [thread 70182] [20.0] [cxt 0] Action log_probe89
t=0.02 sw=1 flow=0 pkt=20 | [12:13:07.326] [bmv2] [T] [thread 70182] [20.0] [cxt 0] log_probe.p4(89) Primitive shared_counters.read(n, 32w0)
t=0.02 sw=1 flow=0 pkt=20 | [12:13:07.326] [bmv2] [T] [thread 70182] [20.0] [cxt 0] Read register 'shared_counters' at index 0 read value 40
t=0.02 sw=1 flow=0 pkt=20 | [12:13:07.326] [bmv2] [T] [thread 70182] [20.0] [cxt 0] log_probe.p4(90) Primitive n + 1
t=0.02 sw=1 flow=0 pkt=20 | [12:13:07.326] [bmv2] [T] [thread 70182] [20.0] [cxt 0] log_probe.p4(90) Primitive shared_counters.write(32w0, n + 1)
t=0.02 sw=1 flow=0 pkt=20 | [12:13:07.326] [bmv2] [T] [thread 70182] [20.0] [cxt 0] Wrote register 'shared_counters' at index 0 with value 41
t=0.02 sw=1 flow=0 pkt=20 | [12:13:07.326] [bmv2] [T] [thread 70182] [20.0] [cxt 0] log_probe.p4(93) Primitive hdr.ipv4.dstAddr
t=0.02 sw=1 flow=0 pkt=20 | [12:13:07.326] [bmv2] [T] [thread 70182] [20.0] [cxt 0] log_probe.p4(93) Primitive hdr.ipv4.ttl
t=0.02 sw=1 flow=0 pkt=20 | [12:13:07.326] [bmv2] [T] [thread 70182] [20.0] [cxt 0] log_probe.p4(93) Primitive n
t=0.02 sw=1 flow=0 pkt=20 | [12:13:07.326] [bmv2] [T] [thread 70182] [20.0] [cxt 0] log_probe.p4(92) Primitive             log_msg(\"INGRESS dst={} ttl={} counter={}\",
t=0.02 sw=1 flow=0 pkt=20 | [12:13:07.326] [bmv2] [I] [thread 70182] INGRESS dst=167837953 ttl=36 counter=40
t=0.02 sw=1 flow=0 pkt=20 | [12:13:07.327] [bmv2] [T] [thread 70182] [20.0] [cxt 0] Applying table 'MyIngress.ipv4_exact'
t=0.02 sw=1 flow=0 pkt=20 | [12:13:07.327] [bmv2] [D] [thread 70182] [20.0] [cxt 0] Looking up key:
t=0.02 sw=1 flow=0 pkt=20 | * hdr.ipv4.dstAddr    : 0a010101
t=0.02 sw=1 flow=0 pkt=20 | [12:13:07.327] [bmv2] [D] [thread 70182] [20.0] [cxt 0] Table 'MyIngress.ipv4_exact': hit with handle 0
t=0.02 sw=1 flow=0 pkt=20 | [12:13:07.327] [bmv2] [D] [thread 70182] [20.0] [cxt 0] Dumping entry 0
t=0.02 sw=1 flow=0 pkt=20 | Match key:
t=0.02 sw=1 flow=0 pkt=20 | * hdr.ipv4.dstAddr    : EXACT     0a010101
t=0.02 sw=1 flow=0 pkt=20 | Action entry: MyIngress.forward - 0,
t=0.02 sw=1 flow=0 pkt=20 | [12:13:07.327] [bmv2] [D] [thread 70182] [20.0] [cxt 0] Action entry is MyIngress.forward - 0,
t=0.02 sw=1 flow=0 pkt=20 | [12:13:07.327] [bmv2] [T] [thread 70182] [20.0] [cxt 0] Action MyIngress.forward
t=0.02 sw=1 flow=0 pkt=20 | [12:13:07.327] [bmv2] [T] [thread 70182] [20.0] [cxt 0] log_probe.p4(70) Primitive standard_metadata.egress_spec = port
t=0.02 sw=1 flow=0 pkt=20 | [12:13:07.327] [bmv2] [T] [thread 70182] [20.0] [cxt 0] log_probe.p4(71) Primitive hdr.ipv4.ttl = hdr.ipv4.ttl - 1
t=0.02 sw=1 flow=0 pkt=20 | [12:13:07.327] [bmv2] [T] [thread 70182] [20.0] [cxt 0] Applying table 'tbl_log_probe95'
t=0.02 sw=1 flow=0 pkt=20 | [12:13:07.327] [bmv2] [D] [thread 70182] [20.0] [cxt 0] Looking up key:
t=0.02 sw=1 flow=0 pkt=20 | [12:13:07.327] [bmv2] [D] [thread 70182] [20.0] [cxt 0] Table 'tbl_log_probe95': miss
t=0.02 sw=1 flow=0 pkt=20 | [12:13:07.327] [bmv2] [D] [thread 70182] [20.0] [cxt 0] Action entry is log_probe95 - 
t=0.02 sw=1 flow=0 pkt=20 | [12:13:07.327] [bmv2] [T] [thread 70182] [20.0] [cxt 0] Action log_probe95
t=0.02 sw=1 flow=0 pkt=20 | [12:13:07.327] [bmv2] [T] [thread 70182] [20.0] [cxt 0] log_probe.p4(95) Primitive             log_msg(\"INGRESS decided egress_spec={}\", {standard_metadata.egress_spec});
t=0.02 sw=1 flow=0 pkt=20 | [12:13:07.327] [bmv2] [T] [thread 70182] [20.0] [cxt 0] log_probe.p4(95) Primitive             log_msg(\"INGRESS decided egress_spec={}\", {standard_metadata.egress_spec});
t=0.02 sw=1 flow=0 pkt=20 | [12:13:07.327] [bmv2] [I] [thread 70182] INGRESS decided egress_spec=0
t=0.02 sw=1 flow=0 pkt=20 | [12:13:07.327] [bmv2] [D] [thread 70182] [20.0] [cxt 0] Pipeline 'ingress': end
t=0.02 sw=1 flow=0 pkt=20 | [12:13:07.327] [bmv2] [D] [thread 70182] [20.0] [cxt 0] Pipeline 'egress': start
t=0.02 sw=1 flow=0 pkt=20 | [12:13:07.327] [bmv2] [T] [thread 70182] [20.0] [cxt 0] log_probe.p4(103) Condition "hdr.ipv4.isValid()" (node_8) is true
t=0.02 sw=1 flow=0 pkt=20 | [12:13:07.327] [bmv2] [T] [thread 70182] [20.0] [cxt 0] Applying table 'tbl_log_probe106'
t=0.02 sw=1 flow=0 pkt=20 | [12:13:07.327] [bmv2] [D] [thread 70182] [20.0] [cxt 0] Looking up key:
t=0.02 sw=1 flow=0 pkt=20 | [12:13:07.327] [bmv2] [D] [thread 70182] [20.0] [cxt 0] Table 'tbl_log_probe106': miss
t=0.02 sw=1 flow=0 pkt=20 | [12:13:07.327] [bmv2] [D] [thread 70182] [20.0] [cxt 0] Action entry is log_probe106 - 
t=0.02 sw=1 flow=0 pkt=20 | [12:13:07.327] [bmv2] [T] [thread 70182] [20.0] [cxt 0] Action log_probe106
t=0.02 sw=1 flow=0 pkt=20 | [12:13:07.327] [bmv2] [T] [thread 70182] [20.0] [cxt 0] log_probe.p4(106) Primitive shared_counters.read(n, 32w0)
t=0.02 sw=1 flow=0 pkt=20 | [12:13:07.327] [bmv2] [T] [thread 70182] [20.0] [cxt 0] Read register 'shared_counters' at index 0 read value 41
t=0.02 sw=1 flow=0 pkt=20 | [12:13:07.327] [bmv2] [T] [thread 70182] [20.0] [cxt 0] log_probe.p4(107) Primitive n + 1
t=0.02 sw=1 flow=0 pkt=20 | [12:13:07.327] [bmv2] [T] [thread 70182] [20.0] [cxt 0] log_probe.p4(107) Primitive shared_counters.write(32w0, n + 1)
t=0.02 sw=1 flow=0 pkt=20 | [12:13:07.327] [bmv2] [T] [thread 70182] [20.0] [cxt 0] Wrote register 'shared_counters' at index 0 with value 42
t=0.02 sw=1 flow=0 pkt=20 | [12:13:07.327] [bmv2] [T] [thread 70182] [20.0] [cxt 0] log_probe.p4(111) Primitive shared_counters.read(e, 32w1)
t=0.02 sw=1 flow=0 pkt=20 | [12:13:07.327] [bmv2] [T] [thread 70182] [20.0] [cxt 0] Read register 'shared_counters' at index 1 read value 20
t=0.02 sw=1 flow=0 pkt=20 | [12:13:07.327] [bmv2] [T] [thread 70182] [20.0] [cxt 0] log_probe.p4(112) Primitive e + 1
t=0.02 sw=1 flow=0 pkt=20 | [12:13:07.327] [bmv2] [T] [thread 70182] [20.0] [cxt 0] log_probe.p4(112) Primitive shared_counters.write(32w1, e + 1)
t=0.02 sw=1 flow=0 pkt=20 | [12:13:07.327] [bmv2] [T] [thread 70182] [20.0] [cxt 0] Wrote register 'shared_counters' at index 1 with value 21
t=0.02 sw=1 flow=0 pkt=20 | [12:13:07.327] [bmv2] [D] [thread 70182] [20.0] [cxt 0] Pipeline 'egress': end
t=0.02 sw=1 flow=0 pkt=20 | [12:13:07.327] [bmv2] [D] [thread 70182] [20.0] [cxt 0] Deparser 'deparser': start
t=0.02 sw=1 flow=0 pkt=20 | [12:13:07.327] [bmv2] [D] [thread 70182] [20.0] [cxt 0] Deparsing header 'ethernet'
t=0.02 sw=1 flow=0 pkt=20 | [12:13:07.327] [bmv2] [D] [thread 70182] [20.0] [cxt 0] Deparsing header 'ipv4'
t=0.02 sw=1 flow=0 pkt=20 | [12:13:07.327] [bmv2] [D] [thread 70182] [20.0] [cxt 0] Deparser 'deparser': end
t=0.021 sw=1 flow=1 pkt=21 | [12:13:07.327] [bmv2] [D] [thread 70182] [21.0] [cxt 0] Parser 'parser': start
t=0.021 sw=1 flow=1 pkt=21 | [12:13:07.327] [bmv2] [D] [thread 70182] [21.0] [cxt 0] Parser 'parser' entering state 'start'
t=0.021 sw=1 flow=1 pkt=21 | [12:13:07.327] [bmv2] [D] [thread 70182] [21.0] [cxt 0] Extracting header 'ethernet'
t=0.021 sw=1 flow=1 pkt=21 | [12:13:07.327] [bmv2] [D] [thread 70182] [21.0] [cxt 0] Parser state 'start': key is 0800
t=0.021 sw=1 flow=1 pkt=21 | [12:13:07.327] [bmv2] [T] [thread 70182] [21.0] [cxt 0] Bytes parsed: 14
t=0.021 sw=1 flow=1 pkt=21 | [12:13:07.327] [bmv2] [D] [thread 70182] [21.0] [cxt 0] Parser 'parser' entering state 'parse_ipv4'
t=0.021 sw=1 flow=1 pkt=21 | [12:13:07.327] [bmv2] [D] [thread 70182] [21.0] [cxt 0] Extracting header 'ipv4'
t=0.021 sw=1 flow=1 pkt=21 | [12:13:07.327] [bmv2] [D] [thread 70182] [21.0] [cxt 0] Parser state 'parse_ipv4' has no switch, going to default next state
t=0.021 sw=1 flow=1 pkt=21 | [12:13:07.328] [bmv2] [T] [thread 70182] [21.0] [cxt 0] Bytes parsed: 34
t=0.021 sw=1 flow=1 pkt=21 | [12:13:07.328] [bmv2] [D] [thread 70182] [21.0] [cxt 0] Parser 'parser': end
t=0.021 sw=1 flow=1 pkt=21 | [12:13:07.328] [bmv2] [D] [thread 70182] [21.0] [cxt 0] Pipeline 'ingress': start
t=0.021 sw=1 flow=1 pkt=21 | [12:13:07.328] [bmv2] [T] [thread 70182] [21.0] [cxt 0] log_probe.p4(87) Condition "hdr.ipv4.isValid()" (node_2) is true
t=0.021 sw=1 flow=1 pkt=21 | [12:13:07.328] [bmv2] [T] [thread 70182] [21.0] [cxt 0] Applying table 'tbl_log_probe89'
t=0.021 sw=1 flow=1 pkt=21 | [12:13:07.328] [bmv2] [D] [thread 70182] [21.0] [cxt 0] Looking up key:
t=0.021 sw=1 flow=1 pkt=21 | [12:13:07.328] [bmv2] [D] [thread 70182] [21.0] [cxt 0] Table 'tbl_log_probe89': miss
t=0.021 sw=1 flow=1 pkt=21 | [12:13:07.328] [bmv2] [D] [thread 70182] [21.0] [cxt 0] Action entry is log_probe89 - 
t=0.021 sw=1 flow=1 pkt=21 | [12:13:07.328] [bmv2] [T] [thread 70182] [21.0] [cxt 0] Action log_probe89
t=0.021 sw=1 flow=1 pkt=21 | [12:13:07.328] [bmv2] [T] [thread 70182] [21.0] [cxt 0] log_probe.p4(89) Primitive shared_counters.read(n, 32w0)
t=0.021 sw=1 flow=1 pkt=21 | [12:13:07.328] [bmv2] [T] [thread 70182] [21.0] [cxt 0] Read register 'shared_counters' at index 0 read value 42
t=0.021 sw=1 flow=1 pkt=21 | [12:13:07.328] [bmv2] [T] [thread 70182] [21.0] [cxt 0] log_probe.p4(90) Primitive n + 1
t=0.021 sw=1 flow=1 pkt=21 | [12:13:07.328] [bmv2] [T] [thread 70182] [21.0] [cxt 0] log_probe.p4(90) Primitive shared_counters.write(32w0, n + 1)
t=0.021 sw=1 flow=1 pkt=21 | [12:13:07.328] [bmv2] [T] [thread 70182] [21.0] [cxt 0] Wrote register 'shared_counters' at index 0 with value 43
t=0.021 sw=1 flow=1 pkt=21 | [12:13:07.328] [bmv2] [T] [thread 70182] [21.0] [cxt 0] log_probe.p4(93) Primitive hdr.ipv4.dstAddr
t=0.021 sw=1 flow=1 pkt=21 | [12:13:07.328] [bmv2] [T] [thread 70182] [21.0] [cxt 0] log_probe.p4(93) Primitive hdr.ipv4.ttl
t=0.021 sw=1 flow=1 pkt=21 | [12:13:07.328] [bmv2] [T] [thread 70182] [21.0] [cxt 0] log_probe.p4(93) Primitive n
t=0.021 sw=1 flow=1 pkt=21 | [12:13:07.328] [bmv2] [T] [thread 70182] [21.0] [cxt 0] log_probe.p4(92) Primitive             log_msg(\"INGRESS dst={} ttl={} counter={}\",
t=0.021 sw=1 flow=1 pkt=21 | [12:13:07.328] [bmv2] [I] [thread 70182] INGRESS dst=167837954 ttl=37 counter=42
t=0.021 sw=1 flow=1 pkt=21 | [12:13:07.328] [bmv2] [T] [thread 70182] [21.0] [cxt 0] Applying table 'MyIngress.ipv4_exact'
t=0.021 sw=1 flow=1 pkt=21 | [12:13:07.328] [bmv2] [D] [thread 70182] [21.0] [cxt 0] Looking up key:
t=0.021 sw=1 flow=1 pkt=21 | * hdr.ipv4.dstAddr    : 0a010102
t=0.021 sw=1 flow=1 pkt=21 | [12:13:07.328] [bmv2] [D] [thread 70182] [21.0] [cxt 0] Table 'MyIngress.ipv4_exact': hit with handle 1
t=0.021 sw=1 flow=1 pkt=21 | [12:13:07.328] [bmv2] [D] [thread 70182] [21.0] [cxt 0] Dumping entry 1
t=0.021 sw=1 flow=1 pkt=21 | Match key:
t=0.021 sw=1 flow=1 pkt=21 | * hdr.ipv4.dstAddr    : EXACT     0a010102
t=0.021 sw=1 flow=1 pkt=21 | Action entry: MyIngress.forward - 1,
t=0.021 sw=1 flow=1 pkt=21 | [12:13:07.328] [bmv2] [D] [thread 70182] [21.0] [cxt 0] Action entry is MyIngress.forward - 1,
t=0.021 sw=1 flow=1 pkt=21 | [12:13:07.328] [bmv2] [T] [thread 70182] [21.0] [cxt 0] Action MyIngress.forward
t=0.021 sw=1 flow=1 pkt=21 | [12:13:07.328] [bmv2] [T] [thread 70182] [21.0] [cxt 0] log_probe.p4(70) Primitive standard_metadata.egress_spec = port
t=0.021 sw=1 flow=1 pkt=21 | [12:13:07.328] [bmv2] [T] [thread 70182] [21.0] [cxt 0] log_probe.p4(71) Primitive hdr.ipv4.ttl = hdr.ipv4.ttl - 1
t=0.021 sw=1 flow=1 pkt=21 | [12:13:07.328] [bmv2] [T] [thread 70182] [21.0] [cxt 0] Applying table 'tbl_log_probe95'
t=0.021 sw=1 flow=1 pkt=21 | [12:13:07.328] [bmv2] [D] [thread 70182] [21.0] [cxt 0] Looking up key:
t=0.021 sw=1 flow=1 pkt=21 | [12:13:07.328] [bmv2] [D] [thread 70182] [21.0] [cxt 0] Table 'tbl_log_probe95': miss
t=0.021 sw=1 flow=1 pkt=21 | [12:13:07.328] [bmv2] [D] [thread 70182] [21.0] [cxt 0] Action entry is log_probe95 - 
t=0.021 sw=1 flow=1 pkt=21 | [12:13:07.328] [bmv2] [T] [thread 70182] [21.0] [cxt 0] Action log_probe95
t=0.021 sw=1 flow=1 pkt=21 | [12:13:07.328] [bmv2] [T] [thread 70182] [21.0] [cxt 0] log_probe.p4(95) Primitive             log_msg(\"INGRESS decided egress_spec={}\", {standard_metadata.egress_spec});
t=0.021 sw=1 flow=1 pkt=21 | [12:13:07.328] [bmv2] [T] [thread 70182] [21.0] [cxt 0] log_probe.p4(95) Primitive             log_msg(\"INGRESS decided egress_spec={}\", {standard_metadata.egress_spec});
t=0.021 sw=1 flow=1 pkt=21 | [12:13:07.328] [bmv2] [I] [thread 70182] INGRESS decided egress_spec=1
t=0.021 sw=1 flow=1 pkt=21 | [12:13:07.328] [bmv2] [D] [thread 70182] [21.0] [cxt 0] Pipeline 'ingress': end
t=0.021 sw=1 flow=1 pkt=21 | [12:13:07.328] [bmv2] [D] [thread 70182] [21.0] [cxt 0] Pipeline 'egress': start
t=0.021 sw=1 flow=1 pkt=21 | [12:13:07.328] [bmv2] [T] [thread 70182] [21.0] [cxt 0] log_probe.p4(103) Condition "hdr.ipv4.isValid()" (node_8) is true
t=0.021 sw=1 flow=1 pkt=21 | [12:13:07.328] [bmv2] [T] [thread 70182] [21.0] [cxt 0] Applying table 'tbl_log_probe106'
t=0.021 sw=1 flow=1 pkt=21 | [12:13:07.328] [bmv2] [D] [thread 70182] [21.0] [cxt 0] Looking up key:
t=0.021 sw=1 flow=1 pkt=21 | [12:13:07.328] [bmv2] [D] [thread 70182] [21.0] [cxt 0] Table 'tbl_log_probe106': miss
t=0.021 sw=1 flow=1 pkt=21 | [12:13:07.328] [bmv2] [D] [thread 70182] [21.0] [cxt 0] Action entry is log_probe106 - 
t=0.021 sw=1 flow=1 pkt=21 | [12:13:07.328] [bmv2] [T] [thread 70182] [21.0] [cxt 0] Action log_probe106
t=0.021 sw=1 flow=1 pkt=21 | [12:13:07.328] [bmv2] [T] [thread 70182] [21.0] [cxt 0] log_probe.p4(106) Primitive shared_counters.read(n, 32w0)
t=0.021 sw=1 flow=1 pkt=21 | [12:13:07.328] [bmv2] [T] [thread 70182] [21.0] [cxt 0] Read register 'shared_counters' at index 0 read value 43
t=0.021 sw=1 flow=1 pkt=21 | [12:13:07.329] [bmv2] [T] [thread 70182] [21.0] [cxt 0] log_probe.p4(107) Primitive n + 1
t=0.021 sw=1 flow=1 pkt=21 | [12:13:07.329] [bmv2] [T] [thread 70182] [21.0] [cxt 0] log_probe.p4(107) Primitive shared_counters.write(32w0, n + 1)
t=0.021 sw=1 flow=1 pkt=21 | [12:13:07.329] [bmv2] [T] [thread 70182] [21.0] [cxt 0] Wrote register 'shared_counters' at index 0 with value 44
t=0.021 sw=1 flow=1 pkt=21 | [12:13:07.329] [bmv2] [T] [thread 70182] [21.0] [cxt 0] log_probe.p4(111) Primitive shared_counters.read(e, 32w1)
t=0.021 sw=1 flow=1 pkt=21 | [12:13:07.329] [bmv2] [T] [thread 70182] [21.0] [cxt 0] Read register 'shared_counters' at index 1 read value 21
t=0.021 sw=1 flow=1 pkt=21 | [12:13:07.329] [bmv2] [T] [thread 70182] [21.0] [cxt 0] log_probe.p4(112) Primitive e + 1
t=0.021 sw=1 flow=1 pkt=21 | [12:13:07.329] [bmv2] [T] [thread 70182] [21.0] [cxt 0] log_probe.p4(112) Primitive shared_counters.write(32w1, e + 1)
t=0.021 sw=1 flow=1 pkt=21 | [12:13:07.329] [bmv2] [T] [thread 70182] [21.0] [cxt 0] Wrote register 'shared_counters' at index 1 with value 22
t=0.021 sw=1 flow=1 pkt=21 | [12:13:07.329] [bmv2] [D] [thread 70182] [21.0] [cxt 0] Pipeline 'egress': end
t=0.021 sw=1 flow=1 pkt=21 | [12:13:07.329] [bmv2] [D] [thread 70182] [21.0] [cxt 0] Deparser 'deparser': start
t=0.021 sw=1 flow=1 pkt=21 | [12:13:07.329] [bmv2] [D] [thread 70182] [21.0] [cxt 0] Deparsing header 'ethernet'
t=0.021 sw=1 flow=1 pkt=21 | [12:13:07.329] [bmv2] [D] [thread 70182] [21.0] [cxt 0] Deparsing header 'ipv4'
t=0.021 sw=1 flow=1 pkt=21 | [12:13:07.329] [bmv2] [D] [thread 70182] [21.0] [cxt 0] Deparser 'deparser': end
t=0.022 sw=1 flow=0 pkt=22 | [12:13:07.329] [bmv2] [D] [thread 70182] [22.0] [cxt 0] Parser 'parser': start
t=0.022 sw=1 flow=0 pkt=22 | [12:13:07.329] [bmv2] [D] [thread 70182] [22.0] [cxt 0] Parser 'parser' entering state 'start'
t=0.022 sw=1 flow=0 pkt=22 | [12:13:07.329] [bmv2] [D] [thread 70182] [22.0] [cxt 0] Extracting header 'ethernet'
t=0.022 sw=1 flow=0 pkt=22 | [12:13:07.329] [bmv2] [D] [thread 70182] [22.0] [cxt 0] Parser state 'start': key is 0800
t=0.022 sw=1 flow=0 pkt=22 | [12:13:07.329] [bmv2] [T] [thread 70182] [22.0] [cxt 0] Bytes parsed: 14
t=0.022 sw=1 flow=0 pkt=22 | [12:13:07.329] [bmv2] [D] [thread 70182] [22.0] [cxt 0] Parser 'parser' entering state 'parse_ipv4'
t=0.022 sw=1 flow=0 pkt=22 | [12:13:07.329] [bmv2] [D] [thread 70182] [22.0] [cxt 0] Extracting header 'ipv4'
t=0.022 sw=1 flow=0 pkt=22 | [12:13:07.329] [bmv2] [D] [thread 70182] [22.0] [cxt 0] Parser state 'parse_ipv4' has no switch, going to default next state
t=0.022 sw=1 flow=0 pkt=22 | [12:13:07.329] [bmv2] [T] [thread 70182] [22.0] [cxt 0] Bytes parsed: 34
t=0.022 sw=1 flow=0 pkt=22 | [12:13:07.329] [bmv2] [D] [thread 70182] [22.0] [cxt 0] Parser 'parser': end
t=0.022 sw=1 flow=0 pkt=22 | [12:13:07.329] [bmv2] [D] [thread 70182] [22.0] [cxt 0] Pipeline 'ingress': start
t=0.022 sw=1 flow=0 pkt=22 | [12:13:07.329] [bmv2] [T] [thread 70182] [22.0] [cxt 0] log_probe.p4(87) Condition "hdr.ipv4.isValid()" (node_2) is true
t=0.022 sw=1 flow=0 pkt=22 | [12:13:07.329] [bmv2] [T] [thread 70182] [22.0] [cxt 0] Applying table 'tbl_log_probe89'
t=0.022 sw=1 flow=0 pkt=22 | [12:13:07.329] [bmv2] [D] [thread 70182] [22.0] [cxt 0] Looking up key:
t=0.022 sw=1 flow=0 pkt=22 | [12:13:07.329] [bmv2] [D] [thread 70182] [22.0] [cxt 0] Table 'tbl_log_probe89': miss
t=0.022 sw=1 flow=0 pkt=22 | [12:13:07.329] [bmv2] [D] [thread 70182] [22.0] [cxt 0] Action entry is log_probe89 - 
t=0.022 sw=1 flow=0 pkt=22 | [12:13:07.329] [bmv2] [T] [thread 70182] [22.0] [cxt 0] Action log_probe89
t=0.022 sw=1 flow=0 pkt=22 | [12:13:07.329] [bmv2] [T] [thread 70182] [22.0] [cxt 0] log_probe.p4(89) Primitive shared_counters.read(n, 32w0)
t=0.022 sw=1 flow=0 pkt=22 | [12:13:07.329] [bmv2] [T] [thread 70182] [22.0] [cxt 0] Read register 'shared_counters' at index 0 read value 44
t=0.022 sw=1 flow=0 pkt=22 | [12:13:07.329] [bmv2] [T] [thread 70182] [22.0] [cxt 0] log_probe.p4(90) Primitive n + 1
t=0.022 sw=1 flow=0 pkt=22 | [12:13:07.329] [bmv2] [T] [thread 70182] [22.0] [cxt 0] log_probe.p4(90) Primitive shared_counters.write(32w0, n + 1)
t=0.022 sw=1 flow=0 pkt=22 | [12:13:07.329] [bmv2] [T] [thread 70182] [22.0] [cxt 0] Wrote register 'shared_counters' at index 0 with value 45
t=0.022 sw=1 flow=0 pkt=22 | [12:13:07.329] [bmv2] [T] [thread 70182] [22.0] [cxt 0] log_probe.p4(93) Primitive hdr.ipv4.dstAddr
t=0.022 sw=1 flow=0 pkt=22 | [12:13:07.329] [bmv2] [T] [thread 70182] [22.0] [cxt 0] log_probe.p4(93) Primitive hdr.ipv4.ttl
t=0.022 sw=1 flow=0 pkt=22 | [12:13:07.329] [bmv2] [T] [thread 70182] [22.0] [cxt 0] log_probe.p4(93) Primitive n
t=0.022 sw=1 flow=0 pkt=22 | [12:13:07.329] [bmv2] [T] [thread 70182] [22.0] [cxt 0] log_probe.p4(92) Primitive             log_msg(\"INGRESS dst={} ttl={} counter={}\",
t=0.022 sw=1 flow=0 pkt=22 | [12:13:07.329] [bmv2] [I] [thread 70182] INGRESS dst=167837953 ttl=38 counter=44
t=0.022 sw=1 flow=0 pkt=22 | [12:13:07.329] [bmv2] [T] [thread 70182] [22.0] [cxt 0] Applying table 'MyIngress.ipv4_exact'
t=0.022 sw=1 flow=0 pkt=22 | [12:13:07.329] [bmv2] [D] [thread 70182] [22.0] [cxt 0] Looking up key:
t=0.022 sw=1 flow=0 pkt=22 | * hdr.ipv4.dstAddr    : 0a010101
t=0.022 sw=1 flow=0 pkt=22 | [12:13:07.329] [bmv2] [D] [thread 70182] [22.0] [cxt 0] Table 'MyIngress.ipv4_exact': hit with handle 0
t=0.022 sw=1 flow=0 pkt=22 | [12:13:07.329] [bmv2] [D] [thread 70182] [22.0] [cxt 0] Dumping entry 0
t=0.022 sw=1 flow=0 pkt=22 | Match key:
t=0.022 sw=1 flow=0 pkt=22 | * hdr.ipv4.dstAddr    : EXACT     0a010101
t=0.022 sw=1 flow=0 pkt=22 | Action entry: MyIngress.forward - 0,
t=0.022 sw=1 flow=0 pkt=22 | [12:13:07.329] [bmv2] [D] [thread 70182] [22.0] [cxt 0] Action entry is MyIngress.forward - 0,
t=0.022 sw=1 flow=0 pkt=22 | [12:13:07.329] [bmv2] [T] [thread 70182] [22.0] [cxt 0] Action MyIngress.forward
t=0.022 sw=1 flow=0 pkt=22 | [12:13:07.329] [bmv2] [T] [thread 70182] [22.0] [cxt 0] log_probe.p4(70) Primitive standard_metadata.egress_spec = port
t=0.022 sw=1 flow=0 pkt=22 | [12:13:07.329] [bmv2] [T] [thread 70182] [22.0] [cxt 0] log_probe.p4(71) Primitive hdr.ipv4.ttl = hdr.ipv4.ttl - 1
t=0.022 sw=1 flow=0 pkt=22 | [12:13:07.329] [bmv2] [T] [thread 70182] [22.0] [cxt 0] Applying table 'tbl_log_probe95'
t=0.022 sw=1 flow=0 pkt=22 | [12:13:07.329] [bmv2] [D] [thread 70182] [22.0] [cxt 0] Looking up key:
t=0.022 sw=1 flow=0 pkt=22 | [12:13:07.329] [bmv2] [D] [thread 70182] [22.0] [cxt 0] Table 'tbl_log_probe95': miss
t=0.022 sw=1 flow=0 pkt=22 | [12:13:07.329] [bmv2] [D] [thread 70182] [22.0] [cxt 0] Action entry is log_probe95 - 
t=0.022 sw=1 flow=0 pkt=22 | [12:13:07.329] [bmv2] [T] [thread 70182] [22.0] [cxt 0] Action log_probe95
t=0.022 sw=1 flow=0 pkt=22 | [12:13:07.329] [bmv2] [T] [thread 70182] [22.0] [cxt 0] log_probe.p4(95) Primitive             log_msg(\"INGRESS decided egress_spec={}\", {standard_metadata.egress_spec});
t=0.022 sw=1 flow=0 pkt=22 | [12:13:07.329] [bmv2] [T] [thread 70182] [22.0] [cxt 0] log_probe.p4(95) Primitive             log_msg(\"INGRESS decided egress_spec={}\", {standard_metadata.egress_spec});
t=0.022 sw=1 flow=0 pkt=22 | [12:13:07.329] [bmv2] [I] [thread 70182] INGRESS decided egress_spec=0
t=0.022 sw=1 flow=0 pkt=22 | [12:13:07.329] [bmv2] [D] [thread 70182] [22.0] [cxt 0] Pipeline 'ingress': end
t=0.022 sw=1 flow=0 pkt=22 | [12:13:07.329] [bmv2] [D] [thread 70182] [22.0] [cxt 0] Pipeline 'egress': start
t=0.022 sw=1 flow=0 pkt=22 | [12:13:07.329] [bmv2] [T] [thread 70182] [22.0] [cxt 0] log_probe.p4(103) Condition "hdr.ipv4.isValid()" (node_8) is true
t=0.022 sw=1 flow=0 pkt=22 | [12:13:07.329] [bmv2] [T] [thread 70182] [22.0] [cxt 0] Applying table 'tbl_log_probe106'
t=0.022 sw=1 flow=0 pkt=22 | [12:13:07.329] [bmv2] [D] [thread 70182] [22.0] [cxt 0] Looking up key:
t=0.022 sw=1 flow=0 pkt=22 | [12:13:07.330] [bmv2] [D] [thread 70182] [22.0] [cxt 0] Table 'tbl_log_probe106': miss
t=0.022 sw=1 flow=0 pkt=22 | [12:13:07.330] [bmv2] [D] [thread 70182] [22.0] [cxt 0] Action entry is log_probe106 - 
t=0.022 sw=1 flow=0 pkt=22 | [12:13:07.330] [bmv2] [T] [thread 70182] [22.0] [cxt 0] Action log_probe106
t=0.022 sw=1 flow=0 pkt=22 | [12:13:07.330] [bmv2] [T] [thread 70182] [22.0] [cxt 0] log_probe.p4(106) Primitive shared_counters.read(n, 32w0)
t=0.022 sw=1 flow=0 pkt=22 | [12:13:07.330] [bmv2] [T] [thread 70182] [22.0] [cxt 0] Read register 'shared_counters' at index 0 read value 45
t=0.022 sw=1 flow=0 pkt=22 | [12:13:07.330] [bmv2] [T] [thread 70182] [22.0] [cxt 0] log_probe.p4(107) Primitive n + 1
t=0.022 sw=1 flow=0 pkt=22 | [12:13:07.330] [bmv2] [T] [thread 70182] [22.0] [cxt 0] log_probe.p4(107) Primitive shared_counters.write(32w0, n + 1)
t=0.022 sw=1 flow=0 pkt=22 | [12:13:07.330] [bmv2] [T] [thread 70182] [22.0] [cxt 0] Wrote register 'shared_counters' at index 0 with value 46
t=0.022 sw=1 flow=0 pkt=22 | [12:13:07.330] [bmv2] [T] [thread 70182] [22.0] [cxt 0] log_probe.p4(111) Primitive shared_counters.read(e, 32w1)
t=0.022 sw=1 flow=0 pkt=22 | [12:13:07.330] [bmv2] [T] [thread 70182] [22.0] [cxt 0] Read register 'shared_counters' at index 1 read value 22
t=0.022 sw=1 flow=0 pkt=22 | [12:13:07.330] [bmv2] [T] [thread 70182] [22.0] [cxt 0] log_probe.p4(112) Primitive e + 1
t=0.022 sw=1 flow=0 pkt=22 | [12:13:07.330] [bmv2] [T] [thread 70182] [22.0] [cxt 0] log_probe.p4(112) Primitive shared_counters.write(32w1, e + 1)
t=0.022 sw=1 flow=0 pkt=22 | [12:13:07.330] [bmv2] [T] [thread 70182] [22.0] [cxt 0] Wrote register 'shared_counters' at index 1 with value 23
t=0.022 sw=1 flow=0 pkt=22 | [12:13:07.330] [bmv2] [D] [thread 70182] [22.0] [cxt 0] Pipeline 'egress': end
t=0.022 sw=1 flow=0 pkt=22 | [12:13:07.330] [bmv2] [D] [thread 70182] [22.0] [cxt 0] Deparser 'deparser': start
t=0.022 sw=1 flow=0 pkt=22 | [12:13:07.330] [bmv2] [D] [thread 70182] [22.0] [cxt 0] Deparsing header 'ethernet'
t=0.022 sw=1 flow=0 pkt=22 | [12:13:07.330] [bmv2] [D] [thread 70182] [22.0] [cxt 0] Deparsing header 'ipv4'
t=0.022 sw=1 flow=0 pkt=22 | [12:13:07.330] [bmv2] [D] [thread 70182] [22.0] [cxt 0] Deparser 'deparser': end
t=0.023 sw=1 flow=1 pkt=23 | [12:13:07.330] [bmv2] [D] [thread 70182] [23.0] [cxt 0] Parser 'parser': start
t=0.023 sw=1 flow=1 pkt=23 | [12:13:07.330] [bmv2] [D] [thread 70182] [23.0] [cxt 0] Parser 'parser' entering state 'start'
t=0.023 sw=1 flow=1 pkt=23 | [12:13:07.330] [bmv2] [D] [thread 70182] [23.0] [cxt 0] Extracting header 'ethernet'
t=0.023 sw=1 flow=1 pkt=23 | [12:13:07.330] [bmv2] [D] [thread 70182] [23.0] [cxt 0] Parser state 'start': key is 0800
t=0.023 sw=1 flow=1 pkt=23 | [12:13:07.330] [bmv2] [T] [thread 70182] [23.0] [cxt 0] Bytes parsed: 14
t=0.023 sw=1 flow=1 pkt=23 | [12:13:07.330] [bmv2] [D] [thread 70182] [23.0] [cxt 0] Parser 'parser' entering state 'parse_ipv4'
t=0.023 sw=1 flow=1 pkt=23 | [12:13:07.330] [bmv2] [D] [thread 70182] [23.0] [cxt 0] Extracting header 'ipv4'
t=0.023 sw=1 flow=1 pkt=23 | [12:13:07.330] [bmv2] [D] [thread 70182] [23.0] [cxt 0] Parser state 'parse_ipv4' has no switch, going to default next state
t=0.023 sw=1 flow=1 pkt=23 | [12:13:07.330] [bmv2] [T] [thread 70182] [23.0] [cxt 0] Bytes parsed: 34
t=0.023 sw=1 flow=1 pkt=23 | [12:13:07.330] [bmv2] [D] [thread 70182] [23.0] [cxt 0] Parser 'parser': end
t=0.023 sw=1 flow=1 pkt=23 | [12:13:07.330] [bmv2] [D] [thread 70182] [23.0] [cxt 0] Pipeline 'ingress': start
t=0.023 sw=1 flow=1 pkt=23 | [12:13:07.330] [bmv2] [T] [thread 70182] [23.0] [cxt 0] log_probe.p4(87) Condition "hdr.ipv4.isValid()" (node_2) is true
t=0.023 sw=1 flow=1 pkt=23 | [12:13:07.330] [bmv2] [T] [thread 70182] [23.0] [cxt 0] Applying table 'tbl_log_probe89'
t=0.023 sw=1 flow=1 pkt=23 | [12:13:07.330] [bmv2] [D] [thread 70182] [23.0] [cxt 0] Looking up key:
t=0.023 sw=1 flow=1 pkt=23 | [12:13:07.330] [bmv2] [D] [thread 70182] [23.0] [cxt 0] Table 'tbl_log_probe89': miss
t=0.023 sw=1 flow=1 pkt=23 | [12:13:07.330] [bmv2] [D] [thread 70182] [23.0] [cxt 0] Action entry is log_probe89 - 
t=0.023 sw=1 flow=1 pkt=23 | [12:13:07.330] [bmv2] [T] [thread 70182] [23.0] [cxt 0] Action log_probe89
t=0.023 sw=1 flow=1 pkt=23 | [12:13:07.330] [bmv2] [T] [thread 70182] [23.0] [cxt 0] log_probe.p4(89) Primitive shared_counters.read(n, 32w0)
t=0.023 sw=1 flow=1 pkt=23 | [12:13:07.330] [bmv2] [T] [thread 70182] [23.0] [cxt 0] Read register 'shared_counters' at index 0 read value 46
t=0.023 sw=1 flow=1 pkt=23 | [12:13:07.330] [bmv2] [T] [thread 70182] [23.0] [cxt 0] log_probe.p4(90) Primitive n + 1
t=0.023 sw=1 flow=1 pkt=23 | [12:13:07.330] [bmv2] [T] [thread 70182] [23.0] [cxt 0] log_probe.p4(90) Primitive shared_counters.write(32w0, n + 1)
t=0.023 sw=1 flow=1 pkt=23 | [12:13:07.330] [bmv2] [T] [thread 70182] [23.0] [cxt 0] Wrote register 'shared_counters' at index 0 with value 47
t=0.023 sw=1 flow=1 pkt=23 | [12:13:07.330] [bmv2] [T] [thread 70182] [23.0] [cxt 0] log_probe.p4(93) Primitive hdr.ipv4.dstAddr
t=0.023 sw=1 flow=1 pkt=23 | [12:13:07.330] [bmv2] [T] [thread 70182] [23.0] [cxt 0] log_probe.p4(93) Primitive hdr.ipv4.ttl
t=0.023 sw=1 flow=1 pkt=23 | [12:13:07.330] [bmv2] [T] [thread 70182] [23.0] [cxt 0] log_probe.p4(93) Primitive n
t=0.023 sw=1 flow=1 pkt=23 | [12:13:07.330] [bmv2] [T] [thread 70182] [23.0] [cxt 0] log_probe.p4(92) Primitive             log_msg(\"INGRESS dst={} ttl={} counter={}\",
t=0.023 sw=1 flow=1 pkt=23 | [12:13:07.330] [bmv2] [I] [thread 70182] INGRESS dst=167837954 ttl=39 counter=46
t=0.023 sw=1 flow=1 pkt=23 | [12:13:07.330] [bmv2] [T] [thread 70182] [23.0] [cxt 0] Applying table 'MyIngress.ipv4_exact'
t=0.023 sw=1 flow=1 pkt=23 | [12:13:07.330] [bmv2] [D] [thread 70182] [23.0] [cxt 0] Looking up key:
t=0.023 sw=1 flow=1 pkt=23 | * hdr.ipv4.dstAddr    : 0a010102
t=0.023 sw=1 flow=1 pkt=23 | [12:13:07.330] [bmv2] [D] [thread 70182] [23.0] [cxt 0] Table 'MyIngress.ipv4_exact': hit with handle 1
t=0.023 sw=1 flow=1 pkt=23 | [12:13:07.330] [bmv2] [D] [thread 70182] [23.0] [cxt 0] Dumping entry 1
t=0.023 sw=1 flow=1 pkt=23 | Match key:
t=0.023 sw=1 flow=1 pkt=23 | * hdr.ipv4.dstAddr    : EXACT     0a010102
t=0.023 sw=1 flow=1 pkt=23 | Action entry: MyIngress.forward - 1,
t=0.023 sw=1 flow=1 pkt=23 | [12:13:07.330] [bmv2] [D] [thread 70182] [23.0] [cxt 0] Action entry is MyIngress.forward - 1,
t=0.023 sw=1 flow=1 pkt=23 | [12:13:07.330] [bmv2] [T] [thread 70182] [23.0] [cxt 0] Action MyIngress.forward
t=0.023 sw=1 flow=1 pkt=23 | [12:13:07.330] [bmv2] [T] [thread 70182] [23.0] [cxt 0] log_probe.p4(70) Primitive standard_metadata.egress_spec = port
t=0.023 sw=1 flow=1 pkt=23 | [12:13:07.330] [bmv2] [T] [thread 70182] [23.0] [cxt 0] log_probe.p4(71) Primitive hdr.ipv4.ttl = hdr.ipv4.ttl - 1
t=0.023 sw=1 flow=1 pkt=23 | [12:13:07.330] [bmv2] [T] [thread 70182] [23.0] [cxt 0] Applying table 'tbl_log_probe95'
t=0.023 sw=1 flow=1 pkt=23 | [12:13:07.330] [bmv2] [D] [thread 70182] [23.0] [cxt 0] Looking up key:
t=0.023 sw=1 flow=1 pkt=23 | [12:13:07.330] [bmv2] [D] [thread 70182] [23.0] [cxt 0] Table 'tbl_log_probe95': miss
t=0.023 sw=1 flow=1 pkt=23 | [12:13:07.330] [bmv2] [D] [thread 70182] [23.0] [cxt 0] Action entry is log_probe95 - 
t=0.023 sw=1 flow=1 pkt=23 | [12:13:07.330] [bmv2] [T] [thread 70182] [23.0] [cxt 0] Action log_probe95
t=0.023 sw=1 flow=1 pkt=23 | [12:13:07.330] [bmv2] [T] [thread 70182] [23.0] [cxt 0] log_probe.p4(95) Primitive             log_msg(\"INGRESS decided egress_spec={}\", {standard_metadata.egress_spec});
t=0.023 sw=1 flow=1 pkt=23 | [12:13:07.330] [bmv2] [T] [thread 70182] [23.0] [cxt 0] log_probe.p4(95) Primitive             log_msg(\"INGRESS decided egress_spec={}\", {standard_metadata.egress_spec});
t=0.023 sw=1 flow=1 pkt=23 | [12:13:07.330] [bmv2] [I] [thread 70182] INGRESS decided egress_spec=1
t=0.023 sw=1 flow=1 pkt=23 | [12:13:07.330] [bmv2] [D] [thread 70182] [23.0] [cxt 0] Pipeline 'ingress': end
t=0.023 sw=1 flow=1 pkt=23 | [12:13:07.330] [bmv2] [D] [thread 70182] [23.0] [cxt 0] Pipeline 'egress': start
t=0.023 sw=1 flow=1 pkt=23 | [12:13:07.330] [bmv2] [T] [thread 70182] [23.0] [cxt 0] log_probe.p4(103) Condition "hdr.ipv4.isValid()" (node_8) is true
t=0.023 sw=1 flow=1 pkt=23 | [12:13:07.330] [bmv2] [T] [thread 70182] [23.0] [cxt 0] Applying table 'tbl_log_probe106'
t=0.023 sw=1 flow=1 pkt=23 | [12:13:07.330] [bmv2] [D] [thread 70182] [23.0] [cxt 0] Looking up key:
t=0.023 sw=1 flow=1 pkt=23 | [12:13:07.331] [bmv2] [D] [thread 70182] [23.0] [cxt 0] Table 'tbl_log_probe106': miss
t=0.023 sw=1 flow=1 pkt=23 | [12:13:07.331] [bmv2] [D] [thread 70182] [23.0] [cxt 0] Action entry is log_probe106 - 
t=0.023 sw=1 flow=1 pkt=23 | [12:13:07.331] [bmv2] [T] [thread 70182] [23.0] [cxt 0] Action log_probe106
t=0.023 sw=1 flow=1 pkt=23 | [12:13:07.331] [bmv2] [T] [thread 70182] [23.0] [cxt 0] log_probe.p4(106) Primitive shared_counters.read(n, 32w0)
t=0.023 sw=1 flow=1 pkt=23 | [12:13:07.331] [bmv2] [T] [thread 70182] [23.0] [cxt 0] Read register 'shared_counters' at index 0 read value 47
t=0.023 sw=1 flow=1 pkt=23 | [12:13:07.331] [bmv2] [T] [thread 70182] [23.0] [cxt 0] log_probe.p4(107) Primitive n + 1
t=0.023 sw=1 flow=1 pkt=23 | [12:13:07.331] [bmv2] [T] [thread 70182] [23.0] [cxt 0] log_probe.p4(107) Primitive shared_counters.write(32w0, n + 1)
t=0.023 sw=1 flow=1 pkt=23 | [12:13:07.331] [bmv2] [T] [thread 70182] [23.0] [cxt 0] Wrote register 'shared_counters' at index 0 with value 48
t=0.023 sw=1 flow=1 pkt=23 | [12:13:07.331] [bmv2] [T] [thread 70182] [23.0] [cxt 0] log_probe.p4(111) Primitive shared_counters.read(e, 32w1)
t=0.023 sw=1 flow=1 pkt=23 | [12:13:07.331] [bmv2] [T] [thread 70182] [23.0] [cxt 0] Read register 'shared_counters' at index 1 read value 23
t=0.023 sw=1 flow=1 pkt=23 | [12:13:07.331] [bmv2] [T] [thread 70182] [23.0] [cxt 0] log_probe.p4(112) Primitive e + 1
t=0.023 sw=1 flow=1 pkt=23 | [12:13:07.331] [bmv2] [T] [thread 70182] [23.0] [cxt 0] log_probe.p4(112) Primitive shared_counters.write(32w1, e + 1)
t=0.023 sw=1 flow=1 pkt=23 | [12:13:07.331] [bmv2] [T] [thread 70182] [23.0] [cxt 0] Wrote register 'shared_counters' at index 1 with value 24
t=0.023 sw=1 flow=1 pkt=23 | [12:13:07.331] [bmv2] [D] [thread 70182] [23.0] [cxt 0] Pipeline 'egress': end
t=0.023 sw=1 flow=1 pkt=23 | [12:13:07.331] [bmv2] [D] [thread 70182] [23.0] [cxt 0] Deparser 'deparser': start
t=0.023 sw=1 flow=1 pkt=23 | [12:13:07.331] [bmv2] [D] [thread 70182] [23.0] [cxt 0] Deparsing header 'ethernet'
t=0.023 sw=1 flow=1 pkt=23 | [12:13:07.331] [bmv2] [D] [thread 70182] [23.0] [cxt 0] Deparsing header 'ipv4'
t=0.023 sw=1 flow=1 pkt=23 | [12:13:07.331] [bmv2] [D] [thread 70182] [23.0] [cxt 0] Deparser 'deparser': end
t=0.024 sw=1 flow=0 pkt=24 | [12:13:07.331] [bmv2] [D] [thread 70182] [24.0] [cxt 0] Parser 'parser': start
t=0.024 sw=1 flow=0 pkt=24 | [12:13:07.331] [bmv2] [D] [thread 70182] [24.0] [cxt 0] Parser 'parser' entering state 'start'
t=0.024 sw=1 flow=0 pkt=24 | [12:13:07.331] [bmv2] [D] [thread 70182] [24.0] [cxt 0] Extracting header 'ethernet'
t=0.024 sw=1 flow=0 pkt=24 | [12:13:07.331] [bmv2] [D] [thread 70182] [24.0] [cxt 0] Parser state 'start': key is 0800
t=0.024 sw=1 flow=0 pkt=24 | [12:13:07.331] [bmv2] [T] [thread 70182] [24.0] [cxt 0] Bytes parsed: 14
t=0.024 sw=1 flow=0 pkt=24 | [12:13:07.331] [bmv2] [D] [thread 70182] [24.0] [cxt 0] Parser 'parser' entering state 'parse_ipv4'
t=0.024 sw=1 flow=0 pkt=24 | [12:13:07.331] [bmv2] [D] [thread 70182] [24.0] [cxt 0] Extracting header 'ipv4'
t=0.024 sw=1 flow=0 pkt=24 | [12:13:07.331] [bmv2] [D] [thread 70182] [24.0] [cxt 0] Parser state 'parse_ipv4' has no switch, going to default next state
t=0.024 sw=1 flow=0 pkt=24 | [12:13:07.331] [bmv2] [T] [thread 70182] [24.0] [cxt 0] Bytes parsed: 34
t=0.024 sw=1 flow=0 pkt=24 | [12:13:07.331] [bmv2] [D] [thread 70182] [24.0] [cxt 0] Parser 'parser': end
t=0.024 sw=1 flow=0 pkt=24 | [12:13:07.331] [bmv2] [D] [thread 70182] [24.0] [cxt 0] Pipeline 'ingress': start
t=0.024 sw=1 flow=0 pkt=24 | [12:13:07.331] [bmv2] [T] [thread 70182] [24.0] [cxt 0] log_probe.p4(87) Condition "hdr.ipv4.isValid()" (node_2) is true
t=0.024 sw=1 flow=0 pkt=24 | [12:13:07.331] [bmv2] [T] [thread 70182] [24.0] [cxt 0] Applying table 'tbl_log_probe89'
t=0.024 sw=1 flow=0 pkt=24 | [12:13:07.331] [bmv2] [D] [thread 70182] [24.0] [cxt 0] Looking up key:
t=0.024 sw=1 flow=0 pkt=24 | [12:13:07.331] [bmv2] [D] [thread 70182] [24.0] [cxt 0] Table 'tbl_log_probe89': miss
t=0.024 sw=1 flow=0 pkt=24 | [12:13:07.331] [bmv2] [D] [thread 70182] [24.0] [cxt 0] Action entry is log_probe89 - 
t=0.024 sw=1 flow=0 pkt=24 | [12:13:07.331] [bmv2] [T] [thread 70182] [24.0] [cxt 0] Action log_probe89
t=0.024 sw=1 flow=0 pkt=24 | [12:13:07.331] [bmv2] [T] [thread 70182] [24.0] [cxt 0] log_probe.p4(89) Primitive shared_counters.read(n, 32w0)
t=0.024 sw=1 flow=0 pkt=24 | [12:13:07.331] [bmv2] [T] [thread 70182] [24.0] [cxt 0] Read register 'shared_counters' at index 0 read value 48
t=0.024 sw=1 flow=0 pkt=24 | [12:13:07.331] [bmv2] [T] [thread 70182] [24.0] [cxt 0] log_probe.p4(90) Primitive n + 1
t=0.024 sw=1 flow=0 pkt=24 | [12:13:07.331] [bmv2] [T] [thread 70182] [24.0] [cxt 0] log_probe.p4(90) Primitive shared_counters.write(32w0, n + 1)
t=0.024 sw=1 flow=0 pkt=24 | [12:13:07.331] [bmv2] [T] [thread 70182] [24.0] [cxt 0] Wrote register 'shared_counters' at index 0 with value 49
t=0.024 sw=1 flow=0 pkt=24 | [12:13:07.331] [bmv2] [T] [thread 70182] [24.0] [cxt 0] log_probe.p4(93) Primitive hdr.ipv4.dstAddr
t=0.024 sw=1 flow=0 pkt=24 | [12:13:07.331] [bmv2] [T] [thread 70182] [24.0] [cxt 0] log_probe.p4(93) Primitive hdr.ipv4.ttl
t=0.024 sw=1 flow=0 pkt=24 | [12:13:07.331] [bmv2] [T] [thread 70182] [24.0] [cxt 0] log_probe.p4(93) Primitive n
t=0.024 sw=1 flow=0 pkt=24 | [12:13:07.331] [bmv2] [T] [thread 70182] [24.0] [cxt 0] log_probe.p4(92) Primitive             log_msg(\"INGRESS dst={} ttl={} counter={}\",
t=0.024 sw=1 flow=0 pkt=24 | [12:13:07.331] [bmv2] [I] [thread 70182] INGRESS dst=167837953 ttl=32 counter=48
t=0.024 sw=1 flow=0 pkt=24 | [12:13:07.331] [bmv2] [T] [thread 70182] [24.0] [cxt 0] Applying table 'MyIngress.ipv4_exact'
t=0.024 sw=1 flow=0 pkt=24 | [12:13:07.331] [bmv2] [D] [thread 70182] [24.0] [cxt 0] Looking up key:
t=0.024 sw=1 flow=0 pkt=24 | * hdr.ipv4.dstAddr    : 0a010101
t=0.024 sw=1 flow=0 pkt=24 | [12:13:07.331] [bmv2] [D] [thread 70182] [24.0] [cxt 0] Table 'MyIngress.ipv4_exact': hit with handle 0
t=0.024 sw=1 flow=0 pkt=24 | [12:13:07.331] [bmv2] [D] [thread 70182] [24.0] [cxt 0] Dumping entry 0
t=0.024 sw=1 flow=0 pkt=24 | Match key:
t=0.024 sw=1 flow=0 pkt=24 | * hdr.ipv4.dstAddr    : EXACT     0a010101
t=0.024 sw=1 flow=0 pkt=24 | Action entry: MyIngress.forward - 0,
t=0.024 sw=1 flow=0 pkt=24 | [12:13:07.331] [bmv2] [D] [thread 70182] [24.0] [cxt 0] Action entry is MyIngress.forward - 0,
t=0.024 sw=1 flow=0 pkt=24 | [12:13:07.331] [bmv2] [T] [thread 70182] [24.0] [cxt 0] Action MyIngress.forward
t=0.024 sw=1 flow=0 pkt=24 | [12:13:07.331] [bmv2] [T] [thread 70182] [24.0] [cxt 0] log_probe.p4(70) Primitive standard_metadata.egress_spec = port
t=0.024 sw=1 flow=0 pkt=24 | [12:13:07.331] [bmv2] [T] [thread 70182] [24.0] [cxt 0] log_probe.p4(71) Primitive hdr.ipv4.ttl = hdr.ipv4.ttl - 1
t=0.024 sw=1 flow=0 pkt=24 | [12:13:07.331] [bmv2] [T] [thread 70182] [24.0] [cxt 0] Applying table 'tbl_log_probe95'
t=0.024 sw=1 flow=0 pkt=24 | [12:13:07.331] [bmv2] [D] [thread 70182] [24.0] [cxt 0] Looking up key:
t=0.024 sw=1 flow=0 pkt=24 | [12:13:07.331] [bmv2] [D] [thread 70182] [24.0] [cxt 0] Table 'tbl_log_probe95': miss
t=0.024 sw=1 flow=0 pkt=24 | [12:13:07.331] [bmv2] [D] [thread 70182] [24.0] [cxt 0] Action entry is log_probe95 - 
t=0.024 sw=1 flow=0 pkt=24 | [12:13:07.331] [bmv2] [T] [thread 70182] [24.0] [cxt 0] Action log_probe95
t=0.024 sw=1 flow=0 pkt=24 | [12:13:07.331] [bmv2] [T] [thread 70182] [24.0] [cxt 0] log_probe.p4(95) Primitive             log_msg(\"INGRESS decided egress_spec={}\", {standard_metadata.egress_spec});
t=0.024 sw=1 flow=0 pkt=24 | [12:13:07.331] [bmv2] [T] [thread 70182] [24.0] [cxt 0] log_probe.p4(95) Primitive             log_msg(\"INGRESS decided egress_spec={}\", {standard_metadata.egress_spec});
t=0.024 sw=1 flow=0 pkt=24 | [12:13:07.331] [bmv2] [I] [thread 70182] INGRESS decided egress_spec=0
t=0.024 sw=1 flow=0 pkt=24 | [12:13:07.331] [bmv2] [D] [thread 70182] [24.0] [cxt 0] Pipeline 'ingress': end
t=0.024 sw=1 flow=0 pkt=24 | [12:13:07.331] [bmv2] [D] [thread 70182] [24.0] [cxt 0] Pipeline 'egress': start
t=0.024 sw=1 flow=0 pkt=24 | [12:13:07.331] [bmv2] [T] [thread 70182] [24.0] [cxt 0] log_probe.p4(103) Condition "hdr.ipv4.isValid()" (node_8) is true
t=0.024 sw=1 flow=0 pkt=24 | [12:13:07.331] [bmv2] [T] [thread 70182] [24.0] [cxt 0] Applying table 'tbl_log_probe106'
t=0.024 sw=1 flow=0 pkt=24 | [12:13:07.331] [bmv2] [D] [thread 70182] [24.0] [cxt 0] Looking up key:
t=0.024 sw=1 flow=0 pkt=24 | [12:13:07.331] [bmv2] [D] [thread 70182] [24.0] [cxt 0] Table 'tbl_log_probe106': miss
t=0.024 sw=1 flow=0 pkt=24 | [12:13:07.331] [bmv2] [D] [thread 70182] [24.0] [cxt 0] Action entry is log_probe106 - 
t=0.024 sw=1 flow=0 pkt=24 | [12:13:07.332] [bmv2] [T] [thread 70182] [24.0] [cxt 0] Action log_probe106
t=0.024 sw=1 flow=0 pkt=24 | [12:13:07.332] [bmv2] [T] [thread 70182] [24.0] [cxt 0] log_probe.p4(106) Primitive shared_counters.read(n, 32w0)
t=0.024 sw=1 flow=0 pkt=24 | [12:13:07.332] [bmv2] [T] [thread 70182] [24.0] [cxt 0] Read register 'shared_counters' at index 0 read value 49
t=0.024 sw=1 flow=0 pkt=24 | [12:13:07.332] [bmv2] [T] [thread 70182] [24.0] [cxt 0] log_probe.p4(107) Primitive n + 1
t=0.024 sw=1 flow=0 pkt=24 | [12:13:07.332] [bmv2] [T] [thread 70182] [24.0] [cxt 0] log_probe.p4(107) Primitive shared_counters.write(32w0, n + 1)
t=0.024 sw=1 flow=0 pkt=24 | [12:13:07.332] [bmv2] [T] [thread 70182] [24.0] [cxt 0] Wrote register 'shared_counters' at index 0 with value 50
t=0.024 sw=1 flow=0 pkt=24 | [12:13:07.332] [bmv2] [T] [thread 70182] [24.0] [cxt 0] log_probe.p4(111) Primitive shared_counters.read(e, 32w1)
t=0.024 sw=1 flow=0 pkt=24 | [12:13:07.332] [bmv2] [T] [thread 70182] [24.0] [cxt 0] Read register 'shared_counters' at index 1 read value 24
t=0.024 sw=1 flow=0 pkt=24 | [12:13:07.332] [bmv2] [T] [thread 70182] [24.0] [cxt 0] log_probe.p4(112) Primitive e + 1
t=0.024 sw=1 flow=0 pkt=24 | [12:13:07.332] [bmv2] [T] [thread 70182] [24.0] [cxt 0] log_probe.p4(112) Primitive shared_counters.write(32w1, e + 1)
t=0.024 sw=1 flow=0 pkt=24 | [12:13:07.332] [bmv2] [T] [thread 70182] [24.0] [cxt 0] Wrote register 'shared_counters' at index 1 with value 25
t=0.024 sw=1 flow=0 pkt=24 | [12:13:07.332] [bmv2] [D] [thread 70182] [24.0] [cxt 0] Pipeline 'egress': end
t=0.024 sw=1 flow=0 pkt=24 | [12:13:07.332] [bmv2] [D] [thread 70182] [24.0] [cxt 0] Deparser 'deparser': start
t=0.024 sw=1 flow=0 pkt=24 | [12:13:07.332] [bmv2] [D] [thread 70182] [24.0] [cxt 0] Deparsing header 'ethernet'
t=0.024 sw=1 flow=0 pkt=24 | [12:13:07.332] [bmv2] [D] [thread 70182] [24.0] [cxt 0] Deparsing header 'ipv4'
t=0.024 sw=1 flow=0 pkt=24 | [12:13:07.332] [bmv2] [D] [thread 70182] [24.0] [cxt 0] Deparser 'deparser': end
t=0.025 sw=1 flow=1 pkt=25 | [12:13:07.332] [bmv2] [D] [thread 70182] [25.0] [cxt 0] Parser 'parser': start
t=0.025 sw=1 flow=1 pkt=25 | [12:13:07.332] [bmv2] [D] [thread 70182] [25.0] [cxt 0] Parser 'parser' entering state 'start'
t=0.025 sw=1 flow=1 pkt=25 | [12:13:07.332] [bmv2] [D] [thread 70182] [25.0] [cxt 0] Extracting header 'ethernet'
t=0.025 sw=1 flow=1 pkt=25 | [12:13:07.332] [bmv2] [D] [thread 70182] [25.0] [cxt 0] Parser state 'start': key is 0800
t=0.025 sw=1 flow=1 pkt=25 | [12:13:07.332] [bmv2] [T] [thread 70182] [25.0] [cxt 0] Bytes parsed: 14
t=0.025 sw=1 flow=1 pkt=25 | [12:13:07.332] [bmv2] [D] [thread 70182] [25.0] [cxt 0] Parser 'parser' entering state 'parse_ipv4'
t=0.025 sw=1 flow=1 pkt=25 | [12:13:07.332] [bmv2] [D] [thread 70182] [25.0] [cxt 0] Extracting header 'ipv4'
t=0.025 sw=1 flow=1 pkt=25 | [12:13:07.332] [bmv2] [D] [thread 70182] [25.0] [cxt 0] Parser state 'parse_ipv4' has no switch, going to default next state
t=0.025 sw=1 flow=1 pkt=25 | [12:13:07.332] [bmv2] [T] [thread 70182] [25.0] [cxt 0] Bytes parsed: 34
t=0.025 sw=1 flow=1 pkt=25 | [12:13:07.332] [bmv2] [D] [thread 70182] [25.0] [cxt 0] Parser 'parser': end
t=0.025 sw=1 flow=1 pkt=25 | [12:13:07.332] [bmv2] [D] [thread 70182] [25.0] [cxt 0] Pipeline 'ingress': start
t=0.025 sw=1 flow=1 pkt=25 | [12:13:07.332] [bmv2] [T] [thread 70182] [25.0] [cxt 0] log_probe.p4(87) Condition "hdr.ipv4.isValid()" (node_2) is true
t=0.025 sw=1 flow=1 pkt=25 | [12:13:07.332] [bmv2] [T] [thread 70182] [25.0] [cxt 0] Applying table 'tbl_log_probe89'
t=0.025 sw=1 flow=1 pkt=25 | [12:13:07.332] [bmv2] [D] [thread 70182] [25.0] [cxt 0] Looking up key:
t=0.025 sw=1 flow=1 pkt=25 | [12:13:07.332] [bmv2] [D] [thread 70182] [25.0] [cxt 0] Table 'tbl_log_probe89': miss
t=0.025 sw=1 flow=1 pkt=25 | [12:13:07.332] [bmv2] [D] [thread 70182] [25.0] [cxt 0] Action entry is log_probe89 - 
t=0.025 sw=1 flow=1 pkt=25 | [12:13:07.332] [bmv2] [T] [thread 70182] [25.0] [cxt 0] Action log_probe89
t=0.025 sw=1 flow=1 pkt=25 | [12:13:07.332] [bmv2] [T] [thread 70182] [25.0] [cxt 0] log_probe.p4(89) Primitive shared_counters.read(n, 32w0)
t=0.025 sw=1 flow=1 pkt=25 | [12:13:07.332] [bmv2] [T] [thread 70182] [25.0] [cxt 0] Read register 'shared_counters' at index 0 read value 50
t=0.025 sw=1 flow=1 pkt=25 | [12:13:07.332] [bmv2] [T] [thread 70182] [25.0] [cxt 0] log_probe.p4(90) Primitive n + 1
t=0.025 sw=1 flow=1 pkt=25 | [12:13:07.332] [bmv2] [T] [thread 70182] [25.0] [cxt 0] log_probe.p4(90) Primitive shared_counters.write(32w0, n + 1)
t=0.025 sw=1 flow=1 pkt=25 | [12:13:07.332] [bmv2] [T] [thread 70182] [25.0] [cxt 0] Wrote register 'shared_counters' at index 0 with value 51
t=0.025 sw=1 flow=1 pkt=25 | [12:13:07.332] [bmv2] [T] [thread 70182] [25.0] [cxt 0] log_probe.p4(93) Primitive hdr.ipv4.dstAddr
t=0.025 sw=1 flow=1 pkt=25 | [12:13:07.332] [bmv2] [T] [thread 70182] [25.0] [cxt 0] log_probe.p4(93) Primitive hdr.ipv4.ttl
t=0.025 sw=1 flow=1 pkt=25 | [12:13:07.332] [bmv2] [T] [thread 70182] [25.0] [cxt 0] log_probe.p4(93) Primitive n
t=0.025 sw=1 flow=1 pkt=25 | [12:13:07.332] [bmv2] [T] [thread 70182] [25.0] [cxt 0] log_probe.p4(92) Primitive             log_msg(\"INGRESS dst={} ttl={} counter={}\",
t=0.025 sw=1 flow=1 pkt=25 | [12:13:07.332] [bmv2] [I] [thread 70182] INGRESS dst=167837954 ttl=33 counter=50
t=0.025 sw=1 flow=1 pkt=25 | [12:13:07.332] [bmv2] [T] [thread 70182] [25.0] [cxt 0] Applying table 'MyIngress.ipv4_exact'
t=0.025 sw=1 flow=1 pkt=25 | [12:13:07.332] [bmv2] [D] [thread 70182] [25.0] [cxt 0] Looking up key:
t=0.025 sw=1 flow=1 pkt=25 | * hdr.ipv4.dstAddr    : 0a010102
t=0.025 sw=1 flow=1 pkt=25 | [12:13:07.332] [bmv2] [D] [thread 70182] [25.0] [cxt 0] Table 'MyIngress.ipv4_exact': hit with handle 1
t=0.025 sw=1 flow=1 pkt=25 | [12:13:07.332] [bmv2] [D] [thread 70182] [25.0] [cxt 0] Dumping entry 1
t=0.025 sw=1 flow=1 pkt=25 | Match key:
t=0.025 sw=1 flow=1 pkt=25 | * hdr.ipv4.dstAddr    : EXACT     0a010102
t=0.025 sw=1 flow=1 pkt=25 | Action entry: MyIngress.forward - 1,
t=0.025 sw=1 flow=1 pkt=25 | [12:13:07.332] [bmv2] [D] [thread 70182] [25.0] [cxt 0] Action entry is MyIngress.forward - 1,
t=0.025 sw=1 flow=1 pkt=25 | [12:13:07.332] [bmv2] [T] [thread 70182] [25.0] [cxt 0] Action MyIngress.forward
t=0.025 sw=1 flow=1 pkt=25 | [12:13:07.332] [bmv2] [T] [thread 70182] [25.0] [cxt 0] log_probe.p4(70) Primitive standard_metadata.egress_spec = port
t=0.025 sw=1 flow=1 pkt=25 | [12:13:07.332] [bmv2] [T] [thread 70182] [25.0] [cxt 0] log_probe.p4(71) Primitive hdr.ipv4.ttl = hdr.ipv4.ttl - 1
t=0.025 sw=1 flow=1 pkt=25 | [12:13:07.332] [bmv2] [T] [thread 70182] [25.0] [cxt 0] Applying table 'tbl_log_probe95'
t=0.025 sw=1 flow=1 pkt=25 | [12:13:07.332] [bmv2] [D] [thread 70182] [25.0] [cxt 0] Looking up key:
t=0.025 sw=1 flow=1 pkt=25 | [12:13:07.332] [bmv2] [D] [thread 70182] [25.0] [cxt 0] Table 'tbl_log_probe95': miss
t=0.025 sw=1 flow=1 pkt=25 | [12:13:07.332] [bmv2] [D] [thread 70182] [25.0] [cxt 0] Action entry is log_probe95 - 
t=0.025 sw=1 flow=1 pkt=25 | [12:13:07.332] [bmv2] [T] [thread 70182] [25.0] [cxt 0] Action log_probe95
t=0.025 sw=1 flow=1 pkt=25 | [12:13:07.332] [bmv2] [T] [thread 70182] [25.0] [cxt 0] log_probe.p4(95) Primitive             log_msg(\"INGRESS decided egress_spec={}\", {standard_metadata.egress_spec});
t=0.025 sw=1 flow=1 pkt=25 | [12:13:07.332] [bmv2] [T] [thread 70182] [25.0] [cxt 0] log_probe.p4(95) Primitive             log_msg(\"INGRESS decided egress_spec={}\", {standard_metadata.egress_spec});
t=0.025 sw=1 flow=1 pkt=25 | [12:13:07.332] [bmv2] [I] [thread 70182] INGRESS decided egress_spec=1
t=0.025 sw=1 flow=1 pkt=25 | [12:13:07.332] [bmv2] [D] [thread 70182] [25.0] [cxt 0] Pipeline 'ingress': end
t=0.025 sw=1 flow=1 pkt=25 | [12:13:07.332] [bmv2] [D] [thread 70182] [25.0] [cxt 0] Pipeline 'egress': start
t=0.025 sw=1 flow=1 pkt=25 | [12:13:07.332] [bmv2] [T] [thread 70182] [25.0] [cxt 0] log_probe.p4(103) Condition "hdr.ipv4.isValid()" (node_8) is true
t=0.025 sw=1 flow=1 pkt=25 | [12:13:07.332] [bmv2] [T] [thread 70182] [25.0] [cxt 0] Applying table 'tbl_log_probe106'
t=0.025 sw=1 flow=1 pkt=25 | [12:13:07.332] [bmv2] [D] [thread 70182] [25.0] [cxt 0] Looking up key:
t=0.025 sw=1 flow=1 pkt=25 | [12:13:07.332] [bmv2] [D] [thread 70182] [25.0] [cxt 0] Table 'tbl_log_probe106': miss
t=0.025 sw=1 flow=1 pkt=25 | [12:13:07.332] [bmv2] [D] [thread 70182] [25.0] [cxt 0] Action entry is log_probe106 - 
t=0.025 sw=1 flow=1 pkt=25 | [12:13:07.332] [bmv2] [T] [thread 70182] [25.0] [cxt 0] Action log_probe106
t=0.025 sw=1 flow=1 pkt=25 | [12:13:07.332] [bmv2] [T] [thread 70182] [25.0] [cxt 0] log_probe.p4(106) Primitive shared_counters.read(n, 32w0)
t=0.025 sw=1 flow=1 pkt=25 | [12:13:07.332] [bmv2] [T] [thread 70182] [25.0] [cxt 0] Read register 'shared_counters' at index 0 read value 51
t=0.025 sw=1 flow=1 pkt=25 | [12:13:07.332] [bmv2] [T] [thread 70182] [25.0] [cxt 0] log_probe.p4(107) Primitive n + 1
t=0.025 sw=1 flow=1 pkt=25 | [12:13:07.332] [bmv2] [T] [thread 70182] [25.0] [cxt 0] log_probe.p4(107) Primitive shared_counters.write(32w0, n + 1)
t=0.025 sw=1 flow=1 pkt=25 | [12:13:07.333] [bmv2] [T] [thread 70182] [25.0] [cxt 0] Wrote register 'shared_counters' at index 0 with value 52
t=0.025 sw=1 flow=1 pkt=25 | [12:13:07.333] [bmv2] [T] [thread 70182] [25.0] [cxt 0] log_probe.p4(111) Primitive shared_counters.read(e, 32w1)
t=0.025 sw=1 flow=1 pkt=25 | [12:13:07.333] [bmv2] [T] [thread 70182] [25.0] [cxt 0] Read register 'shared_counters' at index 1 read value 25
t=0.025 sw=1 flow=1 pkt=25 | [12:13:07.333] [bmv2] [T] [thread 70182] [25.0] [cxt 0] log_probe.p4(112) Primitive e + 1
t=0.025 sw=1 flow=1 pkt=25 | [12:13:07.333] [bmv2] [T] [thread 70182] [25.0] [cxt 0] log_probe.p4(112) Primitive shared_counters.write(32w1, e + 1)
t=0.025 sw=1 flow=1 pkt=25 | [12:13:07.333] [bmv2] [T] [thread 70182] [25.0] [cxt 0] Wrote register 'shared_counters' at index 1 with value 26
t=0.025 sw=1 flow=1 pkt=25 | [12:13:07.333] [bmv2] [D] [thread 70182] [25.0] [cxt 0] Pipeline 'egress': end
t=0.025 sw=1 flow=1 pkt=25 | [12:13:07.333] [bmv2] [D] [thread 70182] [25.0] [cxt 0] Deparser 'deparser': start
t=0.025 sw=1 flow=1 pkt=25 | [12:13:07.333] [bmv2] [D] [thread 70182] [25.0] [cxt 0] Deparsing header 'ethernet'
t=0.025 sw=1 flow=1 pkt=25 | [12:13:07.333] [bmv2] [D] [thread 70182] [25.0] [cxt 0] Deparsing header 'ipv4'
t=0.025 sw=1 flow=1 pkt=25 | [12:13:07.333] [bmv2] [D] [thread 70182] [25.0] [cxt 0] Deparser 'deparser': end
t=0.026 sw=1 flow=0 pkt=26 | [12:13:07.333] [bmv2] [D] [thread 70182] [26.0] [cxt 0] Parser 'parser': start
t=0.026 sw=1 flow=0 pkt=26 | [12:13:07.333] [bmv2] [D] [thread 70182] [26.0] [cxt 0] Parser 'parser' entering state 'start'
t=0.026 sw=1 flow=0 pkt=26 | [12:13:07.333] [bmv2] [D] [thread 70182] [26.0] [cxt 0] Extracting header 'ethernet'
t=0.026 sw=1 flow=0 pkt=26 | [12:13:07.333] [bmv2] [D] [thread 70182] [26.0] [cxt 0] Parser state 'start': key is 0800
t=0.026 sw=1 flow=0 pkt=26 | [12:13:07.333] [bmv2] [T] [thread 70182] [26.0] [cxt 0] Bytes parsed: 14
t=0.026 sw=1 flow=0 pkt=26 | [12:13:07.333] [bmv2] [D] [thread 70182] [26.0] [cxt 0] Parser 'parser' entering state 'parse_ipv4'
t=0.026 sw=1 flow=0 pkt=26 | [12:13:07.333] [bmv2] [D] [thread 70182] [26.0] [cxt 0] Extracting header 'ipv4'
t=0.026 sw=1 flow=0 pkt=26 | [12:13:07.333] [bmv2] [D] [thread 70182] [26.0] [cxt 0] Parser state 'parse_ipv4' has no switch, going to default next state
t=0.026 sw=1 flow=0 pkt=26 | [12:13:07.333] [bmv2] [T] [thread 70182] [26.0] [cxt 0] Bytes parsed: 34
t=0.026 sw=1 flow=0 pkt=26 | [12:13:07.333] [bmv2] [D] [thread 70182] [26.0] [cxt 0] Parser 'parser': end
t=0.026 sw=1 flow=0 pkt=26 | [12:13:07.333] [bmv2] [D] [thread 70182] [26.0] [cxt 0] Pipeline 'ingress': start
t=0.026 sw=1 flow=0 pkt=26 | [12:13:07.333] [bmv2] [T] [thread 70182] [26.0] [cxt 0] log_probe.p4(87) Condition "hdr.ipv4.isValid()" (node_2) is true
t=0.026 sw=1 flow=0 pkt=26 | [12:13:07.333] [bmv2] [T] [thread 70182] [26.0] [cxt 0] Applying table 'tbl_log_probe89'
t=0.026 sw=1 flow=0 pkt=26 | [12:13:07.333] [bmv2] [D] [thread 70182] [26.0] [cxt 0] Looking up key:
t=0.026 sw=1 flow=0 pkt=26 | [12:13:07.333] [bmv2] [D] [thread 70182] [26.0] [cxt 0] Table 'tbl_log_probe89': miss
t=0.026 sw=1 flow=0 pkt=26 | [12:13:07.333] [bmv2] [D] [thread 70182] [26.0] [cxt 0] Action entry is log_probe89 - 
t=0.026 sw=1 flow=0 pkt=26 | [12:13:07.333] [bmv2] [T] [thread 70182] [26.0] [cxt 0] Action log_probe89
t=0.026 sw=1 flow=0 pkt=26 | [12:13:07.333] [bmv2] [T] [thread 70182] [26.0] [cxt 0] log_probe.p4(89) Primitive shared_counters.read(n, 32w0)
t=0.026 sw=1 flow=0 pkt=26 | [12:13:07.333] [bmv2] [T] [thread 70182] [26.0] [cxt 0] Read register 'shared_counters' at index 0 read value 52
t=0.026 sw=1 flow=0 pkt=26 | [12:13:07.333] [bmv2] [T] [thread 70182] [26.0] [cxt 0] log_probe.p4(90) Primitive n + 1
t=0.026 sw=1 flow=0 pkt=26 | [12:13:07.333] [bmv2] [T] [thread 70182] [26.0] [cxt 0] log_probe.p4(90) Primitive shared_counters.write(32w0, n + 1)
t=0.026 sw=1 flow=0 pkt=26 | [12:13:07.333] [bmv2] [T] [thread 70182] [26.0] [cxt 0] Wrote register 'shared_counters' at index 0 with value 53
t=0.026 sw=1 flow=0 pkt=26 | [12:13:07.333] [bmv2] [T] [thread 70182] [26.0] [cxt 0] log_probe.p4(93) Primitive hdr.ipv4.dstAddr
t=0.026 sw=1 flow=0 pkt=26 | [12:13:07.333] [bmv2] [T] [thread 70182] [26.0] [cxt 0] log_probe.p4(93) Primitive hdr.ipv4.ttl
t=0.026 sw=1 flow=0 pkt=26 | [12:13:07.333] [bmv2] [T] [thread 70182] [26.0] [cxt 0] log_probe.p4(93) Primitive n
t=0.026 sw=1 flow=0 pkt=26 | [12:13:07.333] [bmv2] [T] [thread 70182] [26.0] [cxt 0] log_probe.p4(92) Primitive             log_msg(\"INGRESS dst={} ttl={} counter={}\",
t=0.026 sw=1 flow=0 pkt=26 | [12:13:07.333] [bmv2] [I] [thread 70182] INGRESS dst=167837953 ttl=34 counter=52
t=0.026 sw=1 flow=0 pkt=26 | [12:13:07.333] [bmv2] [T] [thread 70182] [26.0] [cxt 0] Applying table 'MyIngress.ipv4_exact'
t=0.026 sw=1 flow=0 pkt=26 | [12:13:07.333] [bmv2] [D] [thread 70182] [26.0] [cxt 0] Looking up key:
t=0.026 sw=1 flow=0 pkt=26 | * hdr.ipv4.dstAddr    : 0a010101
t=0.026 sw=1 flow=0 pkt=26 | [12:13:07.333] [bmv2] [D] [thread 70182] [26.0] [cxt 0] Table 'MyIngress.ipv4_exact': hit with handle 0
t=0.026 sw=1 flow=0 pkt=26 | [12:13:07.333] [bmv2] [D] [thread 70182] [26.0] [cxt 0] Dumping entry 0
t=0.026 sw=1 flow=0 pkt=26 | Match key:
t=0.026 sw=1 flow=0 pkt=26 | * hdr.ipv4.dstAddr    : EXACT     0a010101
t=0.026 sw=1 flow=0 pkt=26 | Action entry: MyIngress.forward - 0,
t=0.026 sw=1 flow=0 pkt=26 | [12:13:07.333] [bmv2] [D] [thread 70182] [26.0] [cxt 0] Action entry is MyIngress.forward - 0,
t=0.026 sw=1 flow=0 pkt=26 | [12:13:07.333] [bmv2] [T] [thread 70182] [26.0] [cxt 0] Action MyIngress.forward
t=0.026 sw=1 flow=0 pkt=26 | [12:13:07.333] [bmv2] [T] [thread 70182] [26.0] [cxt 0] log_probe.p4(70) Primitive standard_metadata.egress_spec = port
t=0.026 sw=1 flow=0 pkt=26 | [12:13:07.333] [bmv2] [T] [thread 70182] [26.0] [cxt 0] log_probe.p4(71) Primitive hdr.ipv4.ttl = hdr.ipv4.ttl - 1
t=0.026 sw=1 flow=0 pkt=26 | [12:13:07.333] [bmv2] [T] [thread 70182] [26.0] [cxt 0] Applying table 'tbl_log_probe95'
t=0.026 sw=1 flow=0 pkt=26 | [12:13:07.333] [bmv2] [D] [thread 70182] [26.0] [cxt 0] Looking up key:
t=0.026 sw=1 flow=0 pkt=26 | [12:13:07.333] [bmv2] [D] [thread 70182] [26.0] [cxt 0] Table 'tbl_log_probe95': miss
t=0.026 sw=1 flow=0 pkt=26 | [12:13:07.333] [bmv2] [D] [thread 70182] [26.0] [cxt 0] Action entry is log_probe95 - 
t=0.026 sw=1 flow=0 pkt=26 | [12:13:07.333] [bmv2] [T] [thread 70182] [26.0] [cxt 0] Action log_probe95
t=0.026 sw=1 flow=0 pkt=26 | [12:13:07.333] [bmv2] [T] [thread 70182] [26.0] [cxt 0] log_probe.p4(95) Primitive             log_msg(\"INGRESS decided egress_spec={}\", {standard_metadata.egress_spec});
t=0.026 sw=1 flow=0 pkt=26 | [12:13:07.333] [bmv2] [T] [thread 70182] [26.0] [cxt 0] log_probe.p4(95) Primitive             log_msg(\"INGRESS decided egress_spec={}\", {standard_metadata.egress_spec});
t=0.026 sw=1 flow=0 pkt=26 | [12:13:07.333] [bmv2] [I] [thread 70182] INGRESS decided egress_spec=0
t=0.026 sw=1 flow=0 pkt=26 | [12:13:07.333] [bmv2] [D] [thread 70182] [26.0] [cxt 0] Pipeline 'ingress': end
t=0.026 sw=1 flow=0 pkt=26 | [12:13:07.333] [bmv2] [D] [thread 70182] [26.0] [cxt 0] Pipeline 'egress': start
t=0.026 sw=1 flow=0 pkt=26 | [12:13:07.333] [bmv2] [T] [thread 70182] [26.0] [cxt 0] log_probe.p4(103) Condition "hdr.ipv4.isValid()" (node_8) is true
t=0.026 sw=1 flow=0 pkt=26 | [12:13:07.333] [bmv2] [T] [thread 70182] [26.0] [cxt 0] Applying table 'tbl_log_probe106'
t=0.026 sw=1 flow=0 pkt=26 | [12:13:07.333] [bmv2] [D] [thread 70182] [26.0] [cxt 0] Looking up key:
t=0.026 sw=1 flow=0 pkt=26 | [12:13:07.333] [bmv2] [D] [thread 70182] [26.0] [cxt 0] Table 'tbl_log_probe106': miss
t=0.026 sw=1 flow=0 pkt=26 | [12:13:07.333] [bmv2] [D] [thread 70182] [26.0] [cxt 0] Action entry is log_probe106 - 
t=0.026 sw=1 flow=0 pkt=26 | [12:13:07.334] [bmv2] [T] [thread 70182] [26.0] [cxt 0] Action log_probe106
t=0.026 sw=1 flow=0 pkt=26 | [12:13:07.334] [bmv2] [T] [thread 70182] [26.0] [cxt 0] log_probe.p4(106) Primitive shared_counters.read(n, 32w0)
t=0.026 sw=1 flow=0 pkt=26 | [12:13:07.334] [bmv2] [T] [thread 70182] [26.0] [cxt 0] Read register 'shared_counters' at index 0 read value 53
t=0.026 sw=1 flow=0 pkt=26 | [12:13:07.334] [bmv2] [T] [thread 70182] [26.0] [cxt 0] log_probe.p4(107) Primitive n + 1
t=0.026 sw=1 flow=0 pkt=26 | [12:13:07.334] [bmv2] [T] [thread 70182] [26.0] [cxt 0] log_probe.p4(107) Primitive shared_counters.write(32w0, n + 1)
t=0.026 sw=1 flow=0 pkt=26 | [12:13:07.334] [bmv2] [T] [thread 70182] [26.0] [cxt 0] Wrote register 'shared_counters' at index 0 with value 54
t=0.026 sw=1 flow=0 pkt=26 | [12:13:07.334] [bmv2] [T] [thread 70182] [26.0] [cxt 0] log_probe.p4(111) Primitive shared_counters.read(e, 32w1)
t=0.026 sw=1 flow=0 pkt=26 | [12:13:07.334] [bmv2] [T] [thread 70182] [26.0] [cxt 0] Read register 'shared_counters' at index 1 read value 26
t=0.026 sw=1 flow=0 pkt=26 | [12:13:07.334] [bmv2] [T] [thread 70182] [26.0] [cxt 0] log_probe.p4(112) Primitive e + 1
t=0.026 sw=1 flow=0 pkt=26 | [12:13:07.334] [bmv2] [T] [thread 70182] [26.0] [cxt 0] log_probe.p4(112) Primitive shared_counters.write(32w1, e + 1)
t=0.026 sw=1 flow=0 pkt=26 | [12:13:07.334] [bmv2] [T] [thread 70182] [26.0] [cxt 0] Wrote register 'shared_counters' at index 1 with value 27
t=0.026 sw=1 flow=0 pkt=26 | [12:13:07.334] [bmv2] [D] [thread 70182] [26.0] [cxt 0] Pipeline 'egress': end
t=0.026 sw=1 flow=0 pkt=26 | [12:13:07.334] [bmv2] [D] [thread 70182] [26.0] [cxt 0] Deparser 'deparser': start
t=0.026 sw=1 flow=0 pkt=26 | [12:13:07.334] [bmv2] [D] [thread 70182] [26.0] [cxt 0] Deparsing header 'ethernet'
t=0.026 sw=1 flow=0 pkt=26 | [12:13:07.334] [bmv2] [D] [thread 70182] [26.0] [cxt 0] Deparsing header 'ipv4'
t=0.026 sw=1 flow=0 pkt=26 | [12:13:07.334] [bmv2] [D] [thread 70182] [26.0] [cxt 0] Deparser 'deparser': end
t=0.027 sw=1 flow=1 pkt=27 | [12:13:07.334] [bmv2] [D] [thread 70182] [27.0] [cxt 0] Parser 'parser': start
t=0.027 sw=1 flow=1 pkt=27 | [12:13:07.334] [bmv2] [D] [thread 70182] [27.0] [cxt 0] Parser 'parser' entering state 'start'
t=0.027 sw=1 flow=1 pkt=27 | [12:13:07.334] [bmv2] [D] [thread 70182] [27.0] [cxt 0] Extracting header 'ethernet'
t=0.027 sw=1 flow=1 pkt=27 | [12:13:07.334] [bmv2] [D] [thread 70182] [27.0] [cxt 0] Parser state 'start': key is 0800
t=0.027 sw=1 flow=1 pkt=27 | [12:13:07.334] [bmv2] [T] [thread 70182] [27.0] [cxt 0] Bytes parsed: 14
t=0.027 sw=1 flow=1 pkt=27 | [12:13:07.334] [bmv2] [D] [thread 70182] [27.0] [cxt 0] Parser 'parser' entering state 'parse_ipv4'
t=0.027 sw=1 flow=1 pkt=27 | [12:13:07.334] [bmv2] [D] [thread 70182] [27.0] [cxt 0] Extracting header 'ipv4'
t=0.027 sw=1 flow=1 pkt=27 | [12:13:07.334] [bmv2] [D] [thread 70182] [27.0] [cxt 0] Parser state 'parse_ipv4' has no switch, going to default next state
t=0.027 sw=1 flow=1 pkt=27 | [12:13:07.334] [bmv2] [T] [thread 70182] [27.0] [cxt 0] Bytes parsed: 34
t=0.027 sw=1 flow=1 pkt=27 | [12:13:07.334] [bmv2] [D] [thread 70182] [27.0] [cxt 0] Parser 'parser': end
t=0.027 sw=1 flow=1 pkt=27 | [12:13:07.334] [bmv2] [D] [thread 70182] [27.0] [cxt 0] Pipeline 'ingress': start
t=0.027 sw=1 flow=1 pkt=27 | [12:13:07.334] [bmv2] [T] [thread 70182] [27.0] [cxt 0] log_probe.p4(87) Condition "hdr.ipv4.isValid()" (node_2) is true
t=0.027 sw=1 flow=1 pkt=27 | [12:13:07.334] [bmv2] [T] [thread 70182] [27.0] [cxt 0] Applying table 'tbl_log_probe89'
t=0.027 sw=1 flow=1 pkt=27 | [12:13:07.334] [bmv2] [D] [thread 70182] [27.0] [cxt 0] Looking up key:
t=0.027 sw=1 flow=1 pkt=27 | [12:13:07.334] [bmv2] [D] [thread 70182] [27.0] [cxt 0] Table 'tbl_log_probe89': miss
t=0.027 sw=1 flow=1 pkt=27 | [12:13:07.334] [bmv2] [D] [thread 70182] [27.0] [cxt 0] Action entry is log_probe89 - 
t=0.027 sw=1 flow=1 pkt=27 | [12:13:07.334] [bmv2] [T] [thread 70182] [27.0] [cxt 0] Action log_probe89
t=0.027 sw=1 flow=1 pkt=27 | [12:13:07.334] [bmv2] [T] [thread 70182] [27.0] [cxt 0] log_probe.p4(89) Primitive shared_counters.read(n, 32w0)
t=0.027 sw=1 flow=1 pkt=27 | [12:13:07.334] [bmv2] [T] [thread 70182] [27.0] [cxt 0] Read register 'shared_counters' at index 0 read value 54
t=0.027 sw=1 flow=1 pkt=27 | [12:13:07.334] [bmv2] [T] [thread 70182] [27.0] [cxt 0] log_probe.p4(90) Primitive n + 1
t=0.027 sw=1 flow=1 pkt=27 | [12:13:07.334] [bmv2] [T] [thread 70182] [27.0] [cxt 0] log_probe.p4(90) Primitive shared_counters.write(32w0, n + 1)
t=0.027 sw=1 flow=1 pkt=27 | [12:13:07.334] [bmv2] [T] [thread 70182] [27.0] [cxt 0] Wrote register 'shared_counters' at index 0 with value 55
t=0.027 sw=1 flow=1 pkt=27 | [12:13:07.334] [bmv2] [T] [thread 70182] [27.0] [cxt 0] log_probe.p4(93) Primitive hdr.ipv4.dstAddr
t=0.027 sw=1 flow=1 pkt=27 | [12:13:07.334] [bmv2] [T] [thread 70182] [27.0] [cxt 0] log_probe.p4(93) Primitive hdr.ipv4.ttl
t=0.027 sw=1 flow=1 pkt=27 | [12:13:07.334] [bmv2] [T] [thread 70182] [27.0] [cxt 0] log_probe.p4(93) Primitive n
t=0.027 sw=1 flow=1 pkt=27 | [12:13:07.334] [bmv2] [T] [thread 70182] [27.0] [cxt 0] log_probe.p4(92) Primitive             log_msg(\"INGRESS dst={} ttl={} counter={}\",
t=0.027 sw=1 flow=1 pkt=27 | [12:13:07.334] [bmv2] [I] [thread 70182] INGRESS dst=167837954 ttl=35 counter=54
t=0.027 sw=1 flow=1 pkt=27 | [12:13:07.334] [bmv2] [T] [thread 70182] [27.0] [cxt 0] Applying table 'MyIngress.ipv4_exact'
t=0.027 sw=1 flow=1 pkt=27 | [12:13:07.334] [bmv2] [D] [thread 70182] [27.0] [cxt 0] Looking up key:
t=0.027 sw=1 flow=1 pkt=27 | * hdr.ipv4.dstAddr    : 0a010102
t=0.027 sw=1 flow=1 pkt=27 | [12:13:07.334] [bmv2] [D] [thread 70182] [27.0] [cxt 0] Table 'MyIngress.ipv4_exact': hit with handle 1
t=0.027 sw=1 flow=1 pkt=27 | [12:13:07.334] [bmv2] [D] [thread 70182] [27.0] [cxt 0] Dumping entry 1
t=0.027 sw=1 flow=1 pkt=27 | Match key:
t=0.027 sw=1 flow=1 pkt=27 | * hdr.ipv4.dstAddr    : EXACT     0a010102
t=0.027 sw=1 flow=1 pkt=27 | Action entry: MyIngress.forward - 1,
t=0.027 sw=1 flow=1 pkt=27 | [12:13:07.334] [bmv2] [D] [thread 70182] [27.0] [cxt 0] Action entry is MyIngress.forward - 1,
t=0.027 sw=1 flow=1 pkt=27 | [12:13:07.334] [bmv2] [T] [thread 70182] [27.0] [cxt 0] Action MyIngress.forward
t=0.027 sw=1 flow=1 pkt=27 | [12:13:07.334] [bmv2] [T] [thread 70182] [27.0] [cxt 0] log_probe.p4(70) Primitive standard_metadata.egress_spec = port
t=0.027 sw=1 flow=1 pkt=27 | [12:13:07.334] [bmv2] [T] [thread 70182] [27.0] [cxt 0] log_probe.p4(71) Primitive hdr.ipv4.ttl = hdr.ipv4.ttl - 1
t=0.027 sw=1 flow=1 pkt=27 | [12:13:07.334] [bmv2] [T] [thread 70182] [27.0] [cxt 0] Applying table 'tbl_log_probe95'
t=0.027 sw=1 flow=1 pkt=27 | [12:13:07.334] [bmv2] [D] [thread 70182] [27.0] [cxt 0] Looking up key:
t=0.027 sw=1 flow=1 pkt=27 | [12:13:07.334] [bmv2] [D] [thread 70182] [27.0] [cxt 0] Table 'tbl_log_probe95': miss
t=0.027 sw=1 flow=1 pkt=27 | [12:13:07.334] [bmv2] [D] [thread 70182] [27.0] [cxt 0] Action entry is log_probe95 - 
t=0.027 sw=1 flow=1 pkt=27 | [12:13:07.334] [bmv2] [T] [thread 70182] [27.0] [cxt 0] Action log_probe95
t=0.027 sw=1 flow=1 pkt=27 | [12:13:07.334] [bmv2] [T] [thread 70182] [27.0] [cxt 0] log_probe.p4(95) Primitive             log_msg(\"INGRESS decided egress_spec={}\", {standard_metadata.egress_spec});
t=0.027 sw=1 flow=1 pkt=27 | [12:13:07.334] [bmv2] [T] [thread 70182] [27.0] [cxt 0] log_probe.p4(95) Primitive             log_msg(\"INGRESS decided egress_spec={}\", {standard_metadata.egress_spec});
t=0.027 sw=1 flow=1 pkt=27 | [12:13:07.334] [bmv2] [I] [thread 70182] INGRESS decided egress_spec=1
t=0.027 sw=1 flow=1 pkt=27 | [12:13:07.334] [bmv2] [D] [thread 70182] [27.0] [cxt 0] Pipeline 'ingress': end
t=0.027 sw=1 flow=1 pkt=27 | [12:13:07.334] [bmv2] [D] [thread 70182] [27.0] [cxt 0] Pipeline 'egress': start
t=0.027 sw=1 flow=1 pkt=27 | [12:13:07.334] [bmv2] [T] [thread 70182] [27.0] [cxt 0] log_probe.p4(103) Condition "hdr.ipv4.isValid()" (node_8) is true
t=0.027 sw=1 flow=1 pkt=27 | [12:13:07.334] [bmv2] [T] [thread 70182] [27.0] [cxt 0] Applying table 'tbl_log_probe106'
t=0.027 sw=1 flow=1 pkt=27 | [12:13:07.334] [bmv2] [D] [thread 70182] [27.0] [cxt 0] Looking up key:
t=0.027 sw=1 flow=1 pkt=27 | [12:13:07.334] [bmv2] [D] [thread 70182] [27.0] [cxt 0] Table 'tbl_log_probe106': miss
t=0.027 sw=1 flow=1 pkt=27 | [12:13:07.334] [bmv2] [D] [thread 70182] [27.0] [cxt 0] Action entry is log_probe106 - 
t=0.027 sw=1 flow=1 pkt=27 | [12:13:07.334] [bmv2] [T] [thread 70182] [27.0] [cxt 0] Action log_probe106
t=0.027 sw=1 flow=1 pkt=27 | [12:13:07.334] [bmv2] [T] [thread 70182] [27.0] [cxt 0] log_probe.p4(106) Primitive shared_counters.read(n, 32w0)
t=0.027 sw=1 flow=1 pkt=27 | [12:13:07.334] [bmv2] [T] [thread 70182] [27.0] [cxt 0] Read register 'shared_counters' at index 0 read value 55
t=0.027 sw=1 flow=1 pkt=27 | [12:13:07.334] [bmv2] [T] [thread 70182] [27.0] [cxt 0] log_probe.p4(107) Primitive n + 1
t=0.027 sw=1 flow=1 pkt=27 | [12:13:07.335] [bmv2] [T] [thread 70182] [27.0] [cxt 0] log_probe.p4(107) Primitive shared_counters.write(32w0, n + 1)
t=0.027 sw=1 flow=1 pkt=27 | [12:13:07.335] [bmv2] [T] [thread 70182] [27.0] [cxt 0] Wrote register 'shared_counters' at index 0 with value 56
t=0.027 sw=1 flow=1 pkt=27 | [12:13:07.335] [bmv2] [T] [thread 70182] [27.0] [cxt 0] log_probe.p4(111) Primitive shared_counters.read(e, 32w1)
t=0.027 sw=1 flow=1 pkt=27 | [12:13:07.335] [bmv2] [T] [thread 70182] [27.0] [cxt 0] Read register 'shared_counters' at index 1 read value 27
t=0.027 sw=1 flow=1 pkt=27 | [12:13:07.335] [bmv2] [T] [thread 70182] [27.0] [cxt 0] log_probe.p4(112) Primitive e + 1
t=0.027 sw=1 flow=1 pkt=27 | [12:13:07.335] [bmv2] [T] [thread 70182] [27.0] [cxt 0] log_probe.p4(112) Primitive shared_counters.write(32w1, e + 1)
t=0.027 sw=1 flow=1 pkt=27 | [12:13:07.335] [bmv2] [T] [thread 70182] [27.0] [cxt 0] Wrote register 'shared_counters' at index 1 with value 28
t=0.027 sw=1 flow=1 pkt=27 | [12:13:07.335] [bmv2] [D] [thread 70182] [27.0] [cxt 0] Pipeline 'egress': end
t=0.027 sw=1 flow=1 pkt=27 | [12:13:07.335] [bmv2] [D] [thread 70182] [27.0] [cxt 0] Deparser 'deparser': start
t=0.027 sw=1 flow=1 pkt=27 | [12:13:07.335] [bmv2] [D] [thread 70182] [27.0] [cxt 0] Deparsing header 'ethernet'
t=0.027 sw=1 flow=1 pkt=27 | [12:13:07.335] [bmv2] [D] [thread 70182] [27.0] [cxt 0] Deparsing header 'ipv4'
t=0.027 sw=1 flow=1 pkt=27 | [12:13:07.335] [bmv2] [D] [thread 70182] [27.0] [cxt 0] Deparser 'deparser': end
t=0.028 sw=1 flow=0 pkt=28 | [12:13:07.335] [bmv2] [D] [thread 70182] [28.0] [cxt 0] Parser 'parser': start
t=0.028 sw=1 flow=0 pkt=28 | [12:13:07.335] [bmv2] [D] [thread 70182] [28.0] [cxt 0] Parser 'parser' entering state 'start'
t=0.028 sw=1 flow=0 pkt=28 | [12:13:07.335] [bmv2] [D] [thread 70182] [28.0] [cxt 0] Extracting header 'ethernet'
t=0.028 sw=1 flow=0 pkt=28 | [12:13:07.335] [bmv2] [D] [thread 70182] [28.0] [cxt 0] Parser state 'start': key is 0800
t=0.028 sw=1 flow=0 pkt=28 | [12:13:07.335] [bmv2] [T] [thread 70182] [28.0] [cxt 0] Bytes parsed: 14
t=0.028 sw=1 flow=0 pkt=28 | [12:13:07.335] [bmv2] [D] [thread 70182] [28.0] [cxt 0] Parser 'parser' entering state 'parse_ipv4'
t=0.028 sw=1 flow=0 pkt=28 | [12:13:07.335] [bmv2] [D] [thread 70182] [28.0] [cxt 0] Extracting header 'ipv4'
t=0.028 sw=1 flow=0 pkt=28 | [12:13:07.335] [bmv2] [D] [thread 70182] [28.0] [cxt 0] Parser state 'parse_ipv4' has no switch, going to default next state
t=0.028 sw=1 flow=0 pkt=28 | [12:13:07.335] [bmv2] [T] [thread 70182] [28.0] [cxt 0] Bytes parsed: 34
t=0.028 sw=1 flow=0 pkt=28 | [12:13:07.335] [bmv2] [D] [thread 70182] [28.0] [cxt 0] Parser 'parser': end
t=0.028 sw=1 flow=0 pkt=28 | [12:13:07.335] [bmv2] [D] [thread 70182] [28.0] [cxt 0] Pipeline 'ingress': start
t=0.028 sw=1 flow=0 pkt=28 | [12:13:07.335] [bmv2] [T] [thread 70182] [28.0] [cxt 0] log_probe.p4(87) Condition "hdr.ipv4.isValid()" (node_2) is true
t=0.028 sw=1 flow=0 pkt=28 | [12:13:07.335] [bmv2] [T] [thread 70182] [28.0] [cxt 0] Applying table 'tbl_log_probe89'
t=0.028 sw=1 flow=0 pkt=28 | [12:13:07.335] [bmv2] [D] [thread 70182] [28.0] [cxt 0] Looking up key:
t=0.028 sw=1 flow=0 pkt=28 | [12:13:07.335] [bmv2] [D] [thread 70182] [28.0] [cxt 0] Table 'tbl_log_probe89': miss
t=0.028 sw=1 flow=0 pkt=28 | [12:13:07.335] [bmv2] [D] [thread 70182] [28.0] [cxt 0] Action entry is log_probe89 - 
t=0.028 sw=1 flow=0 pkt=28 | [12:13:07.335] [bmv2] [T] [thread 70182] [28.0] [cxt 0] Action log_probe89
t=0.028 sw=1 flow=0 pkt=28 | [12:13:07.335] [bmv2] [T] [thread 70182] [28.0] [cxt 0] log_probe.p4(89) Primitive shared_counters.read(n, 32w0)
t=0.028 sw=1 flow=0 pkt=28 | [12:13:07.335] [bmv2] [T] [thread 70182] [28.0] [cxt 0] Read register 'shared_counters' at index 0 read value 56
t=0.028 sw=1 flow=0 pkt=28 | [12:13:07.335] [bmv2] [T] [thread 70182] [28.0] [cxt 0] log_probe.p4(90) Primitive n + 1
t=0.028 sw=1 flow=0 pkt=28 | [12:13:07.335] [bmv2] [T] [thread 70182] [28.0] [cxt 0] log_probe.p4(90) Primitive shared_counters.write(32w0, n + 1)
t=0.028 sw=1 flow=0 pkt=28 | [12:13:07.335] [bmv2] [T] [thread 70182] [28.0] [cxt 0] Wrote register 'shared_counters' at index 0 with value 57
t=0.028 sw=1 flow=0 pkt=28 | [12:13:07.335] [bmv2] [T] [thread 70182] [28.0] [cxt 0] log_probe.p4(93) Primitive hdr.ipv4.dstAddr
t=0.028 sw=1 flow=0 pkt=28 | [12:13:07.335] [bmv2] [T] [thread 70182] [28.0] [cxt 0] log_probe.p4(93) Primitive hdr.ipv4.ttl
t=0.028 sw=1 flow=0 pkt=28 | [12:13:07.335] [bmv2] [T] [thread 70182] [28.0] [cxt 0] log_probe.p4(93) Primitive n
t=0.028 sw=1 flow=0 pkt=28 | [12:13:07.335] [bmv2] [T] [thread 70182] [28.0] [cxt 0] log_probe.p4(92) Primitive             log_msg(\"INGRESS dst={} ttl={} counter={}\",
t=0.028 sw=1 flow=0 pkt=28 | [12:13:07.335] [bmv2] [I] [thread 70182] INGRESS dst=167837953 ttl=36 counter=56
t=0.028 sw=1 flow=0 pkt=28 | [12:13:07.335] [bmv2] [T] [thread 70182] [28.0] [cxt 0] Applying table 'MyIngress.ipv4_exact'
t=0.028 sw=1 flow=0 pkt=28 | [12:13:07.335] [bmv2] [D] [thread 70182] [28.0] [cxt 0] Looking up key:
t=0.028 sw=1 flow=0 pkt=28 | * hdr.ipv4.dstAddr    : 0a010101
t=0.028 sw=1 flow=0 pkt=28 | [12:13:07.335] [bmv2] [D] [thread 70182] [28.0] [cxt 0] Table 'MyIngress.ipv4_exact': hit with handle 0
t=0.028 sw=1 flow=0 pkt=28 | [12:13:07.335] [bmv2] [D] [thread 70182] [28.0] [cxt 0] Dumping entry 0
t=0.028 sw=1 flow=0 pkt=28 | Match key:
t=0.028 sw=1 flow=0 pkt=28 | * hdr.ipv4.dstAddr    : EXACT     0a010101
t=0.028 sw=1 flow=0 pkt=28 | Action entry: MyIngress.forward - 0,
t=0.028 sw=1 flow=0 pkt=28 | [12:13:07.335] [bmv2] [D] [thread 70182] [28.0] [cxt 0] Action entry is MyIngress.forward - 0,
t=0.028 sw=1 flow=0 pkt=28 | [12:13:07.335] [bmv2] [T] [thread 70182] [28.0] [cxt 0] Action MyIngress.forward
t=0.028 sw=1 flow=0 pkt=28 | [12:13:07.335] [bmv2] [T] [thread 70182] [28.0] [cxt 0] log_probe.p4(70) Primitive standard_metadata.egress_spec = port
t=0.028 sw=1 flow=0 pkt=28 | [12:13:07.335] [bmv2] [T] [thread 70182] [28.0] [cxt 0] log_probe.p4(71) Primitive hdr.ipv4.ttl = hdr.ipv4.ttl - 1
t=0.028 sw=1 flow=0 pkt=28 | [12:13:07.335] [bmv2] [T] [thread 70182] [28.0] [cxt 0] Applying table 'tbl_log_probe95'
t=0.028 sw=1 flow=0 pkt=28 | [12:13:07.335] [bmv2] [D] [thread 70182] [28.0] [cxt 0] Looking up key:
t=0.028 sw=1 flow=0 pkt=28 | [12:13:07.335] [bmv2] [D] [thread 70182] [28.0] [cxt 0] Table 'tbl_log_probe95': miss
t=0.028 sw=1 flow=0 pkt=28 | [12:13:07.335] [bmv2] [D] [thread 70182] [28.0] [cxt 0] Action entry is log_probe95 - 
t=0.028 sw=1 flow=0 pkt=28 | [12:13:07.335] [bmv2] [T] [thread 70182] [28.0] [cxt 0] Action log_probe95
t=0.028 sw=1 flow=0 pkt=28 | [12:13:07.335] [bmv2] [T] [thread 70182] [28.0] [cxt 0] log_probe.p4(95) Primitive             log_msg(\"INGRESS decided egress_spec={}\", {standard_metadata.egress_spec});
t=0.028 sw=1 flow=0 pkt=28 | [12:13:07.335] [bmv2] [T] [thread 70182] [28.0] [cxt 0] log_probe.p4(95) Primitive             log_msg(\"INGRESS decided egress_spec={}\", {standard_metadata.egress_spec});
t=0.028 sw=1 flow=0 pkt=28 | [12:13:07.335] [bmv2] [I] [thread 70182] INGRESS decided egress_spec=0
t=0.028 sw=1 flow=0 pkt=28 | [12:13:07.335] [bmv2] [D] [thread 70182] [28.0] [cxt 0] Pipeline 'ingress': end
t=0.028 sw=1 flow=0 pkt=28 | [12:13:07.335] [bmv2] [D] [thread 70182] [28.0] [cxt 0] Pipeline 'egress': start
t=0.028 sw=1 flow=0 pkt=28 | [12:13:07.335] [bmv2] [T] [thread 70182] [28.0] [cxt 0] log_probe.p4(103) Condition "hdr.ipv4.isValid()" (node_8) is true
t=0.028 sw=1 flow=0 pkt=28 | [12:13:07.335] [bmv2] [T] [thread 70182] [28.0] [cxt 0] Applying table 'tbl_log_probe106'
t=0.028 sw=1 flow=0 pkt=28 | [12:13:07.336] [bmv2] [D] [thread 70182] [28.0] [cxt 0] Looking up key:
t=0.028 sw=1 flow=0 pkt=28 | [12:13:07.336] [bmv2] [D] [thread 70182] [28.0] [cxt 0] Table 'tbl_log_probe106': miss
t=0.028 sw=1 flow=0 pkt=28 | [12:13:07.336] [bmv2] [D] [thread 70182] [28.0] [cxt 0] Action entry is log_probe106 - 
t=0.028 sw=1 flow=0 pkt=28 | [12:13:07.336] [bmv2] [T] [thread 70182] [28.0] [cxt 0] Action log_probe106
t=0.028 sw=1 flow=0 pkt=28 | [12:13:07.336] [bmv2] [T] [thread 70182] [28.0] [cxt 0] log_probe.p4(106) Primitive shared_counters.read(n, 32w0)
t=0.028 sw=1 flow=0 pkt=28 | [12:13:07.336] [bmv2] [T] [thread 70182] [28.0] [cxt 0] Read register 'shared_counters' at index 0 read value 57
t=0.028 sw=1 flow=0 pkt=28 | [12:13:07.336] [bmv2] [T] [thread 70182] [28.0] [cxt 0] log_probe.p4(107) Primitive n + 1
t=0.028 sw=1 flow=0 pkt=28 | [12:13:07.336] [bmv2] [T] [thread 70182] [28.0] [cxt 0] log_probe.p4(107) Primitive shared_counters.write(32w0, n + 1)
t=0.028 sw=1 flow=0 pkt=28 | [12:13:07.336] [bmv2] [T] [thread 70182] [28.0] [cxt 0] Wrote register 'shared_counters' at index 0 with value 58
t=0.028 sw=1 flow=0 pkt=28 | [12:13:07.336] [bmv2] [T] [thread 70182] [28.0] [cxt 0] log_probe.p4(111) Primitive shared_counters.read(e, 32w1)
t=0.028 sw=1 flow=0 pkt=28 | [12:13:07.336] [bmv2] [T] [thread 70182] [28.0] [cxt 0] Read register 'shared_counters' at index 1 read value 28
t=0.028 sw=1 flow=0 pkt=28 | [12:13:07.336] [bmv2] [T] [thread 70182] [28.0] [cxt 0] log_probe.p4(112) Primitive e + 1
t=0.028 sw=1 flow=0 pkt=28 | [12:13:07.336] [bmv2] [T] [thread 70182] [28.0] [cxt 0] log_probe.p4(112) Primitive shared_counters.write(32w1, e + 1)
t=0.028 sw=1 flow=0 pkt=28 | [12:13:07.336] [bmv2] [T] [thread 70182] [28.0] [cxt 0] Wrote register 'shared_counters' at index 1 with value 29
t=0.028 sw=1 flow=0 pkt=28 | [12:13:07.336] [bmv2] [D] [thread 70182] [28.0] [cxt 0] Pipeline 'egress': end
t=0.028 sw=1 flow=0 pkt=28 | [12:13:07.336] [bmv2] [D] [thread 70182] [28.0] [cxt 0] Deparser 'deparser': start
t=0.028 sw=1 flow=0 pkt=28 | [12:13:07.336] [bmv2] [D] [thread 70182] [28.0] [cxt 0] Deparsing header 'ethernet'
t=0.028 sw=1 flow=0 pkt=28 | [12:13:07.336] [bmv2] [D] [thread 70182] [28.0] [cxt 0] Deparsing header 'ipv4'
t=0.028 sw=1 flow=0 pkt=28 | [12:13:07.336] [bmv2] [D] [thread 70182] [28.0] [cxt 0] Deparser 'deparser': end
t=0.029 sw=1 flow=1 pkt=29 | [12:13:07.336] [bmv2] [D] [thread 70182] [29.0] [cxt 0] Parser 'parser': start
t=0.029 sw=1 flow=1 pkt=29 | [12:13:07.336] [bmv2] [D] [thread 70182] [29.0] [cxt 0] Parser 'parser' entering state 'start'
t=0.029 sw=1 flow=1 pkt=29 | [12:13:07.336] [bmv2] [D] [thread 70182] [29.0] [cxt 0] Extracting header 'ethernet'
t=0.029 sw=1 flow=1 pkt=29 | [12:13:07.336] [bmv2] [D] [thread 70182] [29.0] [cxt 0] Parser state 'start': key is 0800
t=0.029 sw=1 flow=1 pkt=29 | [12:13:07.336] [bmv2] [T] [thread 70182] [29.0] [cxt 0] Bytes parsed: 14
t=0.029 sw=1 flow=1 pkt=29 | [12:13:07.336] [bmv2] [D] [thread 70182] [29.0] [cxt 0] Parser 'parser' entering state 'parse_ipv4'
t=0.029 sw=1 flow=1 pkt=29 | [12:13:07.336] [bmv2] [D] [thread 70182] [29.0] [cxt 0] Extracting header 'ipv4'
t=0.029 sw=1 flow=1 pkt=29 | [12:13:07.336] [bmv2] [D] [thread 70182] [29.0] [cxt 0] Parser state 'parse_ipv4' has no switch, going to default next state
t=0.029 sw=1 flow=1 pkt=29 | [12:13:07.336] [bmv2] [T] [thread 70182] [29.0] [cxt 0] Bytes parsed: 34
t=0.029 sw=1 flow=1 pkt=29 | [12:13:07.336] [bmv2] [D] [thread 70182] [29.0] [cxt 0] Parser 'parser': end
t=0.029 sw=1 flow=1 pkt=29 | [12:13:07.336] [bmv2] [D] [thread 70182] [29.0] [cxt 0] Pipeline 'ingress': start
t=0.029 sw=1 flow=1 pkt=29 | [12:13:07.336] [bmv2] [T] [thread 70182] [29.0] [cxt 0] log_probe.p4(87) Condition "hdr.ipv4.isValid()" (node_2) is true
t=0.029 sw=1 flow=1 pkt=29 | [12:13:07.336] [bmv2] [T] [thread 70182] [29.0] [cxt 0] Applying table 'tbl_log_probe89'
t=0.029 sw=1 flow=1 pkt=29 | [12:13:07.336] [bmv2] [D] [thread 70182] [29.0] [cxt 0] Looking up key:
t=0.029 sw=1 flow=1 pkt=29 | [12:13:07.336] [bmv2] [D] [thread 70182] [29.0] [cxt 0] Table 'tbl_log_probe89': miss
t=0.029 sw=1 flow=1 pkt=29 | [12:13:07.336] [bmv2] [D] [thread 70182] [29.0] [cxt 0] Action entry is log_probe89 - 
t=0.029 sw=1 flow=1 pkt=29 | [12:13:07.336] [bmv2] [T] [thread 70182] [29.0] [cxt 0] Action log_probe89
t=0.029 sw=1 flow=1 pkt=29 | [12:13:07.336] [bmv2] [T] [thread 70182] [29.0] [cxt 0] log_probe.p4(89) Primitive shared_counters.read(n, 32w0)
t=0.029 sw=1 flow=1 pkt=29 | [12:13:07.336] [bmv2] [T] [thread 70182] [29.0] [cxt 0] Read register 'shared_counters' at index 0 read value 58
t=0.029 sw=1 flow=1 pkt=29 | [12:13:07.336] [bmv2] [T] [thread 70182] [29.0] [cxt 0] log_probe.p4(90) Primitive n + 1
t=0.029 sw=1 flow=1 pkt=29 | [12:13:07.336] [bmv2] [T] [thread 70182] [29.0] [cxt 0] log_probe.p4(90) Primitive shared_counters.write(32w0, n + 1)
t=0.029 sw=1 flow=1 pkt=29 | [12:13:07.336] [bmv2] [T] [thread 70182] [29.0] [cxt 0] Wrote register 'shared_counters' at index 0 with value 59
t=0.029 sw=1 flow=1 pkt=29 | [12:13:07.336] [bmv2] [T] [thread 70182] [29.0] [cxt 0] log_probe.p4(93) Primitive hdr.ipv4.dstAddr
t=0.029 sw=1 flow=1 pkt=29 | [12:13:07.336] [bmv2] [T] [thread 70182] [29.0] [cxt 0] log_probe.p4(93) Primitive hdr.ipv4.ttl
t=0.029 sw=1 flow=1 pkt=29 | [12:13:07.336] [bmv2] [T] [thread 70182] [29.0] [cxt 0] log_probe.p4(93) Primitive n
t=0.029 sw=1 flow=1 pkt=29 | [12:13:07.336] [bmv2] [T] [thread 70182] [29.0] [cxt 0] log_probe.p4(92) Primitive             log_msg(\"INGRESS dst={} ttl={} counter={}\",
t=0.029 sw=1 flow=1 pkt=29 | [12:13:07.336] [bmv2] [I] [thread 70182] INGRESS dst=167837954 ttl=37 counter=58
t=0.029 sw=1 flow=1 pkt=29 | [12:13:07.336] [bmv2] [T] [thread 70182] [29.0] [cxt 0] Applying table 'MyIngress.ipv4_exact'
t=0.029 sw=1 flow=1 pkt=29 | [12:13:07.336] [bmv2] [D] [thread 70182] [29.0] [cxt 0] Looking up key:
t=0.029 sw=1 flow=1 pkt=29 | * hdr.ipv4.dstAddr    : 0a010102
t=0.029 sw=1 flow=1 pkt=29 | [12:13:07.336] [bmv2] [D] [thread 70182] [29.0] [cxt 0] Table 'MyIngress.ipv4_exact': hit with handle 1
t=0.029 sw=1 flow=1 pkt=29 | [12:13:07.336] [bmv2] [D] [thread 70182] [29.0] [cxt 0] Dumping entry 1
t=0.029 sw=1 flow=1 pkt=29 | Match key:
t=0.029 sw=1 flow=1 pkt=29 | * hdr.ipv4.dstAddr    : EXACT     0a010102
t=0.029 sw=1 flow=1 pkt=29 | Action entry: MyIngress.forward - 1,
t=0.029 sw=1 flow=1 pkt=29 | [12:13:07.336] [bmv2] [D] [thread 70182] [29.0] [cxt 0] Action entry is MyIngress.forward - 1,
t=0.029 sw=1 flow=1 pkt=29 | [12:13:07.336] [bmv2] [T] [thread 70182] [29.0] [cxt 0] Action MyIngress.forward
t=0.029 sw=1 flow=1 pkt=29 | [12:13:07.336] [bmv2] [T] [thread 70182] [29.0] [cxt 0] log_probe.p4(70) Primitive standard_metadata.egress_spec = port
t=0.029 sw=1 flow=1 pkt=29 | [12:13:07.336] [bmv2] [T] [thread 70182] [29.0] [cxt 0] log_probe.p4(71) Primitive hdr.ipv4.ttl = hdr.ipv4.ttl - 1
t=0.029 sw=1 flow=1 pkt=29 | [12:13:07.337] [bmv2] [T] [thread 70182] [29.0] [cxt 0] Applying table 'tbl_log_probe95'
t=0.029 sw=1 flow=1 pkt=29 | [12:13:07.337] [bmv2] [D] [thread 70182] [29.0] [cxt 0] Looking up key:
t=0.029 sw=1 flow=1 pkt=29 | [12:13:07.337] [bmv2] [D] [thread 70182] [29.0] [cxt 0] Table 'tbl_log_probe95': miss
t=0.029 sw=1 flow=1 pkt=29 | [12:13:07.337] [bmv2] [D] [thread 70182] [29.0] [cxt 0] Action entry is log_probe95 - 
t=0.029 sw=1 flow=1 pkt=29 | [12:13:07.337] [bmv2] [T] [thread 70182] [29.0] [cxt 0] Action log_probe95
t=0.029 sw=1 flow=1 pkt=29 | [12:13:07.337] [bmv2] [T] [thread 70182] [29.0] [cxt 0] log_probe.p4(95) Primitive             log_msg(\"INGRESS decided egress_spec={}\", {standard_metadata.egress_spec});
t=0.029 sw=1 flow=1 pkt=29 | [12:13:07.337] [bmv2] [T] [thread 70182] [29.0] [cxt 0] log_probe.p4(95) Primitive             log_msg(\"INGRESS decided egress_spec={}\", {standard_metadata.egress_spec});
t=0.029 sw=1 flow=1 pkt=29 | [12:13:07.337] [bmv2] [I] [thread 70182] INGRESS decided egress_spec=1
t=0.029 sw=1 flow=1 pkt=29 | [12:13:07.337] [bmv2] [D] [thread 70182] [29.0] [cxt 0] Pipeline 'ingress': end
t=0.029 sw=1 flow=1 pkt=29 | [12:13:07.337] [bmv2] [D] [thread 70182] [29.0] [cxt 0] Pipeline 'egress': start
t=0.029 sw=1 flow=1 pkt=29 | [12:13:07.337] [bmv2] [T] [thread 70182] [29.0] [cxt 0] log_probe.p4(103) Condition "hdr.ipv4.isValid()" (node_8) is true
t=0.029 sw=1 flow=1 pkt=29 | [12:13:07.337] [bmv2] [T] [thread 70182] [29.0] [cxt 0] Applying table 'tbl_log_probe106'
t=0.029 sw=1 flow=1 pkt=29 | [12:13:07.337] [bmv2] [D] [thread 70182] [29.0] [cxt 0] Looking up key:
t=0.029 sw=1 flow=1 pkt=29 | [12:13:07.337] [bmv2] [D] [thread 70182] [29.0] [cxt 0] Table 'tbl_log_probe106': miss
t=0.029 sw=1 flow=1 pkt=29 | [12:13:07.337] [bmv2] [D] [thread 70182] [29.0] [cxt 0] Action entry is log_probe106 - 
t=0.029 sw=1 flow=1 pkt=29 | [12:13:07.337] [bmv2] [T] [thread 70182] [29.0] [cxt 0] Action log_probe106
t=0.029 sw=1 flow=1 pkt=29 | [12:13:07.337] [bmv2] [T] [thread 70182] [29.0] [cxt 0] log_probe.p4(106) Primitive shared_counters.read(n, 32w0)
t=0.029 sw=1 flow=1 pkt=29 | [12:13:07.337] [bmv2] [T] [thread 70182] [29.0] [cxt 0] Read register 'shared_counters' at index 0 read value 59
t=0.029 sw=1 flow=1 pkt=29 | [12:13:07.337] [bmv2] [T] [thread 70182] [29.0] [cxt 0] log_probe.p4(107) Primitive n + 1
t=0.029 sw=1 flow=1 pkt=29 | [12:13:07.337] [bmv2] [T] [thread 70182] [29.0] [cxt 0] log_probe.p4(107) Primitive shared_counters.write(32w0, n + 1)
t=0.029 sw=1 flow=1 pkt=29 | [12:13:07.337] [bmv2] [T] [thread 70182] [29.0] [cxt 0] Wrote register 'shared_counters' at index 0 with value 60
t=0.029 sw=1 flow=1 pkt=29 | [12:13:07.337] [bmv2] [T] [thread 70182] [29.0] [cxt 0] log_probe.p4(111) Primitive shared_counters.read(e, 32w1)
t=0.029 sw=1 flow=1 pkt=29 | [12:13:07.337] [bmv2] [T] [thread 70182] [29.0] [cxt 0] Read register 'shared_counters' at index 1 read value 29
t=0.029 sw=1 flow=1 pkt=29 | [12:13:07.337] [bmv2] [T] [thread 70182] [29.0] [cxt 0] log_probe.p4(112) Primitive e + 1
t=0.029 sw=1 flow=1 pkt=29 | [12:13:07.337] [bmv2] [T] [thread 70182] [29.0] [cxt 0] log_probe.p4(112) Primitive shared_counters.write(32w1, e + 1)
t=0.029 sw=1 flow=1 pkt=29 | [12:13:07.337] [bmv2] [T] [thread 70182] [29.0] [cxt 0] Wrote register 'shared_counters' at index 1 with value 30
t=0.029 sw=1 flow=1 pkt=29 | [12:13:07.337] [bmv2] [D] [thread 70182] [29.0] [cxt 0] Pipeline 'egress': end
t=0.029 sw=1 flow=1 pkt=29 | [12:13:07.337] [bmv2] [D] [thread 70182] [29.0] [cxt 0] Deparser 'deparser': start
t=0.029 sw=1 flow=1 pkt=29 | [12:13:07.337] [bmv2] [D] [thread 70182] [29.0] [cxt 0] Deparsing header 'ethernet'
t=0.029 sw=1 flow=1 pkt=29 | [12:13:07.337] [bmv2] [D] [thread 70182] [29.0] [cxt 0] Deparsing header 'ipv4'
t=0.029 sw=1 flow=1 pkt=29 | [12:13:07.337] [bmv2] [D] [thread 70182] [29.0] [cxt 0] Deparser 'deparser': end
t=0.03 sw=1 flow=0 pkt=30 | [12:13:07.337] [bmv2] [D] [thread 70182] [30.0] [cxt 0] Parser 'parser': start
t=0.03 sw=1 flow=0 pkt=30 | [12:13:07.337] [bmv2] [D] [thread 70182] [30.0] [cxt 0] Parser 'parser' entering state 'start'
t=0.03 sw=1 flow=0 pkt=30 | [12:13:07.337] [bmv2] [D] [thread 70182] [30.0] [cxt 0] Extracting header 'ethernet'
t=0.03 sw=1 flow=0 pkt=30 | [12:13:07.337] [bmv2] [D] [thread 70182] [30.0] [cxt 0] Parser state 'start': key is 0800
t=0.03 sw=1 flow=0 pkt=30 | [12:13:07.337] [bmv2] [T] [thread 70182] [30.0] [cxt 0] Bytes parsed: 14
t=0.03 sw=1 flow=0 pkt=30 | [12:13:07.337] [bmv2] [D] [thread 70182] [30.0] [cxt 0] Parser 'parser' entering state 'parse_ipv4'
t=0.03 sw=1 flow=0 pkt=30 | [12:13:07.337] [bmv2] [D] [thread 70182] [30.0] [cxt 0] Extracting header 'ipv4'
t=0.03 sw=1 flow=0 pkt=30 | [12:13:07.337] [bmv2] [D] [thread 70182] [30.0] [cxt 0] Parser state 'parse_ipv4' has no switch, going to default next state
t=0.03 sw=1 flow=0 pkt=30 | [12:13:07.337] [bmv2] [T] [thread 70182] [30.0] [cxt 0] Bytes parsed: 34
t=0.03 sw=1 flow=0 pkt=30 | [12:13:07.337] [bmv2] [D] [thread 70182] [30.0] [cxt 0] Parser 'parser': end
t=0.03 sw=1 flow=0 pkt=30 | [12:13:07.337] [bmv2] [D] [thread 70182] [30.0] [cxt 0] Pipeline 'ingress': start
t=0.03 sw=1 flow=0 pkt=30 | [12:13:07.337] [bmv2] [T] [thread 70182] [30.0] [cxt 0] log_probe.p4(87) Condition "hdr.ipv4.isValid()" (node_2) is true
t=0.03 sw=1 flow=0 pkt=30 | [12:13:07.337] [bmv2] [T] [thread 70182] [30.0] [cxt 0] Applying table 'tbl_log_probe89'
t=0.03 sw=1 flow=0 pkt=30 | [12:13:07.337] [bmv2] [D] [thread 70182] [30.0] [cxt 0] Looking up key:
t=0.03 sw=1 flow=0 pkt=30 | [12:13:07.337] [bmv2] [D] [thread 70182] [30.0] [cxt 0] Table 'tbl_log_probe89': miss
t=0.03 sw=1 flow=0 pkt=30 | [12:13:07.337] [bmv2] [D] [thread 70182] [30.0] [cxt 0] Action entry is log_probe89 - 
t=0.03 sw=1 flow=0 pkt=30 | [12:13:07.337] [bmv2] [T] [thread 70182] [30.0] [cxt 0] Action log_probe89
t=0.03 sw=1 flow=0 pkt=30 | [12:13:07.337] [bmv2] [T] [thread 70182] [30.0] [cxt 0] log_probe.p4(89) Primitive shared_counters.read(n, 32w0)
t=0.03 sw=1 flow=0 pkt=30 | [12:13:07.337] [bmv2] [T] [thread 70182] [30.0] [cxt 0] Read register 'shared_counters' at index 0 read value 60
t=0.03 sw=1 flow=0 pkt=30 | [12:13:07.337] [bmv2] [T] [thread 70182] [30.0] [cxt 0] log_probe.p4(90) Primitive n + 1
t=0.03 sw=1 flow=0 pkt=30 | [12:13:07.337] [bmv2] [T] [thread 70182] [30.0] [cxt 0] log_probe.p4(90) Primitive shared_counters.write(32w0, n + 1)
t=0.03 sw=1 flow=0 pkt=30 | [12:13:07.337] [bmv2] [T] [thread 70182] [30.0] [cxt 0] Wrote register 'shared_counters' at index 0 with value 61
t=0.03 sw=1 flow=0 pkt=30 | [12:13:07.337] [bmv2] [T] [thread 70182] [30.0] [cxt 0] log_probe.p4(93) Primitive hdr.ipv4.dstAddr
t=0.03 sw=1 flow=0 pkt=30 | [12:13:07.337] [bmv2] [T] [thread 70182] [30.0] [cxt 0] log_probe.p4(93) Primitive hdr.ipv4.ttl
t=0.03 sw=1 flow=0 pkt=30 | [12:13:07.337] [bmv2] [T] [thread 70182] [30.0] [cxt 0] log_probe.p4(93) Primitive n
t=0.03 sw=1 flow=0 pkt=30 | [12:13:07.337] [bmv2] [T] [thread 70182] [30.0] [cxt 0] log_probe.p4(92) Primitive             log_msg(\"INGRESS dst={} ttl={} counter={}\",
t=0.03 sw=1 flow=0 pkt=30 | [12:13:07.337] [bmv2] [I] [thread 70182] INGRESS dst=167837953 ttl=38 counter=60
t=0.03 sw=1 flow=0 pkt=30 | [12:13:07.337] [bmv2] [T] [thread 70182] [30.0] [cxt 0] Applying table 'MyIngress.ipv4_exact'
t=0.03 sw=1 flow=0 pkt=30 | [12:13:07.337] [bmv2] [D] [thread 70182] [30.0] [cxt 0] Looking up key:
t=0.03 sw=1 flow=0 pkt=30 | * hdr.ipv4.dstAddr    : 0a010101
t=0.03 sw=1 flow=0 pkt=30 | [12:13:07.337] [bmv2] [D] [thread 70182] [30.0] [cxt 0] Table 'MyIngress.ipv4_exact': hit with handle 0
t=0.03 sw=1 flow=0 pkt=30 | [12:13:07.337] [bmv2] [D] [thread 70182] [30.0] [cxt 0] Dumping entry 0
t=0.03 sw=1 flow=0 pkt=30 | Match key:
t=0.03 sw=1 flow=0 pkt=30 | * hdr.ipv4.dstAddr    : EXACT     0a010101
t=0.03 sw=1 flow=0 pkt=30 | Action entry: MyIngress.forward - 0,
t=0.03 sw=1 flow=0 pkt=30 | [12:13:07.337] [bmv2] [D] [thread 70182] [30.0] [cxt 0] Action entry is MyIngress.forward - 0,
t=0.03 sw=1 flow=0 pkt=30 | [12:13:07.337] [bmv2] [T] [thread 70182] [30.0] [cxt 0] Action MyIngress.forward
t=0.03 sw=1 flow=0 pkt=30 | [12:13:07.337] [bmv2] [T] [thread 70182] [30.0] [cxt 0] log_probe.p4(70) Primitive standard_metadata.egress_spec = port
t=0.03 sw=1 flow=0 pkt=30 | [12:13:07.337] [bmv2] [T] [thread 70182] [30.0] [cxt 0] log_probe.p4(71) Primitive hdr.ipv4.ttl = hdr.ipv4.ttl - 1
t=0.03 sw=1 flow=0 pkt=30 | [12:13:07.337] [bmv2] [T] [thread 70182] [30.0] [cxt 0] Applying table 'tbl_log_probe95'
t=0.03 sw=1 flow=0 pkt=30 | [12:13:07.337] [bmv2] [D] [thread 70182] [30.0] [cxt 0] Looking up key:
t=0.03 sw=1 flow=0 pkt=30 | [12:13:07.337] [bmv2] [D] [thread 70182] [30.0] [cxt 0] Table 'tbl_log_probe95': miss
t=0.03 sw=1 flow=0 pkt=30 | [12:13:07.337] [bmv2] [D] [thread 70182] [30.0] [cxt 0] Action entry is log_probe95 - 
t=0.03 sw=1 flow=0 pkt=30 | [12:13:07.337] [bmv2] [T] [thread 70182] [30.0] [cxt 0] Action log_probe95
t=0.03 sw=1 flow=0 pkt=30 | [12:13:07.337] [bmv2] [T] [thread 70182] [30.0] [cxt 0] log_probe.p4(95) Primitive             log_msg(\"INGRESS decided egress_spec={}\", {standard_metadata.egress_spec});
t=0.03 sw=1 flow=0 pkt=30 | [12:13:07.337] [bmv2] [T] [thread 70182] [30.0] [cxt 0] log_probe.p4(95) Primitive             log_msg(\"INGRESS decided egress_spec={}\", {standard_metadata.egress_spec});
t=0.03 sw=1 flow=0 pkt=30 | [12:13:07.337] [bmv2] [I] [thread 70182] INGRESS decided egress_spec=0
t=0.03 sw=1 flow=0 pkt=30 | [12:13:07.337] [bmv2] [D] [thread 70182] [30.0] [cxt 0] Pipeline 'ingress': end
t=0.03 sw=1 flow=0 pkt=30 | [12:13:07.337] [bmv2] [D] [thread 70182] [30.0] [cxt 0] Pipeline 'egress': start
t=0.03 sw=1 flow=0 pkt=30 | [12:13:07.337] [bmv2] [T] [thread 70182] [30.0] [cxt 0] log_probe.p4(103) Condition "hdr.ipv4.isValid()" (node_8) is true
t=0.03 sw=1 flow=0 pkt=30 | [12:13:07.337] [bmv2] [T] [thread 70182] [30.0] [cxt 0] Applying table 'tbl_log_probe106'
t=0.03 sw=1 flow=0 pkt=30 | [12:13:07.337] [bmv2] [D] [thread 70182] [30.0] [cxt 0] Looking up key:
t=0.03 sw=1 flow=0 pkt=30 | [12:13:07.337] [bmv2] [D] [thread 70182] [30.0] [cxt 0] Table 'tbl_log_probe106': miss
t=0.03 sw=1 flow=0 pkt=30 | [12:13:07.337] [bmv2] [D] [thread 70182] [30.0] [cxt 0] Action entry is log_probe106 - 
t=0.03 sw=1 flow=0 pkt=30 | [12:13:07.337] [bmv2] [T] [thread 70182] [30.0] [cxt 0] Action log_probe106
t=0.03 sw=1 flow=0 pkt=30 | [12:13:07.337] [bmv2] [T] [thread 70182] [30.0] [cxt 0] log_probe.p4(106) Primitive shared_counters.read(n, 32w0)
t=0.03 sw=1 flow=0 pkt=30 | [12:13:07.337] [bmv2] [T] [thread 70182] [30.0] [cxt 0] Read register 'shared_counters' at index 0 read value 61
t=0.03 sw=1 flow=0 pkt=30 | [12:13:07.337] [bmv2] [T] [thread 70182] [30.0] [cxt 0] log_probe.p4(107) Primitive n + 1
t=0.03 sw=1 flow=0 pkt=30 | [12:13:07.337] [bmv2] [T] [thread 70182] [30.0] [cxt 0] log_probe.p4(107) Primitive shared_counters.write(32w0, n + 1)
t=0.03 sw=1 flow=0 pkt=30 | [12:13:07.337] [bmv2] [T] [thread 70182] [30.0] [cxt 0] Wrote register 'shared_counters' at index 0 with value 62
t=0.03 sw=1 flow=0 pkt=30 | [12:13:07.337] [bmv2] [T] [thread 70182] [30.0] [cxt 0] log_probe.p4(111) Primitive shared_counters.read(e, 32w1)
t=0.03 sw=1 flow=0 pkt=30 | [12:13:07.337] [bmv2] [T] [thread 70182] [30.0] [cxt 0] Read register 'shared_counters' at index 1 read value 30
t=0.03 sw=1 flow=0 pkt=30 | [12:13:07.337] [bmv2] [T] [thread 70182] [30.0] [cxt 0] log_probe.p4(112) Primitive e + 1
t=0.03 sw=1 flow=0 pkt=30 | [12:13:07.337] [bmv2] [T] [thread 70182] [30.0] [cxt 0] log_probe.p4(112) Primitive shared_counters.write(32w1, e + 1)
t=0.03 sw=1 flow=0 pkt=30 | [12:13:07.337] [bmv2] [T] [thread 70182] [30.0] [cxt 0] Wrote register 'shared_counters' at index 1 with value 31
t=0.03 sw=1 flow=0 pkt=30 | [12:13:07.338] [bmv2] [D] [thread 70182] [30.0] [cxt 0] Pipeline 'egress': end
t=0.03 sw=1 flow=0 pkt=30 | [12:13:07.338] [bmv2] [D] [thread 70182] [30.0] [cxt 0] Deparser 'deparser': start
t=0.03 sw=1 flow=0 pkt=30 | [12:13:07.338] [bmv2] [D] [thread 70182] [30.0] [cxt 0] Deparsing header 'ethernet'
t=0.03 sw=1 flow=0 pkt=30 | [12:13:07.338] [bmv2] [D] [thread 70182] [30.0] [cxt 0] Deparsing header 'ipv4'
t=0.03 sw=1 flow=0 pkt=30 | [12:13:07.338] [bmv2] [D] [thread 70182] [30.0] [cxt 0] Deparser 'deparser': end
t=0.031 sw=1 flow=1 pkt=31 | [12:13:07.338] [bmv2] [D] [thread 70182] [31.0] [cxt 0] Parser 'parser': start
t=0.031 sw=1 flow=1 pkt=31 | [12:13:07.338] [bmv2] [D] [thread 70182] [31.0] [cxt 0] Parser 'parser' entering state 'start'
t=0.031 sw=1 flow=1 pkt=31 | [12:13:07.338] [bmv2] [D] [thread 70182] [31.0] [cxt 0] Extracting header 'ethernet'
t=0.031 sw=1 flow=1 pkt=31 | [12:13:07.338] [bmv2] [D] [thread 70182] [31.0] [cxt 0] Parser state 'start': key is 0800
t=0.031 sw=1 flow=1 pkt=31 | [12:13:07.338] [bmv2] [T] [thread 70182] [31.0] [cxt 0] Bytes parsed: 14
t=0.031 sw=1 flow=1 pkt=31 | [12:13:07.338] [bmv2] [D] [thread 70182] [31.0] [cxt 0] Parser 'parser' entering state 'parse_ipv4'
t=0.031 sw=1 flow=1 pkt=31 | [12:13:07.338] [bmv2] [D] [thread 70182] [31.0] [cxt 0] Extracting header 'ipv4'
t=0.031 sw=1 flow=1 pkt=31 | [12:13:07.338] [bmv2] [D] [thread 70182] [31.0] [cxt 0] Parser state 'parse_ipv4' has no switch, going to default next state
t=0.031 sw=1 flow=1 pkt=31 | [12:13:07.338] [bmv2] [T] [thread 70182] [31.0] [cxt 0] Bytes parsed: 34
t=0.031 sw=1 flow=1 pkt=31 | [12:13:07.338] [bmv2] [D] [thread 70182] [31.0] [cxt 0] Parser 'parser': end
t=0.031 sw=1 flow=1 pkt=31 | [12:13:07.338] [bmv2] [D] [thread 70182] [31.0] [cxt 0] Pipeline 'ingress': start
t=0.031 sw=1 flow=1 pkt=31 | [12:13:07.338] [bmv2] [T] [thread 70182] [31.0] [cxt 0] log_probe.p4(87) Condition "hdr.ipv4.isValid()" (node_2) is true
t=0.031 sw=1 flow=1 pkt=31 | [12:13:07.338] [bmv2] [T] [thread 70182] [31.0] [cxt 0] Applying table 'tbl_log_probe89'
t=0.031 sw=1 flow=1 pkt=31 | [12:13:07.338] [bmv2] [D] [thread 70182] [31.0] [cxt 0] Looking up key:
t=0.031 sw=1 flow=1 pkt=31 | [12:13:07.338] [bmv2] [D] [thread 70182] [31.0] [cxt 0] Table 'tbl_log_probe89': miss
t=0.031 sw=1 flow=1 pkt=31 | [12:13:07.338] [bmv2] [D] [thread 70182] [31.0] [cxt 0] Action entry is log_probe89 - 
t=0.031 sw=1 flow=1 pkt=31 | [12:13:07.338] [bmv2] [T] [thread 70182] [31.0] [cxt 0] Action log_probe89
t=0.031 sw=1 flow=1 pkt=31 | [12:13:07.338] [bmv2] [T] [thread 70182] [31.0] [cxt 0] log_probe.p4(89) Primitive shared_counters.read(n, 32w0)
t=0.031 sw=1 flow=1 pkt=31 | [12:13:07.338] [bmv2] [T] [thread 70182] [31.0] [cxt 0] Read register 'shared_counters' at index 0 read value 62
t=0.031 sw=1 flow=1 pkt=31 | [12:13:07.338] [bmv2] [T] [thread 70182] [31.0] [cxt 0] log_probe.p4(90) Primitive n + 1
t=0.031 sw=1 flow=1 pkt=31 | [12:13:07.338] [bmv2] [T] [thread 70182] [31.0] [cxt 0] log_probe.p4(90) Primitive shared_counters.write(32w0, n + 1)
t=0.031 sw=1 flow=1 pkt=31 | [12:13:07.338] [bmv2] [T] [thread 70182] [31.0] [cxt 0] Wrote register 'shared_counters' at index 0 with value 63
t=0.031 sw=1 flow=1 pkt=31 | [12:13:07.338] [bmv2] [T] [thread 70182] [31.0] [cxt 0] log_probe.p4(93) Primitive hdr.ipv4.dstAddr
t=0.031 sw=1 flow=1 pkt=31 | [12:13:07.338] [bmv2] [T] [thread 70182] [31.0] [cxt 0] log_probe.p4(93) Primitive hdr.ipv4.ttl
t=0.031 sw=1 flow=1 pkt=31 | [12:13:07.338] [bmv2] [T] [thread 70182] [31.0] [cxt 0] log_probe.p4(93) Primitive n
t=0.031 sw=1 flow=1 pkt=31 | [12:13:07.338] [bmv2] [T] [thread 70182] [31.0] [cxt 0] log_probe.p4(92) Primitive             log_msg(\"INGRESS dst={} ttl={} counter={}\",
t=0.031 sw=1 flow=1 pkt=31 | [12:13:07.338] [bmv2] [I] [thread 70182] INGRESS dst=167837954 ttl=39 counter=62
t=0.031 sw=1 flow=1 pkt=31 | [12:13:07.338] [bmv2] [T] [thread 70182] [31.0] [cxt 0] Applying table 'MyIngress.ipv4_exact'
t=0.031 sw=1 flow=1 pkt=31 | [12:13:07.338] [bmv2] [D] [thread 70182] [31.0] [cxt 0] Looking up key:
t=0.031 sw=1 flow=1 pkt=31 | * hdr.ipv4.dstAddr    : 0a010102
t=0.031 sw=1 flow=1 pkt=31 | [12:13:07.338] [bmv2] [D] [thread 70182] [31.0] [cxt 0] Table 'MyIngress.ipv4_exact': hit with handle 1
t=0.031 sw=1 flow=1 pkt=31 | [12:13:07.338] [bmv2] [D] [thread 70182] [31.0] [cxt 0] Dumping entry 1
t=0.031 sw=1 flow=1 pkt=31 | Match key:
t=0.031 sw=1 flow=1 pkt=31 | * hdr.ipv4.dstAddr    : EXACT     0a010102
t=0.031 sw=1 flow=1 pkt=31 | Action entry: MyIngress.forward - 1,
t=0.031 sw=1 flow=1 pkt=31 | [12:13:07.338] [bmv2] [D] [thread 70182] [31.0] [cxt 0] Action entry is MyIngress.forward - 1,
t=0.031 sw=1 flow=1 pkt=31 | [12:13:07.338] [bmv2] [T] [thread 70182] [31.0] [cxt 0] Action MyIngress.forward
t=0.031 sw=1 flow=1 pkt=31 | [12:13:07.338] [bmv2] [T] [thread 70182] [31.0] [cxt 0] log_probe.p4(70) Primitive standard_metadata.egress_spec = port
t=0.031 sw=1 flow=1 pkt=31 | [12:13:07.338] [bmv2] [T] [thread 70182] [31.0] [cxt 0] log_probe.p4(71) Primitive hdr.ipv4.ttl = hdr.ipv4.ttl - 1
t=0.031 sw=1 flow=1 pkt=31 | [12:13:07.338] [bmv2] [T] [thread 70182] [31.0] [cxt 0] Applying table 'tbl_log_probe95'
t=0.031 sw=1 flow=1 pkt=31 | [12:13:07.338] [bmv2] [D] [thread 70182] [31.0] [cxt 0] Looking up key:
t=0.031 sw=1 flow=1 pkt=31 | [12:13:07.338] [bmv2] [D] [thread 70182] [31.0] [cxt 0] Table 'tbl_log_probe95': miss
t=0.031 sw=1 flow=1 pkt=31 | [12:13:07.338] [bmv2] [D] [thread 70182] [31.0] [cxt 0] Action entry is log_probe95 - 
t=0.031 sw=1 flow=1 pkt=31 | [12:13:07.338] [bmv2] [T] [thread 70182] [31.0] [cxt 0] Action log_probe95
t=0.031 sw=1 flow=1 pkt=31 | [12:13:07.338] [bmv2] [T] [thread 70182] [31.0] [cxt 0] log_probe.p4(95) Primitive             log_msg(\"INGRESS decided egress_spec={}\", {standard_metadata.egress_spec});
t=0.031 sw=1 flow=1 pkt=31 | [12:13:07.338] [bmv2] [T] [thread 70182] [31.0] [cxt 0] log_probe.p4(95) Primitive             log_msg(\"INGRESS decided egress_spec={}\", {standard_metadata.egress_spec});
t=0.031 sw=1 flow=1 pkt=31 | [12:13:07.338] [bmv2] [I] [thread 70182] INGRESS decided egress_spec=1
t=0.031 sw=1 flow=1 pkt=31 | [12:13:07.338] [bmv2] [D] [thread 70182] [31.0] [cxt 0] Pipeline 'ingress': end
t=0.031 sw=1 flow=1 pkt=31 | [12:13:07.338] [bmv2] [D] [thread 70182] [31.0] [cxt 0] Pipeline 'egress': start
t=0.031 sw=1 flow=1 pkt=31 | [12:13:07.338] [bmv2] [T] [thread 70182] [31.0] [cxt 0] log_probe.p4(103) Condition "hdr.ipv4.isValid()" (node_8) is true
t=0.031 sw=1 flow=1 pkt=31 | [12:13:07.338] [bmv2] [T] [thread 70182] [31.0] [cxt 0] Applying table 'tbl_log_probe106'
t=0.031 sw=1 flow=1 pkt=31 | [12:13:07.338] [bmv2] [D] [thread 70182] [31.0] [cxt 0] Looking up key:
t=0.031 sw=1 flow=1 pkt=31 | [12:13:07.338] [bmv2] [D] [thread 70182] [31.0] [cxt 0] Table 'tbl_log_probe106': miss
t=0.031 sw=1 flow=1 pkt=31 | [12:13:07.338] [bmv2] [D] [thread 70182] [31.0] [cxt 0] Action entry is log_probe106 - 
t=0.031 sw=1 flow=1 pkt=31 | [12:13:07.338] [bmv2] [T] [thread 70182] [31.0] [cxt 0] Action log_probe106
t=0.031 sw=1 flow=1 pkt=31 | [12:13:07.338] [bmv2] [T] [thread 70182] [31.0] [cxt 0] log_probe.p4(106) Primitive shared_counters.read(n, 32w0)
t=0.031 sw=1 flow=1 pkt=31 | [12:13:07.338] [bmv2] [T] [thread 70182] [31.0] [cxt 0] Read register 'shared_counters' at index 0 read value 63
t=0.031 sw=1 flow=1 pkt=31 | [12:13:07.338] [bmv2] [T] [thread 70182] [31.0] [cxt 0] log_probe.p4(107) Primitive n + 1
t=0.031 sw=1 flow=1 pkt=31 | [12:13:07.338] [bmv2] [T] [thread 70182] [31.0] [cxt 0] log_probe.p4(107) Primitive shared_counters.write(32w0, n + 1)
t=0.031 sw=1 flow=1 pkt=31 | [12:13:07.338] [bmv2] [T] [thread 70182] [31.0] [cxt 0] Wrote register 'shared_counters' at index 0 with value 64
t=0.031 sw=1 flow=1 pkt=31 | [12:13:07.338] [bmv2] [T] [thread 70182] [31.0] [cxt 0] log_probe.p4(111) Primitive shared_counters.read(e, 32w1)
t=0.031 sw=1 flow=1 pkt=31 | [12:13:07.338] [bmv2] [T] [thread 70182] [31.0] [cxt 0] Read register 'shared_counters' at index 1 read value 31
t=0.031 sw=1 flow=1 pkt=31 | [12:13:07.338] [bmv2] [T] [thread 70182] [31.0] [cxt 0] log_probe.p4(112) Primitive e + 1
t=0.031 sw=1 flow=1 pkt=31 | [12:13:07.338] [bmv2] [T] [thread 70182] [31.0] [cxt 0] log_probe.p4(112) Primitive shared_counters.write(32w1, e + 1)
t=0.031 sw=1 flow=1 pkt=31 | [12:13:07.338] [bmv2] [T] [thread 70182] [31.0] [cxt 0] Wrote register 'shared_counters' at index 1 with value 32
t=0.031 sw=1 flow=1 pkt=31 | [12:13:07.338] [bmv2] [D] [thread 70182] [31.0] [cxt 0] Pipeline 'egress': end
t=0.031 sw=1 flow=1 pkt=31 | [12:13:07.338] [bmv2] [D] [thread 70182] [31.0] [cxt 0] Deparser 'deparser': start
t=0.031 sw=1 flow=1 pkt=31 | [12:13:07.338] [bmv2] [D] [thread 70182] [31.0] [cxt 0] Deparsing header 'ethernet'
t=0.031 sw=1 flow=1 pkt=31 | [12:13:07.338] [bmv2] [D] [thread 70182] [31.0] [cxt 0] Deparsing header 'ipv4'
t=0.031 sw=1 flow=1 pkt=31 | [12:13:07.338] [bmv2] [D] [thread 70182] [31.0] [cxt 0] Deparser 'deparser': end
t=0.032 sw=1 flow=0 pkt=32 | [12:13:07.338] [bmv2] [D] [thread 70182] [32.0] [cxt 0] Parser 'parser': start
t=0.032 sw=1 flow=0 pkt=32 | [12:13:07.338] [bmv2] [D] [thread 70182] [32.0] [cxt 0] Parser 'parser' entering state 'start'
t=0.032 sw=1 flow=0 pkt=32 | [12:13:07.338] [bmv2] [D] [thread 70182] [32.0] [cxt 0] Extracting header 'ethernet'
t=0.032 sw=1 flow=0 pkt=32 | [12:13:07.338] [bmv2] [D] [thread 70182] [32.0] [cxt 0] Parser state 'start': key is 0800
t=0.032 sw=1 flow=0 pkt=32 | [12:13:07.338] [bmv2] [T] [thread 70182] [32.0] [cxt 0] Bytes parsed: 14
t=0.032 sw=1 flow=0 pkt=32 | [12:13:07.338] [bmv2] [D] [thread 70182] [32.0] [cxt 0] Parser 'parser' entering state 'parse_ipv4'
t=0.032 sw=1 flow=0 pkt=32 | [12:13:07.338] [bmv2] [D] [thread 70182] [32.0] [cxt 0] Extracting header 'ipv4'
t=0.032 sw=1 flow=0 pkt=32 | [12:13:07.338] [bmv2] [D] [thread 70182] [32.0] [cxt 0] Parser state 'parse_ipv4' has no switch, going to default next state
t=0.032 sw=1 flow=0 pkt=32 | [12:13:07.338] [bmv2] [T] [thread 70182] [32.0] [cxt 0] Bytes parsed: 34
t=0.032 sw=1 flow=0 pkt=32 | [12:13:07.338] [bmv2] [D] [thread 70182] [32.0] [cxt 0] Parser 'parser': end
t=0.032 sw=1 flow=0 pkt=32 | [12:13:07.338] [bmv2] [D] [thread 70182] [32.0] [cxt 0] Pipeline 'ingress': start
t=0.032 sw=1 flow=0 pkt=32 | [12:13:07.338] [bmv2] [T] [thread 70182] [32.0] [cxt 0] log_probe.p4(87) Condition "hdr.ipv4.isValid()" (node_2) is true
t=0.032 sw=1 flow=0 pkt=32 | [12:13:07.338] [bmv2] [T] [thread 70182] [32.0] [cxt 0] Applying table 'tbl_log_probe89'
t=0.032 sw=1 flow=0 pkt=32 | [12:13:07.338] [bmv2] [D] [thread 70182] [32.0] [cxt 0] Looking up key:
t=0.032 sw=1 flow=0 pkt=32 | [12:13:07.338] [bmv2] [D] [thread 70182] [32.0] [cxt 0] Table 'tbl_log_probe89': miss
t=0.032 sw=1 flow=0 pkt=32 | [12:13:07.338] [bmv2] [D] [thread 70182] [32.0] [cxt 0] Action entry is log_probe89 - 
t=0.032 sw=1 flow=0 pkt=32 | [12:13:07.338] [bmv2] [T] [thread 70182] [32.0] [cxt 0] Action log_probe89
t=0.032 sw=1 flow=0 pkt=32 | [12:13:07.338] [bmv2] [T] [thread 70182] [32.0] [cxt 0] log_probe.p4(89) Primitive shared_counters.read(n, 32w0)
t=0.032 sw=1 flow=0 pkt=32 | [12:13:07.338] [bmv2] [T] [thread 70182] [32.0] [cxt 0] Read register 'shared_counters' at index 0 read value 64
t=0.032 sw=1 flow=0 pkt=32 | [12:13:07.338] [bmv2] [T] [thread 70182] [32.0] [cxt 0] log_probe.p4(90) Primitive n + 1
t=0.032 sw=1 flow=0 pkt=32 | [12:13:07.338] [bmv2] [T] [thread 70182] [32.0] [cxt 0] log_probe.p4(90) Primitive shared_counters.write(32w0, n + 1)
t=0.032 sw=1 flow=0 pkt=32 | [12:13:07.338] [bmv2] [T] [thread 70182] [32.0] [cxt 0] Wrote register 'shared_counters' at index 0 with value 65
t=0.032 sw=1 flow=0 pkt=32 | [12:13:07.338] [bmv2] [T] [thread 70182] [32.0] [cxt 0] log_probe.p4(93) Primitive hdr.ipv4.dstAddr
t=0.032 sw=1 flow=0 pkt=32 | [12:13:07.338] [bmv2] [T] [thread 70182] [32.0] [cxt 0] log_probe.p4(93) Primitive hdr.ipv4.ttl
t=0.032 sw=1 flow=0 pkt=32 | [12:13:07.338] [bmv2] [T] [thread 70182] [32.0] [cxt 0] log_probe.p4(93) Primitive n
t=0.032 sw=1 flow=0 pkt=32 | [12:13:07.338] [bmv2] [T] [thread 70182] [32.0] [cxt 0] log_probe.p4(92) Primitive             log_msg(\"INGRESS dst={} ttl={} counter={}\",
t=0.032 sw=1 flow=0 pkt=32 | [12:13:07.338] [bmv2] [I] [thread 70182] INGRESS dst=167837953 ttl=32 counter=64
t=0.032 sw=1 flow=0 pkt=32 | [12:13:07.338] [bmv2] [T] [thread 70182] [32.0] [cxt 0] Applying table 'MyIngress.ipv4_exact'
t=0.032 sw=1 flow=0 pkt=32 | [12:13:07.339] [bmv2] [D] [thread 70182] [32.0] [cxt 0] Looking up key:
t=0.032 sw=1 flow=0 pkt=32 | * hdr.ipv4.dstAddr    : 0a010101
t=0.032 sw=1 flow=0 pkt=32 | [12:13:07.339] [bmv2] [D] [thread 70182] [32.0] [cxt 0] Table 'MyIngress.ipv4_exact': hit with handle 0
t=0.032 sw=1 flow=0 pkt=32 | [12:13:07.339] [bmv2] [D] [thread 70182] [32.0] [cxt 0] Dumping entry 0
t=0.032 sw=1 flow=0 pkt=32 | Match key:
t=0.032 sw=1 flow=0 pkt=32 | * hdr.ipv4.dstAddr    : EXACT     0a010101
t=0.032 sw=1 flow=0 pkt=32 | Action entry: MyIngress.forward - 0,
t=0.032 sw=1 flow=0 pkt=32 | [12:13:07.339] [bmv2] [D] [thread 70182] [32.0] [cxt 0] Action entry is MyIngress.forward - 0,
t=0.032 sw=1 flow=0 pkt=32 | [12:13:07.339] [bmv2] [T] [thread 70182] [32.0] [cxt 0] Action MyIngress.forward
t=0.032 sw=1 flow=0 pkt=32 | [12:13:07.339] [bmv2] [T] [thread 70182] [32.0] [cxt 0] log_probe.p4(70) Primitive standard_metadata.egress_spec = port
t=0.032 sw=1 flow=0 pkt=32 | [12:13:07.339] [bmv2] [T] [thread 70182] [32.0] [cxt 0] log_probe.p4(71) Primitive hdr.ipv4.ttl = hdr.ipv4.ttl - 1
t=0.032 sw=1 flow=0 pkt=32 | [12:13:07.339] [bmv2] [T] [thread 70182] [32.0] [cxt 0] Applying table 'tbl_log_probe95'
t=0.032 sw=1 flow=0 pkt=32 | [12:13:07.339] [bmv2] [D] [thread 70182] [32.0] [cxt 0] Looking up key:
t=0.032 sw=1 flow=0 pkt=32 | [12:13:07.339] [bmv2] [D] [thread 70182] [32.0] [cxt 0] Table 'tbl_log_probe95': miss
t=0.032 sw=1 flow=0 pkt=32 | [12:13:07.339] [bmv2] [D] [thread 70182] [32.0] [cxt 0] Action entry is log_probe95 - 
t=0.032 sw=1 flow=0 pkt=32 | [12:13:07.339] [bmv2] [T] [thread 70182] [32.0] [cxt 0] Action log_probe95
t=0.032 sw=1 flow=0 pkt=32 | [12:13:07.339] [bmv2] [T] [thread 70182] [32.0] [cxt 0] log_probe.p4(95) Primitive             log_msg(\"INGRESS decided egress_spec={}\", {standard_metadata.egress_spec});
t=0.032 sw=1 flow=0 pkt=32 | [12:13:07.339] [bmv2] [T] [thread 70182] [32.0] [cxt 0] log_probe.p4(95) Primitive             log_msg(\"INGRESS decided egress_spec={}\", {standard_metadata.egress_spec});
t=0.032 sw=1 flow=0 pkt=32 | [12:13:07.339] [bmv2] [I] [thread 70182] INGRESS decided egress_spec=0
t=0.032 sw=1 flow=0 pkt=32 | [12:13:07.339] [bmv2] [D] [thread 70182] [32.0] [cxt 0] Pipeline 'ingress': end
t=0.032 sw=1 flow=0 pkt=32 | [12:13:07.339] [bmv2] [D] [thread 70182] [32.0] [cxt 0] Pipeline 'egress': start
t=0.032 sw=1 flow=0 pkt=32 | [12:13:07.339] [bmv2] [T] [thread 70182] [32.0] [cxt 0] log_probe.p4(103) Condition "hdr.ipv4.isValid()" (node_8) is true
t=0.032 sw=1 flow=0 pkt=32 | [12:13:07.339] [bmv2] [T] [thread 70182] [32.0] [cxt 0] Applying table 'tbl_log_probe106'
t=0.032 sw=1 flow=0 pkt=32 | [12:13:07.339] [bmv2] [D] [thread 70182] [32.0] [cxt 0] Looking up key:
t=0.032 sw=1 flow=0 pkt=32 | [12:13:07.339] [bmv2] [D] [thread 70182] [32.0] [cxt 0] Table 'tbl_log_probe106': miss
t=0.032 sw=1 flow=0 pkt=32 | [12:13:07.339] [bmv2] [D] [thread 70182] [32.0] [cxt 0] Action entry is log_probe106 - 
t=0.032 sw=1 flow=0 pkt=32 | [12:13:07.339] [bmv2] [T] [thread 70182] [32.0] [cxt 0] Action log_probe106
t=0.032 sw=1 flow=0 pkt=32 | [12:13:07.339] [bmv2] [T] [thread 70182] [32.0] [cxt 0] log_probe.p4(106) Primitive shared_counters.read(n, 32w0)
t=0.032 sw=1 flow=0 pkt=32 | [12:13:07.339] [bmv2] [T] [thread 70182] [32.0] [cxt 0] Read register 'shared_counters' at index 0 read value 65
t=0.032 sw=1 flow=0 pkt=32 | [12:13:07.339] [bmv2] [T] [thread 70182] [32.0] [cxt 0] log_probe.p4(107) Primitive n + 1
t=0.032 sw=1 flow=0 pkt=32 | [12:13:07.339] [bmv2] [T] [thread 70182] [32.0] [cxt 0] log_probe.p4(107) Primitive shared_counters.write(32w0, n + 1)
t=0.032 sw=1 flow=0 pkt=32 | [12:13:07.339] [bmv2] [T] [thread 70182] [32.0] [cxt 0] Wrote register 'shared_counters' at index 0 with value 66
t=0.032 sw=1 flow=0 pkt=32 | [12:13:07.339] [bmv2] [T] [thread 70182] [32.0] [cxt 0] log_probe.p4(111) Primitive shared_counters.read(e, 32w1)
t=0.032 sw=1 flow=0 pkt=32 | [12:13:07.339] [bmv2] [T] [thread 70182] [32.0] [cxt 0] Read register 'shared_counters' at index 1 read value 32
t=0.032 sw=1 flow=0 pkt=32 | [12:13:07.339] [bmv2] [T] [thread 70182] [32.0] [cxt 0] log_probe.p4(112) Primitive e + 1
t=0.032 sw=1 flow=0 pkt=32 | [12:13:07.339] [bmv2] [T] [thread 70182] [32.0] [cxt 0] log_probe.p4(112) Primitive shared_counters.write(32w1, e + 1)
t=0.032 sw=1 flow=0 pkt=32 | [12:13:07.339] [bmv2] [T] [thread 70182] [32.0] [cxt 0] Wrote register 'shared_counters' at index 1 with value 33
t=0.032 sw=1 flow=0 pkt=32 | [12:13:07.339] [bmv2] [D] [thread 70182] [32.0] [cxt 0] Pipeline 'egress': end
t=0.032 sw=1 flow=0 pkt=32 | [12:13:07.339] [bmv2] [D] [thread 70182] [32.0] [cxt 0] Deparser 'deparser': start
t=0.032 sw=1 flow=0 pkt=32 | [12:13:07.339] [bmv2] [D] [thread 70182] [32.0] [cxt 0] Deparsing header 'ethernet'
t=0.032 sw=1 flow=0 pkt=32 | [12:13:07.339] [bmv2] [D] [thread 70182] [32.0] [cxt 0] Deparsing header 'ipv4'
t=0.032 sw=1 flow=0 pkt=32 | [12:13:07.339] [bmv2] [D] [thread 70182] [32.0] [cxt 0] Deparser 'deparser': end
t=0.033 sw=1 flow=1 pkt=33 | [12:13:07.339] [bmv2] [D] [thread 70182] [33.0] [cxt 0] Parser 'parser': start
t=0.033 sw=1 flow=1 pkt=33 | [12:13:07.339] [bmv2] [D] [thread 70182] [33.0] [cxt 0] Parser 'parser' entering state 'start'
t=0.033 sw=1 flow=1 pkt=33 | [12:13:07.339] [bmv2] [D] [thread 70182] [33.0] [cxt 0] Extracting header 'ethernet'
t=0.033 sw=1 flow=1 pkt=33 | [12:13:07.339] [bmv2] [D] [thread 70182] [33.0] [cxt 0] Parser state 'start': key is 0800
t=0.033 sw=1 flow=1 pkt=33 | [12:13:07.339] [bmv2] [T] [thread 70182] [33.0] [cxt 0] Bytes parsed: 14
t=0.033 sw=1 flow=1 pkt=33 | [12:13:07.339] [bmv2] [D] [thread 70182] [33.0] [cxt 0] Parser 'parser' entering state 'parse_ipv4'
t=0.033 sw=1 flow=1 pkt=33 | [12:13:07.339] [bmv2] [D] [thread 70182] [33.0] [cxt 0] Extracting header 'ipv4'
t=0.033 sw=1 flow=1 pkt=33 | [12:13:07.339] [bmv2] [D] [thread 70182] [33.0] [cxt 0] Parser state 'parse_ipv4' has no switch, going to default next state
t=0.033 sw=1 flow=1 pkt=33 | [12:13:07.339] [bmv2] [T] [thread 70182] [33.0] [cxt 0] Bytes parsed: 34
t=0.033 sw=1 flow=1 pkt=33 | [12:13:07.339] [bmv2] [D] [thread 70182] [33.0] [cxt 0] Parser 'parser': end
t=0.033 sw=1 flow=1 pkt=33 | [12:13:07.339] [bmv2] [D] [thread 70182] [33.0] [cxt 0] Pipeline 'ingress': start
t=0.033 sw=1 flow=1 pkt=33 | [12:13:07.339] [bmv2] [T] [thread 70182] [33.0] [cxt 0] log_probe.p4(87) Condition "hdr.ipv4.isValid()" (node_2) is true
t=0.033 sw=1 flow=1 pkt=33 | [12:13:07.339] [bmv2] [T] [thread 70182] [33.0] [cxt 0] Applying table 'tbl_log_probe89'
t=0.033 sw=1 flow=1 pkt=33 | [12:13:07.339] [bmv2] [D] [thread 70182] [33.0] [cxt 0] Looking up key:
t=0.033 sw=1 flow=1 pkt=33 | [12:13:07.339] [bmv2] [D] [thread 70182] [33.0] [cxt 0] Table 'tbl_log_probe89': miss
t=0.033 sw=1 flow=1 pkt=33 | [12:13:07.339] [bmv2] [D] [thread 70182] [33.0] [cxt 0] Action entry is log_probe89 - 
t=0.033 sw=1 flow=1 pkt=33 | [12:13:07.339] [bmv2] [T] [thread 70182] [33.0] [cxt 0] Action log_probe89
t=0.033 sw=1 flow=1 pkt=33 | [12:13:07.339] [bmv2] [T] [thread 70182] [33.0] [cxt 0] log_probe.p4(89) Primitive shared_counters.read(n, 32w0)
t=0.033 sw=1 flow=1 pkt=33 | [12:13:07.339] [bmv2] [T] [thread 70182] [33.0] [cxt 0] Read register 'shared_counters' at index 0 read value 66
t=0.033 sw=1 flow=1 pkt=33 | [12:13:07.339] [bmv2] [T] [thread 70182] [33.0] [cxt 0] log_probe.p4(90) Primitive n + 1
t=0.033 sw=1 flow=1 pkt=33 | [12:13:07.339] [bmv2] [T] [thread 70182] [33.0] [cxt 0] log_probe.p4(90) Primitive shared_counters.write(32w0, n + 1)
t=0.033 sw=1 flow=1 pkt=33 | [12:13:07.339] [bmv2] [T] [thread 70182] [33.0] [cxt 0] Wrote register 'shared_counters' at index 0 with value 67
t=0.033 sw=1 flow=1 pkt=33 | [12:13:07.339] [bmv2] [T] [thread 70182] [33.0] [cxt 0] log_probe.p4(93) Primitive hdr.ipv4.dstAddr
t=0.033 sw=1 flow=1 pkt=33 | [12:13:07.339] [bmv2] [T] [thread 70182] [33.0] [cxt 0] log_probe.p4(93) Primitive hdr.ipv4.ttl
t=0.033 sw=1 flow=1 pkt=33 | [12:13:07.339] [bmv2] [T] [thread 70182] [33.0] [cxt 0] log_probe.p4(93) Primitive n
t=0.033 sw=1 flow=1 pkt=33 | [12:13:07.339] [bmv2] [T] [thread 70182] [33.0] [cxt 0] log_probe.p4(92) Primitive             log_msg(\"INGRESS dst={} ttl={} counter={}\",
t=0.033 sw=1 flow=1 pkt=33 | [12:13:07.339] [bmv2] [I] [thread 70182] INGRESS dst=167837954 ttl=33 counter=66
t=0.033 sw=1 flow=1 pkt=33 | [12:13:07.339] [bmv2] [T] [thread 70182] [33.0] [cxt 0] Applying table 'MyIngress.ipv4_exact'
t=0.033 sw=1 flow=1 pkt=33 | [12:13:07.339] [bmv2] [D] [thread 70182] [33.0] [cxt 0] Looking up key:
t=0.033 sw=1 flow=1 pkt=33 | * hdr.ipv4.dstAddr    : 0a010102
t=0.033 sw=1 flow=1 pkt=33 | [12:13:07.339] [bmv2] [D] [thread 70182] [33.0] [cxt 0] Table 'MyIngress.ipv4_exact': hit with handle 1
t=0.033 sw=1 flow=1 pkt=33 | [12:13:07.339] [bmv2] [D] [thread 70182] [33.0] [cxt 0] Dumping entry 1
t=0.033 sw=1 flow=1 pkt=33 | Match key:
t=0.033 sw=1 flow=1 pkt=33 | * hdr.ipv4.dstAddr    : EXACT     0a010102
t=0.033 sw=1 flow=1 pkt=33 | Action entry: MyIngress.forward - 1,
t=0.033 sw=1 flow=1 pkt=33 | [12:13:07.339] [bmv2] [D] [thread 70182] [33.0] [cxt 0] Action entry is MyIngress.forward - 1,
t=0.033 sw=1 flow=1 pkt=33 | [12:13:07.339] [bmv2] [T] [thread 70182] [33.0] [cxt 0] Action MyIngress.forward
t=0.033 sw=1 flow=1 pkt=33 | [12:13:07.339] [bmv2] [T] [thread 70182] [33.0] [cxt 0] log_probe.p4(70) Primitive standard_metadata.egress_spec = port
t=0.033 sw=1 flow=1 pkt=33 | [12:13:07.339] [bmv2] [T] [thread 70182] [33.0] [cxt 0] log_probe.p4(71) Primitive hdr.ipv4.ttl = hdr.ipv4.ttl - 1
t=0.033 sw=1 flow=1 pkt=33 | [12:13:07.339] [bmv2] [T] [thread 70182] [33.0] [cxt 0] Applying table 'tbl_log_probe95'
t=0.033 sw=1 flow=1 pkt=33 | [12:13:07.339] [bmv2] [D] [thread 70182] [33.0] [cxt 0] Looking up key:
t=0.033 sw=1 flow=1 pkt=33 | [12:13:07.340] [bmv2] [D] [thread 70182] [33.0] [cxt 0] Table 'tbl_log_probe95': miss
t=0.033 sw=1 flow=1 pkt=33 | [12:13:07.340] [bmv2] [D] [thread 70182] [33.0] [cxt 0] Action entry is log_probe95 - 
t=0.033 sw=1 flow=1 pkt=33 | [12:13:07.340] [bmv2] [T] [thread 70182] [33.0] [cxt 0] Action log_probe95
t=0.033 sw=1 flow=1 pkt=33 | [12:13:07.340] [bmv2] [T] [thread 70182] [33.0] [cxt 0] log_probe.p4(95) Primitive             log_msg(\"INGRESS decided egress_spec={}\", {standard_metadata.egress_spec});
t=0.033 sw=1 flow=1 pkt=33 | [12:13:07.340] [bmv2] [T] [thread 70182] [33.0] [cxt 0] log_probe.p4(95) Primitive             log_msg(\"INGRESS decided egress_spec={}\", {standard_metadata.egress_spec});
t=0.033 sw=1 flow=1 pkt=33 | [12:13:07.340] [bmv2] [I] [thread 70182] INGRESS decided egress_spec=1
t=0.033 sw=1 flow=1 pkt=33 | [12:13:07.340] [bmv2] [D] [thread 70182] [33.0] [cxt 0] Pipeline 'ingress': end
t=0.033 sw=1 flow=1 pkt=33 | [12:13:07.340] [bmv2] [D] [thread 70182] [33.0] [cxt 0] Pipeline 'egress': start
t=0.033 sw=1 flow=1 pkt=33 | [12:13:07.340] [bmv2] [T] [thread 70182] [33.0] [cxt 0] log_probe.p4(103) Condition "hdr.ipv4.isValid()" (node_8) is true
t=0.033 sw=1 flow=1 pkt=33 | [12:13:07.340] [bmv2] [T] [thread 70182] [33.0] [cxt 0] Applying table 'tbl_log_probe106'
t=0.033 sw=1 flow=1 pkt=33 | [12:13:07.340] [bmv2] [D] [thread 70182] [33.0] [cxt 0] Looking up key:
t=0.033 sw=1 flow=1 pkt=33 | [12:13:07.340] [bmv2] [D] [thread 70182] [33.0] [cxt 0] Table 'tbl_log_probe106': miss
t=0.033 sw=1 flow=1 pkt=33 | [12:13:07.340] [bmv2] [D] [thread 70182] [33.0] [cxt 0] Action entry is log_probe106 - 
t=0.033 sw=1 flow=1 pkt=33 | [12:13:07.340] [bmv2] [T] [thread 70182] [33.0] [cxt 0] Action log_probe106
t=0.033 sw=1 flow=1 pkt=33 | [12:13:07.340] [bmv2] [T] [thread 70182] [33.0] [cxt 0] log_probe.p4(106) Primitive shared_counters.read(n, 32w0)
t=0.033 sw=1 flow=1 pkt=33 | [12:13:07.340] [bmv2] [T] [thread 70182] [33.0] [cxt 0] Read register 'shared_counters' at index 0 read value 67
t=0.033 sw=1 flow=1 pkt=33 | [12:13:07.340] [bmv2] [T] [thread 70182] [33.0] [cxt 0] log_probe.p4(107) Primitive n + 1
t=0.033 sw=1 flow=1 pkt=33 | [12:13:07.340] [bmv2] [T] [thread 70182] [33.0] [cxt 0] log_probe.p4(107) Primitive shared_counters.write(32w0, n + 1)
t=0.033 sw=1 flow=1 pkt=33 | [12:13:07.340] [bmv2] [T] [thread 70182] [33.0] [cxt 0] Wrote register 'shared_counters' at index 0 with value 68
t=0.033 sw=1 flow=1 pkt=33 | [12:13:07.340] [bmv2] [T] [thread 70182] [33.0] [cxt 0] log_probe.p4(111) Primitive shared_counters.read(e, 32w1)
t=0.033 sw=1 flow=1 pkt=33 | [12:13:07.340] [bmv2] [T] [thread 70182] [33.0] [cxt 0] Read register 'shared_counters' at index 1 read value 33
t=0.033 sw=1 flow=1 pkt=33 | [12:13:07.340] [bmv2] [T] [thread 70182] [33.0] [cxt 0] log_probe.p4(112) Primitive e + 1
t=0.033 sw=1 flow=1 pkt=33 | [12:13:07.340] [bmv2] [T] [thread 70182] [33.0] [cxt 0] log_probe.p4(112) Primitive shared_counters.write(32w1, e + 1)
t=0.033 sw=1 flow=1 pkt=33 | [12:13:07.340] [bmv2] [T] [thread 70182] [33.0] [cxt 0] Wrote register 'shared_counters' at index 1 with value 34
t=0.033 sw=1 flow=1 pkt=33 | [12:13:07.340] [bmv2] [D] [thread 70182] [33.0] [cxt 0] Pipeline 'egress': end
t=0.033 sw=1 flow=1 pkt=33 | [12:13:07.340] [bmv2] [D] [thread 70182] [33.0] [cxt 0] Deparser 'deparser': start
t=0.033 sw=1 flow=1 pkt=33 | [12:13:07.340] [bmv2] [D] [thread 70182] [33.0] [cxt 0] Deparsing header 'ethernet'
t=0.033 sw=1 flow=1 pkt=33 | [12:13:07.340] [bmv2] [D] [thread 70182] [33.0] [cxt 0] Deparsing header 'ipv4'
t=0.033 sw=1 flow=1 pkt=33 | [12:13:07.340] [bmv2] [D] [thread 70182] [33.0] [cxt 0] Deparser 'deparser': end
t=0.034 sw=1 flow=0 pkt=34 | [12:13:07.340] [bmv2] [D] [thread 70182] [34.0] [cxt 0] Parser 'parser': start
t=0.034 sw=1 flow=0 pkt=34 | [12:13:07.340] [bmv2] [D] [thread 70182] [34.0] [cxt 0] Parser 'parser' entering state 'start'
t=0.034 sw=1 flow=0 pkt=34 | [12:13:07.340] [bmv2] [D] [thread 70182] [34.0] [cxt 0] Extracting header 'ethernet'
t=0.034 sw=1 flow=0 pkt=34 | [12:13:07.340] [bmv2] [D] [thread 70182] [34.0] [cxt 0] Parser state 'start': key is 0800
t=0.034 sw=1 flow=0 pkt=34 | [12:13:07.340] [bmv2] [T] [thread 70182] [34.0] [cxt 0] Bytes parsed: 14
t=0.034 sw=1 flow=0 pkt=34 | [12:13:07.340] [bmv2] [D] [thread 70182] [34.0] [cxt 0] Parser 'parser' entering state 'parse_ipv4'
t=0.034 sw=1 flow=0 pkt=34 | [12:13:07.340] [bmv2] [D] [thread 70182] [34.0] [cxt 0] Extracting header 'ipv4'
t=0.034 sw=1 flow=0 pkt=34 | [12:13:07.340] [bmv2] [D] [thread 70182] [34.0] [cxt 0] Parser state 'parse_ipv4' has no switch, going to default next state
t=0.034 sw=1 flow=0 pkt=34 | [12:13:07.340] [bmv2] [T] [thread 70182] [34.0] [cxt 0] Bytes parsed: 34
t=0.034 sw=1 flow=0 pkt=34 | [12:13:07.340] [bmv2] [D] [thread 70182] [34.0] [cxt 0] Parser 'parser': end
t=0.034 sw=1 flow=0 pkt=34 | [12:13:07.340] [bmv2] [D] [thread 70182] [34.0] [cxt 0] Pipeline 'ingress': start
t=0.034 sw=1 flow=0 pkt=34 | [12:13:07.340] [bmv2] [T] [thread 70182] [34.0] [cxt 0] log_probe.p4(87) Condition "hdr.ipv4.isValid()" (node_2) is true
t=0.034 sw=1 flow=0 pkt=34 | [12:13:07.340] [bmv2] [T] [thread 70182] [34.0] [cxt 0] Applying table 'tbl_log_probe89'
t=0.034 sw=1 flow=0 pkt=34 | [12:13:07.340] [bmv2] [D] [thread 70182] [34.0] [cxt 0] Looking up key:
t=0.034 sw=1 flow=0 pkt=34 | [12:13:07.340] [bmv2] [D] [thread 70182] [34.0] [cxt 0] Table 'tbl_log_probe89': miss
t=0.034 sw=1 flow=0 pkt=34 | [12:13:07.340] [bmv2] [D] [thread 70182] [34.0] [cxt 0] Action entry is log_probe89 - 
t=0.034 sw=1 flow=0 pkt=34 | [12:13:07.340] [bmv2] [T] [thread 70182] [34.0] [cxt 0] Action log_probe89
t=0.034 sw=1 flow=0 pkt=34 | [12:13:07.340] [bmv2] [T] [thread 70182] [34.0] [cxt 0] log_probe.p4(89) Primitive shared_counters.read(n, 32w0)
t=0.034 sw=1 flow=0 pkt=34 | [12:13:07.340] [bmv2] [T] [thread 70182] [34.0] [cxt 0] Read register 'shared_counters' at index 0 read value 68
t=0.034 sw=1 flow=0 pkt=34 | [12:13:07.340] [bmv2] [T] [thread 70182] [34.0] [cxt 0] log_probe.p4(90) Primitive n + 1
t=0.034 sw=1 flow=0 pkt=34 | [12:13:07.340] [bmv2] [T] [thread 70182] [34.0] [cxt 0] log_probe.p4(90) Primitive shared_counters.write(32w0, n + 1)
t=0.034 sw=1 flow=0 pkt=34 | [12:13:07.340] [bmv2] [T] [thread 70182] [34.0] [cxt 0] Wrote register 'shared_counters' at index 0 with value 69
t=0.034 sw=1 flow=0 pkt=34 | [12:13:07.340] [bmv2] [T] [thread 70182] [34.0] [cxt 0] log_probe.p4(93) Primitive hdr.ipv4.dstAddr
t=0.034 sw=1 flow=0 pkt=34 | [12:13:07.340] [bmv2] [T] [thread 70182] [34.0] [cxt 0] log_probe.p4(93) Primitive hdr.ipv4.ttl
t=0.034 sw=1 flow=0 pkt=34 | [12:13:07.340] [bmv2] [T] [thread 70182] [34.0] [cxt 0] log_probe.p4(93) Primitive n
t=0.034 sw=1 flow=0 pkt=34 | [12:13:07.340] [bmv2] [T] [thread 70182] [34.0] [cxt 0] log_probe.p4(92) Primitive             log_msg(\"INGRESS dst={} ttl={} counter={}\",
t=0.034 sw=1 flow=0 pkt=34 | [12:13:07.340] [bmv2] [I] [thread 70182] INGRESS dst=167837953 ttl=34 counter=68
t=0.034 sw=1 flow=0 pkt=34 | [12:13:07.340] [bmv2] [T] [thread 70182] [34.0] [cxt 0] Applying table 'MyIngress.ipv4_exact'
t=0.034 sw=1 flow=0 pkt=34 | [12:13:07.340] [bmv2] [D] [thread 70182] [34.0] [cxt 0] Looking up key:
t=0.034 sw=1 flow=0 pkt=34 | * hdr.ipv4.dstAddr    : 0a010101
t=0.034 sw=1 flow=0 pkt=34 | [12:13:07.340] [bmv2] [D] [thread 70182] [34.0] [cxt 0] Table 'MyIngress.ipv4_exact': hit with handle 0
t=0.034 sw=1 flow=0 pkt=34 | [12:13:07.340] [bmv2] [D] [thread 70182] [34.0] [cxt 0] Dumping entry 0
t=0.034 sw=1 flow=0 pkt=34 | Match key:
t=0.034 sw=1 flow=0 pkt=34 | * hdr.ipv4.dstAddr    : EXACT     0a010101
t=0.034 sw=1 flow=0 pkt=34 | Action entry: MyIngress.forward - 0,
t=0.034 sw=1 flow=0 pkt=34 | [12:13:07.340] [bmv2] [D] [thread 70182] [34.0] [cxt 0] Action entry is MyIngress.forward - 0,
t=0.034 sw=1 flow=0 pkt=34 | [12:13:07.340] [bmv2] [T] [thread 70182] [34.0] [cxt 0] Action MyIngress.forward
t=0.034 sw=1 flow=0 pkt=34 | [12:13:07.340] [bmv2] [T] [thread 70182] [34.0] [cxt 0] log_probe.p4(70) Primitive standard_metadata.egress_spec = port
t=0.034 sw=1 flow=0 pkt=34 | [12:13:07.340] [bmv2] [T] [thread 70182] [34.0] [cxt 0] log_probe.p4(71) Primitive hdr.ipv4.ttl = hdr.ipv4.ttl - 1
t=0.034 sw=1 flow=0 pkt=34 | [12:13:07.340] [bmv2] [T] [thread 70182] [34.0] [cxt 0] Applying table 'tbl_log_probe95'
t=0.034 sw=1 flow=0 pkt=34 | [12:13:07.340] [bmv2] [D] [thread 70182] [34.0] [cxt 0] Looking up key:
t=0.034 sw=1 flow=0 pkt=34 | [12:13:07.340] [bmv2] [D] [thread 70182] [34.0] [cxt 0] Table 'tbl_log_probe95': miss
t=0.034 sw=1 flow=0 pkt=34 | [12:13:07.340] [bmv2] [D] [thread 70182] [34.0] [cxt 0] Action entry is log_probe95 - 
t=0.034 sw=1 flow=0 pkt=34 | [12:13:07.340] [bmv2] [T] [thread 70182] [34.0] [cxt 0] Action log_probe95
t=0.034 sw=1 flow=0 pkt=34 | [12:13:07.340] [bmv2] [T] [thread 70182] [34.0] [cxt 0] log_probe.p4(95) Primitive             log_msg(\"INGRESS decided egress_spec={}\", {standard_metadata.egress_spec});
t=0.034 sw=1 flow=0 pkt=34 | [12:13:07.340] [bmv2] [T] [thread 70182] [34.0] [cxt 0] log_probe.p4(95) Primitive             log_msg(\"INGRESS decided egress_spec={}\", {standard_metadata.egress_spec});
t=0.034 sw=1 flow=0 pkt=34 | [12:13:07.340] [bmv2] [I] [thread 70182] INGRESS decided egress_spec=0
t=0.034 sw=1 flow=0 pkt=34 | [12:13:07.340] [bmv2] [D] [thread 70182] [34.0] [cxt 0] Pipeline 'ingress': end
t=0.034 sw=1 flow=0 pkt=34 | [12:13:07.340] [bmv2] [D] [thread 70182] [34.0] [cxt 0] Pipeline 'egress': start
t=0.034 sw=1 flow=0 pkt=34 | [12:13:07.340] [bmv2] [T] [thread 70182] [34.0] [cxt 0] log_probe.p4(103) Condition "hdr.ipv4.isValid()" (node_8) is true
t=0.034 sw=1 flow=0 pkt=34 | [12:13:07.340] [bmv2] [T] [thread 70182] [34.0] [cxt 0] Applying table 'tbl_log_probe106'
t=0.034 sw=1 flow=0 pkt=34 | [12:13:07.340] [bmv2] [D] [thread 70182] [34.0] [cxt 0] Looking up key:
t=0.034 sw=1 flow=0 pkt=34 | [12:13:07.340] [bmv2] [D] [thread 70182] [34.0] [cxt 0] Table 'tbl_log_probe106': miss
t=0.034 sw=1 flow=0 pkt=34 | [12:13:07.340] [bmv2] [D] [thread 70182] [34.0] [cxt 0] Action entry is log_probe106 - 
t=0.034 sw=1 flow=0 pkt=34 | [12:13:07.340] [bmv2] [T] [thread 70182] [34.0] [cxt 0] Action log_probe106
t=0.034 sw=1 flow=0 pkt=34 | [12:13:07.340] [bmv2] [T] [thread 70182] [34.0] [cxt 0] log_probe.p4(106) Primitive shared_counters.read(n, 32w0)
t=0.034 sw=1 flow=0 pkt=34 | [12:13:07.340] [bmv2] [T] [thread 70182] [34.0] [cxt 0] Read register 'shared_counters' at index 0 read value 69
t=0.034 sw=1 flow=0 pkt=34 | [12:13:07.341] [bmv2] [T] [thread 70182] [34.0] [cxt 0] log_probe.p4(107) Primitive n + 1
t=0.034 sw=1 flow=0 pkt=34 | [12:13:07.341] [bmv2] [T] [thread 70182] [34.0] [cxt 0] log_probe.p4(107) Primitive shared_counters.write(32w0, n + 1)
t=0.034 sw=1 flow=0 pkt=34 | [12:13:07.341] [bmv2] [T] [thread 70182] [34.0] [cxt 0] Wrote register 'shared_counters' at index 0 with value 70
t=0.034 sw=1 flow=0 pkt=34 | [12:13:07.341] [bmv2] [T] [thread 70182] [34.0] [cxt 0] log_probe.p4(111) Primitive shared_counters.read(e, 32w1)
t=0.034 sw=1 flow=0 pkt=34 | [12:13:07.341] [bmv2] [T] [thread 70182] [34.0] [cxt 0] Read register 'shared_counters' at index 1 read value 34
t=0.034 sw=1 flow=0 pkt=34 | [12:13:07.341] [bmv2] [T] [thread 70182] [34.0] [cxt 0] log_probe.p4(112) Primitive e + 1
t=0.034 sw=1 flow=0 pkt=34 | [12:13:07.341] [bmv2] [T] [thread 70182] [34.0] [cxt 0] log_probe.p4(112) Primitive shared_counters.write(32w1, e + 1)
t=0.034 sw=1 flow=0 pkt=34 | [12:13:07.341] [bmv2] [T] [thread 70182] [34.0] [cxt 0] Wrote register 'shared_counters' at index 1 with value 35
t=0.034 sw=1 flow=0 pkt=34 | [12:13:07.341] [bmv2] [D] [thread 70182] [34.0] [cxt 0] Pipeline 'egress': end
t=0.034 sw=1 flow=0 pkt=34 | [12:13:07.341] [bmv2] [D] [thread 70182] [34.0] [cxt 0] Deparser 'deparser': start
t=0.034 sw=1 flow=0 pkt=34 | [12:13:07.341] [bmv2] [D] [thread 70182] [34.0] [cxt 0] Deparsing header 'ethernet'
t=0.034 sw=1 flow=0 pkt=34 | [12:13:07.341] [bmv2] [D] [thread 70182] [34.0] [cxt 0] Deparsing header 'ipv4'
t=0.034 sw=1 flow=0 pkt=34 | [12:13:07.341] [bmv2] [D] [thread 70182] [34.0] [cxt 0] Deparser 'deparser': end
t=0.035 sw=1 flow=1 pkt=35 | [12:13:07.341] [bmv2] [D] [thread 70182] [35.0] [cxt 0] Parser 'parser': start
t=0.035 sw=1 flow=1 pkt=35 | [12:13:07.341] [bmv2] [D] [thread 70182] [35.0] [cxt 0] Parser 'parser' entering state 'start'
t=0.035 sw=1 flow=1 pkt=35 | [12:13:07.341] [bmv2] [D] [thread 70182] [35.0] [cxt 0] Extracting header 'ethernet'
t=0.035 sw=1 flow=1 pkt=35 | [12:13:07.341] [bmv2] [D] [thread 70182] [35.0] [cxt 0] Parser state 'start': key is 0800
t=0.035 sw=1 flow=1 pkt=35 | [12:13:07.341] [bmv2] [T] [thread 70182] [35.0] [cxt 0] Bytes parsed: 14
t=0.035 sw=1 flow=1 pkt=35 | [12:13:07.341] [bmv2] [D] [thread 70182] [35.0] [cxt 0] Parser 'parser' entering state 'parse_ipv4'
t=0.035 sw=1 flow=1 pkt=35 | [12:13:07.341] [bmv2] [D] [thread 70182] [35.0] [cxt 0] Extracting header 'ipv4'
t=0.035 sw=1 flow=1 pkt=35 | [12:13:07.341] [bmv2] [D] [thread 70182] [35.0] [cxt 0] Parser state 'parse_ipv4' has no switch, going to default next state
t=0.035 sw=1 flow=1 pkt=35 | [12:13:07.341] [bmv2] [T] [thread 70182] [35.0] [cxt 0] Bytes parsed: 34
t=0.035 sw=1 flow=1 pkt=35 | [12:13:07.341] [bmv2] [D] [thread 70182] [35.0] [cxt 0] Parser 'parser': end
t=0.035 sw=1 flow=1 pkt=35 | [12:13:07.341] [bmv2] [D] [thread 70182] [35.0] [cxt 0] Pipeline 'ingress': start
t=0.035 sw=1 flow=1 pkt=35 | [12:13:07.341] [bmv2] [T] [thread 70182] [35.0] [cxt 0] log_probe.p4(87) Condition "hdr.ipv4.isValid()" (node_2) is true
t=0.035 sw=1 flow=1 pkt=35 | [12:13:07.341] [bmv2] [T] [thread 70182] [35.0] [cxt 0] Applying table 'tbl_log_probe89'
t=0.035 sw=1 flow=1 pkt=35 | [12:13:07.341] [bmv2] [D] [thread 70182] [35.0] [cxt 0] Looking up key:
t=0.035 sw=1 flow=1 pkt=35 | [12:13:07.341] [bmv2] [D] [thread 70182] [35.0] [cxt 0] Table 'tbl_log_probe89': miss
t=0.035 sw=1 flow=1 pkt=35 | [12:13:07.341] [bmv2] [D] [thread 70182] [35.0] [cxt 0] Action entry is log_probe89 - 
t=0.035 sw=1 flow=1 pkt=35 | [12:13:07.341] [bmv2] [T] [thread 70182] [35.0] [cxt 0] Action log_probe89
t=0.035 sw=1 flow=1 pkt=35 | [12:13:07.341] [bmv2] [T] [thread 70182] [35.0] [cxt 0] log_probe.p4(89) Primitive shared_counters.read(n, 32w0)
t=0.035 sw=1 flow=1 pkt=35 | [12:13:07.341] [bmv2] [T] [thread 70182] [35.0] [cxt 0] Read register 'shared_counters' at index 0 read value 70
t=0.035 sw=1 flow=1 pkt=35 | [12:13:07.341] [bmv2] [T] [thread 70182] [35.0] [cxt 0] log_probe.p4(90) Primitive n + 1
t=0.035 sw=1 flow=1 pkt=35 | [12:13:07.341] [bmv2] [T] [thread 70182] [35.0] [cxt 0] log_probe.p4(90) Primitive shared_counters.write(32w0, n + 1)
t=0.035 sw=1 flow=1 pkt=35 | [12:13:07.341] [bmv2] [T] [thread 70182] [35.0] [cxt 0] Wrote register 'shared_counters' at index 0 with value 71
t=0.035 sw=1 flow=1 pkt=35 | [12:13:07.341] [bmv2] [T] [thread 70182] [35.0] [cxt 0] log_probe.p4(93) Primitive hdr.ipv4.dstAddr
t=0.035 sw=1 flow=1 pkt=35 | [12:13:07.341] [bmv2] [T] [thread 70182] [35.0] [cxt 0] log_probe.p4(93) Primitive hdr.ipv4.ttl
t=0.035 sw=1 flow=1 pkt=35 | [12:13:07.341] [bmv2] [T] [thread 70182] [35.0] [cxt 0] log_probe.p4(93) Primitive n
t=0.035 sw=1 flow=1 pkt=35 | [12:13:07.341] [bmv2] [T] [thread 70182] [35.0] [cxt 0] log_probe.p4(92) Primitive             log_msg(\"INGRESS dst={} ttl={} counter={}\",
t=0.035 sw=1 flow=1 pkt=35 | [12:13:07.341] [bmv2] [I] [thread 70182] INGRESS dst=167837954 ttl=35 counter=70
t=0.035 sw=1 flow=1 pkt=35 | [12:13:07.341] [bmv2] [T] [thread 70182] [35.0] [cxt 0] Applying table 'MyIngress.ipv4_exact'
t=0.035 sw=1 flow=1 pkt=35 | [12:13:07.341] [bmv2] [D] [thread 70182] [35.0] [cxt 0] Looking up key:
t=0.035 sw=1 flow=1 pkt=35 | * hdr.ipv4.dstAddr    : 0a010102
t=0.035 sw=1 flow=1 pkt=35 | [12:13:07.341] [bmv2] [D] [thread 70182] [35.0] [cxt 0] Table 'MyIngress.ipv4_exact': hit with handle 1
t=0.035 sw=1 flow=1 pkt=35 | [12:13:07.341] [bmv2] [D] [thread 70182] [35.0] [cxt 0] Dumping entry 1
t=0.035 sw=1 flow=1 pkt=35 | Match key:
t=0.035 sw=1 flow=1 pkt=35 | * hdr.ipv4.dstAddr    : EXACT     0a010102
t=0.035 sw=1 flow=1 pkt=35 | Action entry: MyIngress.forward - 1,
t=0.035 sw=1 flow=1 pkt=35 | [12:13:07.341] [bmv2] [D] [thread 70182] [35.0] [cxt 0] Action entry is MyIngress.forward - 1,
t=0.035 sw=1 flow=1 pkt=35 | [12:13:07.341] [bmv2] [T] [thread 70182] [35.0] [cxt 0] Action MyIngress.forward
t=0.035 sw=1 flow=1 pkt=35 | [12:13:07.341] [bmv2] [T] [thread 70182] [35.0] [cxt 0] log_probe.p4(70) Primitive standard_metadata.egress_spec = port
t=0.035 sw=1 flow=1 pkt=35 | [12:13:07.341] [bmv2] [T] [thread 70182] [35.0] [cxt 0] log_probe.p4(71) Primitive hdr.ipv4.ttl = hdr.ipv4.ttl - 1
t=0.035 sw=1 flow=1 pkt=35 | [12:13:07.341] [bmv2] [T] [thread 70182] [35.0] [cxt 0] Applying table 'tbl_log_probe95'
t=0.035 sw=1 flow=1 pkt=35 | [12:13:07.341] [bmv2] [D] [thread 70182] [35.0] [cxt 0] Looking up key:
t=0.035 sw=1 flow=1 pkt=35 | [12:13:07.341] [bmv2] [D] [thread 70182] [35.0] [cxt 0] Table 'tbl_log_probe95': miss
t=0.035 sw=1 flow=1 pkt=35 | [12:13:07.341] [bmv2] [D] [thread 70182] [35.0] [cxt 0] Action entry is log_probe95 - 
t=0.035 sw=1 flow=1 pkt=35 | [12:13:07.341] [bmv2] [T] [thread 70182] [35.0] [cxt 0] Action log_probe95
t=0.035 sw=1 flow=1 pkt=35 | [12:13:07.341] [bmv2] [T] [thread 70182] [35.0] [cxt 0] log_probe.p4(95) Primitive             log_msg(\"INGRESS decided egress_spec={}\", {standard_metadata.egress_spec});
t=0.035 sw=1 flow=1 pkt=35 | [12:13:07.341] [bmv2] [T] [thread 70182] [35.0] [cxt 0] log_probe.p4(95) Primitive             log_msg(\"INGRESS decided egress_spec={}\", {standard_metadata.egress_spec});
t=0.035 sw=1 flow=1 pkt=35 | [12:13:07.341] [bmv2] [I] [thread 70182] INGRESS decided egress_spec=1
t=0.035 sw=1 flow=1 pkt=35 | [12:13:07.341] [bmv2] [D] [thread 70182] [35.0] [cxt 0] Pipeline 'ingress': end
t=0.035 sw=1 flow=1 pkt=35 | [12:13:07.341] [bmv2] [D] [thread 70182] [35.0] [cxt 0] Pipeline 'egress': start
t=0.035 sw=1 flow=1 pkt=35 | [12:13:07.341] [bmv2] [T] [thread 70182] [35.0] [cxt 0] log_probe.p4(103) Condition "hdr.ipv4.isValid()" (node_8) is true
t=0.035 sw=1 flow=1 pkt=35 | [12:13:07.341] [bmv2] [T] [thread 70182] [35.0] [cxt 0] Applying table 'tbl_log_probe106'
t=0.035 sw=1 flow=1 pkt=35 | [12:13:07.341] [bmv2] [D] [thread 70182] [35.0] [cxt 0] Looking up key:
t=0.035 sw=1 flow=1 pkt=35 | [12:13:07.341] [bmv2] [D] [thread 70182] [35.0] [cxt 0] Table 'tbl_log_probe106': miss
t=0.035 sw=1 flow=1 pkt=35 | [12:13:07.341] [bmv2] [D] [thread 70182] [35.0] [cxt 0] Action entry is log_probe106 - 
t=0.035 sw=1 flow=1 pkt=35 | [12:13:07.341] [bmv2] [T] [thread 70182] [35.0] [cxt 0] Action log_probe106
t=0.035 sw=1 flow=1 pkt=35 | [12:13:07.341] [bmv2] [T] [thread 70182] [35.0] [cxt 0] log_probe.p4(106) Primitive shared_counters.read(n, 32w0)
t=0.035 sw=1 flow=1 pkt=35 | [12:13:07.341] [bmv2] [T] [thread 70182] [35.0] [cxt 0] Read register 'shared_counters' at index 0 read value 71
t=0.035 sw=1 flow=1 pkt=35 | [12:13:07.341] [bmv2] [T] [thread 70182] [35.0] [cxt 0] log_probe.p4(107) Primitive n + 1
t=0.035 sw=1 flow=1 pkt=35 | [12:13:07.342] [bmv2] [T] [thread 70182] [35.0] [cxt 0] log_probe.p4(107) Primitive shared_counters.write(32w0, n + 1)
t=0.035 sw=1 flow=1 pkt=35 | [12:13:07.342] [bmv2] [T] [thread 70182] [35.0] [cxt 0] Wrote register 'shared_counters' at index 0 with value 72
t=0.035 sw=1 flow=1 pkt=35 | [12:13:07.342] [bmv2] [T] [thread 70182] [35.0] [cxt 0] log_probe.p4(111) Primitive shared_counters.read(e, 32w1)
t=0.035 sw=1 flow=1 pkt=35 | [12:13:07.342] [bmv2] [T] [thread 70182] [35.0] [cxt 0] Read register 'shared_counters' at index 1 read value 35
t=0.035 sw=1 flow=1 pkt=35 | [12:13:07.342] [bmv2] [T] [thread 70182] [35.0] [cxt 0] log_probe.p4(112) Primitive e + 1
t=0.035 sw=1 flow=1 pkt=35 | [12:13:07.342] [bmv2] [T] [thread 70182] [35.0] [cxt 0] log_probe.p4(112) Primitive shared_counters.write(32w1, e + 1)
t=0.035 sw=1 flow=1 pkt=35 | [12:13:07.342] [bmv2] [T] [thread 70182] [35.0] [cxt 0] Wrote register 'shared_counters' at index 1 with value 36
t=0.035 sw=1 flow=1 pkt=35 | [12:13:07.342] [bmv2] [D] [thread 70182] [35.0] [cxt 0] Pipeline 'egress': end
t=0.035 sw=1 flow=1 pkt=35 | [12:13:07.342] [bmv2] [D] [thread 70182] [35.0] [cxt 0] Deparser 'deparser': start
t=0.035 sw=1 flow=1 pkt=35 | [12:13:07.342] [bmv2] [D] [thread 70182] [35.0] [cxt 0] Deparsing header 'ethernet'
t=0.035 sw=1 flow=1 pkt=35 | [12:13:07.342] [bmv2] [D] [thread 70182] [35.0] [cxt 0] Deparsing header 'ipv4'
t=0.035 sw=1 flow=1 pkt=35 | [12:13:07.342] [bmv2] [D] [thread 70182] [35.0] [cxt 0] Deparser 'deparser': end
t=0.036 sw=1 flow=0 pkt=36 | [12:13:07.342] [bmv2] [D] [thread 70182] [36.0] [cxt 0] Parser 'parser': start
t=0.036 sw=1 flow=0 pkt=36 | [12:13:07.342] [bmv2] [D] [thread 70182] [36.0] [cxt 0] Parser 'parser' entering state 'start'
t=0.036 sw=1 flow=0 pkt=36 | [12:13:07.342] [bmv2] [D] [thread 70182] [36.0] [cxt 0] Extracting header 'ethernet'
t=0.036 sw=1 flow=0 pkt=36 | [12:13:07.342] [bmv2] [D] [thread 70182] [36.0] [cxt 0] Parser state 'start': key is 0800
t=0.036 sw=1 flow=0 pkt=36 | [12:13:07.342] [bmv2] [T] [thread 70182] [36.0] [cxt 0] Bytes parsed: 14
t=0.036 sw=1 flow=0 pkt=36 | [12:13:07.342] [bmv2] [D] [thread 70182] [36.0] [cxt 0] Parser 'parser' entering state 'parse_ipv4'
t=0.036 sw=1 flow=0 pkt=36 | [12:13:07.342] [bmv2] [D] [thread 70182] [36.0] [cxt 0] Extracting header 'ipv4'
t=0.036 sw=1 flow=0 pkt=36 | [12:13:07.342] [bmv2] [D] [thread 70182] [36.0] [cxt 0] Parser state 'parse_ipv4' has no switch, going to default next state
t=0.036 sw=1 flow=0 pkt=36 | [12:13:07.342] [bmv2] [T] [thread 70182] [36.0] [cxt 0] Bytes parsed: 34
t=0.036 sw=1 flow=0 pkt=36 | [12:13:07.342] [bmv2] [D] [thread 70182] [36.0] [cxt 0] Parser 'parser': end
t=0.036 sw=1 flow=0 pkt=36 | [12:13:07.342] [bmv2] [D] [thread 70182] [36.0] [cxt 0] Pipeline 'ingress': start
t=0.036 sw=1 flow=0 pkt=36 | [12:13:07.342] [bmv2] [T] [thread 70182] [36.0] [cxt 0] log_probe.p4(87) Condition "hdr.ipv4.isValid()" (node_2) is true
t=0.036 sw=1 flow=0 pkt=36 | [12:13:07.342] [bmv2] [T] [thread 70182] [36.0] [cxt 0] Applying table 'tbl_log_probe89'
t=0.036 sw=1 flow=0 pkt=36 | [12:13:07.342] [bmv2] [D] [thread 70182] [36.0] [cxt 0] Looking up key:
t=0.036 sw=1 flow=0 pkt=36 | [12:13:07.342] [bmv2] [D] [thread 70182] [36.0] [cxt 0] Table 'tbl_log_probe89': miss
t=0.036 sw=1 flow=0 pkt=36 | [12:13:07.342] [bmv2] [D] [thread 70182] [36.0] [cxt 0] Action entry is log_probe89 - 
t=0.036 sw=1 flow=0 pkt=36 | [12:13:07.342] [bmv2] [T] [thread 70182] [36.0] [cxt 0] Action log_probe89
t=0.036 sw=1 flow=0 pkt=36 | [12:13:07.342] [bmv2] [T] [thread 70182] [36.0] [cxt 0] log_probe.p4(89) Primitive shared_counters.read(n, 32w0)
t=0.036 sw=1 flow=0 pkt=36 | [12:13:07.342] [bmv2] [T] [thread 70182] [36.0] [cxt 0] Read register 'shared_counters' at index 0 read value 72
t=0.036 sw=1 flow=0 pkt=36 | [12:13:07.342] [bmv2] [T] [thread 70182] [36.0] [cxt 0] log_probe.p4(90) Primitive n + 1
t=0.036 sw=1 flow=0 pkt=36 | [12:13:07.342] [bmv2] [T] [thread 70182] [36.0] [cxt 0] log_probe.p4(90) Primitive shared_counters.write(32w0, n + 1)
t=0.036 sw=1 flow=0 pkt=36 | [12:13:07.342] [bmv2] [T] [thread 70182] [36.0] [cxt 0] Wrote register 'shared_counters' at index 0 with value 73
t=0.036 sw=1 flow=0 pkt=36 | [12:13:07.342] [bmv2] [T] [thread 70182] [36.0] [cxt 0] log_probe.p4(93) Primitive hdr.ipv4.dstAddr
t=0.036 sw=1 flow=0 pkt=36 | [12:13:07.342] [bmv2] [T] [thread 70182] [36.0] [cxt 0] log_probe.p4(93) Primitive hdr.ipv4.ttl
t=0.036 sw=1 flow=0 pkt=36 | [12:13:07.342] [bmv2] [T] [thread 70182] [36.0] [cxt 0] log_probe.p4(93) Primitive n
t=0.036 sw=1 flow=0 pkt=36 | [12:13:07.342] [bmv2] [T] [thread 70182] [36.0] [cxt 0] log_probe.p4(92) Primitive             log_msg(\"INGRESS dst={} ttl={} counter={}\",
t=0.036 sw=1 flow=0 pkt=36 | [12:13:07.342] [bmv2] [I] [thread 70182] INGRESS dst=167837953 ttl=36 counter=72
t=0.036 sw=1 flow=0 pkt=36 | [12:13:07.342] [bmv2] [T] [thread 70182] [36.0] [cxt 0] Applying table 'MyIngress.ipv4_exact'
t=0.036 sw=1 flow=0 pkt=36 | [12:13:07.342] [bmv2] [D] [thread 70182] [36.0] [cxt 0] Looking up key:
t=0.036 sw=1 flow=0 pkt=36 | * hdr.ipv4.dstAddr    : 0a010101
t=0.036 sw=1 flow=0 pkt=36 | [12:13:07.342] [bmv2] [D] [thread 70182] [36.0] [cxt 0] Table 'MyIngress.ipv4_exact': hit with handle 0
t=0.036 sw=1 flow=0 pkt=36 | [12:13:07.342] [bmv2] [D] [thread 70182] [36.0] [cxt 0] Dumping entry 0
t=0.036 sw=1 flow=0 pkt=36 | Match key:
t=0.036 sw=1 flow=0 pkt=36 | * hdr.ipv4.dstAddr    : EXACT     0a010101
t=0.036 sw=1 flow=0 pkt=36 | Action entry: MyIngress.forward - 0,
t=0.036 sw=1 flow=0 pkt=36 | [12:13:07.342] [bmv2] [D] [thread 70182] [36.0] [cxt 0] Action entry is MyIngress.forward - 0,
t=0.036 sw=1 flow=0 pkt=36 | [12:13:07.342] [bmv2] [T] [thread 70182] [36.0] [cxt 0] Action MyIngress.forward
t=0.036 sw=1 flow=0 pkt=36 | [12:13:07.342] [bmv2] [T] [thread 70182] [36.0] [cxt 0] log_probe.p4(70) Primitive standard_metadata.egress_spec = port
t=0.036 sw=1 flow=0 pkt=36 | [12:13:07.342] [bmv2] [T] [thread 70182] [36.0] [cxt 0] log_probe.p4(71) Primitive hdr.ipv4.ttl = hdr.ipv4.ttl - 1
t=0.036 sw=1 flow=0 pkt=36 | [12:13:07.342] [bmv2] [T] [thread 70182] [36.0] [cxt 0] Applying table 'tbl_log_probe95'
t=0.036 sw=1 flow=0 pkt=36 | [12:13:07.342] [bmv2] [D] [thread 70182] [36.0] [cxt 0] Looking up key:
t=0.036 sw=1 flow=0 pkt=36 | [12:13:07.342] [bmv2] [D] [thread 70182] [36.0] [cxt 0] Table 'tbl_log_probe95': miss
t=0.036 sw=1 flow=0 pkt=36 | [12:13:07.342] [bmv2] [D] [thread 70182] [36.0] [cxt 0] Action entry is log_probe95 - 
t=0.036 sw=1 flow=0 pkt=36 | [12:13:07.342] [bmv2] [T] [thread 70182] [36.0] [cxt 0] Action log_probe95
t=0.036 sw=1 flow=0 pkt=36 | [12:13:07.342] [bmv2] [T] [thread 70182] [36.0] [cxt 0] log_probe.p4(95) Primitive             log_msg(\"INGRESS decided egress_spec={}\", {standard_metadata.egress_spec});
t=0.036 sw=1 flow=0 pkt=36 | [12:13:07.342] [bmv2] [T] [thread 70182] [36.0] [cxt 0] log_probe.p4(95) Primitive             log_msg(\"INGRESS decided egress_spec={}\", {standard_metadata.egress_spec});
t=0.036 sw=1 flow=0 pkt=36 | [12:13:07.342] [bmv2] [I] [thread 70182] INGRESS decided egress_spec=0
t=0.036 sw=1 flow=0 pkt=36 | [12:13:07.342] [bmv2] [D] [thread 70182] [36.0] [cxt 0] Pipeline 'ingress': end
t=0.036 sw=1 flow=0 pkt=36 | [12:13:07.342] [bmv2] [D] [thread 70182] [36.0] [cxt 0] Pipeline 'egress': start
t=0.036 sw=1 flow=0 pkt=36 | [12:13:07.342] [bmv2] [T] [thread 70182] [36.0] [cxt 0] log_probe.p4(103) Condition "hdr.ipv4.isValid()" (node_8) is true
t=0.036 sw=1 flow=0 pkt=36 | [12:13:07.342] [bmv2] [T] [thread 70182] [36.0] [cxt 0] Applying table 'tbl_log_probe106'
t=0.036 sw=1 flow=0 pkt=36 | [12:13:07.342] [bmv2] [D] [thread 70182] [36.0] [cxt 0] Looking up key:
t=0.036 sw=1 flow=0 pkt=36 | [12:13:07.342] [bmv2] [D] [thread 70182] [36.0] [cxt 0] Table 'tbl_log_probe106': miss
t=0.036 sw=1 flow=0 pkt=36 | [12:13:07.342] [bmv2] [D] [thread 70182] [36.0] [cxt 0] Action entry is log_probe106 - 
t=0.036 sw=1 flow=0 pkt=36 | [12:13:07.342] [bmv2] [T] [thread 70182] [36.0] [cxt 0] Action log_probe106
t=0.036 sw=1 flow=0 pkt=36 | [12:13:07.342] [bmv2] [T] [thread 70182] [36.0] [cxt 0] log_probe.p4(106) Primitive shared_counters.read(n, 32w0)
t=0.036 sw=1 flow=0 pkt=36 | [12:13:07.342] [bmv2] [T] [thread 70182] [36.0] [cxt 0] Read register 'shared_counters' at index 0 read value 73
t=0.036 sw=1 flow=0 pkt=36 | [12:13:07.342] [bmv2] [T] [thread 70182] [36.0] [cxt 0] log_probe.p4(107) Primitive n + 1
t=0.036 sw=1 flow=0 pkt=36 | [12:13:07.342] [bmv2] [T] [thread 70182] [36.0] [cxt 0] log_probe.p4(107) Primitive shared_counters.write(32w0, n + 1)
t=0.036 sw=1 flow=0 pkt=36 | [12:13:07.342] [bmv2] [T] [thread 70182] [36.0] [cxt 0] Wrote register 'shared_counters' at index 0 with value 74
t=0.036 sw=1 flow=0 pkt=36 | [12:13:07.342] [bmv2] [T] [thread 70182] [36.0] [cxt 0] log_probe.p4(111) Primitive shared_counters.read(e, 32w1)
t=0.036 sw=1 flow=0 pkt=36 | [12:13:07.342] [bmv2] [T] [thread 70182] [36.0] [cxt 0] Read register 'shared_counters' at index 1 read value 36
t=0.036 sw=1 flow=0 pkt=36 | [12:13:07.342] [bmv2] [T] [thread 70182] [36.0] [cxt 0] log_probe.p4(112) Primitive e + 1
t=0.036 sw=1 flow=0 pkt=36 | [12:13:07.342] [bmv2] [T] [thread 70182] [36.0] [cxt 0] log_probe.p4(112) Primitive shared_counters.write(32w1, e + 1)
t=0.036 sw=1 flow=0 pkt=36 | [12:13:07.342] [bmv2] [T] [thread 70182] [36.0] [cxt 0] Wrote register 'shared_counters' at index 1 with value 37
t=0.036 sw=1 flow=0 pkt=36 | [12:13:07.342] [bmv2] [D] [thread 70182] [36.0] [cxt 0] Pipeline 'egress': end
t=0.036 sw=1 flow=0 pkt=36 | [12:13:07.342] [bmv2] [D] [thread 70182] [36.0] [cxt 0] Deparser 'deparser': start
t=0.036 sw=1 flow=0 pkt=36 | [12:13:07.342] [bmv2] [D] [thread 70182] [36.0] [cxt 0] Deparsing header 'ethernet'
t=0.036 sw=1 flow=0 pkt=36 | [12:13:07.342] [bmv2] [D] [thread 70182] [36.0] [cxt 0] Deparsing header 'ipv4'
t=0.036 sw=1 flow=0 pkt=36 | [12:13:07.342] [bmv2] [D] [thread 70182] [36.0] [cxt 0] Deparser 'deparser': end
t=0.037 sw=1 flow=1 pkt=37 | [12:13:07.342] [bmv2] [D] [thread 70182] [37.0] [cxt 0] Parser 'parser': start
t=0.037 sw=1 flow=1 pkt=37 | [12:13:07.342] [bmv2] [D] [thread 70182] [37.0] [cxt 0] Parser 'parser' entering state 'start'
t=0.037 sw=1 flow=1 pkt=37 | [12:13:07.342] [bmv2] [D] [thread 70182] [37.0] [cxt 0] Extracting header 'ethernet'
t=0.037 sw=1 flow=1 pkt=37 | [12:13:07.342] [bmv2] [D] [thread 70182] [37.0] [cxt 0] Parser state 'start': key is 0800
t=0.037 sw=1 flow=1 pkt=37 | [12:13:07.342] [bmv2] [T] [thread 70182] [37.0] [cxt 0] Bytes parsed: 14
t=0.037 sw=1 flow=1 pkt=37 | [12:13:07.342] [bmv2] [D] [thread 70182] [37.0] [cxt 0] Parser 'parser' entering state 'parse_ipv4'
t=0.037 sw=1 flow=1 pkt=37 | [12:13:07.342] [bmv2] [D] [thread 70182] [37.0] [cxt 0] Extracting header 'ipv4'
t=0.037 sw=1 flow=1 pkt=37 | [12:13:07.342] [bmv2] [D] [thread 70182] [37.0] [cxt 0] Parser state 'parse_ipv4' has no switch, going to default next state
t=0.037 sw=1 flow=1 pkt=37 | [12:13:07.342] [bmv2] [T] [thread 70182] [37.0] [cxt 0] Bytes parsed: 34
t=0.037 sw=1 flow=1 pkt=37 | [12:13:07.343] [bmv2] [D] [thread 70182] [37.0] [cxt 0] Parser 'parser': end
t=0.037 sw=1 flow=1 pkt=37 | [12:13:07.343] [bmv2] [D] [thread 70182] [37.0] [cxt 0] Pipeline 'ingress': start
t=0.037 sw=1 flow=1 pkt=37 | [12:13:07.343] [bmv2] [T] [thread 70182] [37.0] [cxt 0] log_probe.p4(87) Condition "hdr.ipv4.isValid()" (node_2) is true
t=0.037 sw=1 flow=1 pkt=37 | [12:13:07.343] [bmv2] [T] [thread 70182] [37.0] [cxt 0] Applying table 'tbl_log_probe89'
t=0.037 sw=1 flow=1 pkt=37 | [12:13:07.343] [bmv2] [D] [thread 70182] [37.0] [cxt 0] Looking up key:
t=0.037 sw=1 flow=1 pkt=37 | [12:13:07.343] [bmv2] [D] [thread 70182] [37.0] [cxt 0] Table 'tbl_log_probe89': miss
t=0.037 sw=1 flow=1 pkt=37 | [12:13:07.343] [bmv2] [D] [thread 70182] [37.0] [cxt 0] Action entry is log_probe89 - 
t=0.037 sw=1 flow=1 pkt=37 | [12:13:07.343] [bmv2] [T] [thread 70182] [37.0] [cxt 0] Action log_probe89
t=0.037 sw=1 flow=1 pkt=37 | [12:13:07.343] [bmv2] [T] [thread 70182] [37.0] [cxt 0] log_probe.p4(89) Primitive shared_counters.read(n, 32w0)
t=0.037 sw=1 flow=1 pkt=37 | [12:13:07.343] [bmv2] [T] [thread 70182] [37.0] [cxt 0] Read register 'shared_counters' at index 0 read value 74
t=0.037 sw=1 flow=1 pkt=37 | [12:13:07.343] [bmv2] [T] [thread 70182] [37.0] [cxt 0] log_probe.p4(90) Primitive n + 1
t=0.037 sw=1 flow=1 pkt=37 | [12:13:07.343] [bmv2] [T] [thread 70182] [37.0] [cxt 0] log_probe.p4(90) Primitive shared_counters.write(32w0, n + 1)
t=0.037 sw=1 flow=1 pkt=37 | [12:13:07.343] [bmv2] [T] [thread 70182] [37.0] [cxt 0] Wrote register 'shared_counters' at index 0 with value 75
t=0.037 sw=1 flow=1 pkt=37 | [12:13:07.343] [bmv2] [T] [thread 70182] [37.0] [cxt 0] log_probe.p4(93) Primitive hdr.ipv4.dstAddr
t=0.037 sw=1 flow=1 pkt=37 | [12:13:07.343] [bmv2] [T] [thread 70182] [37.0] [cxt 0] log_probe.p4(93) Primitive hdr.ipv4.ttl
t=0.037 sw=1 flow=1 pkt=37 | [12:13:07.343] [bmv2] [T] [thread 70182] [37.0] [cxt 0] log_probe.p4(93) Primitive n
t=0.037 sw=1 flow=1 pkt=37 | [12:13:07.343] [bmv2] [T] [thread 70182] [37.0] [cxt 0] log_probe.p4(92) Primitive             log_msg(\"INGRESS dst={} ttl={} counter={}\",
t=0.037 sw=1 flow=1 pkt=37 | [12:13:07.343] [bmv2] [I] [thread 70182] INGRESS dst=167837954 ttl=37 counter=74
t=0.037 sw=1 flow=1 pkt=37 | [12:13:07.343] [bmv2] [T] [thread 70182] [37.0] [cxt 0] Applying table 'MyIngress.ipv4_exact'
t=0.037 sw=1 flow=1 pkt=37 | [12:13:07.343] [bmv2] [D] [thread 70182] [37.0] [cxt 0] Looking up key:
t=0.037 sw=1 flow=1 pkt=37 | * hdr.ipv4.dstAddr    : 0a010102
t=0.037 sw=1 flow=1 pkt=37 | [12:13:07.343] [bmv2] [D] [thread 70182] [37.0] [cxt 0] Table 'MyIngress.ipv4_exact': hit with handle 1
t=0.037 sw=1 flow=1 pkt=37 | [12:13:07.343] [bmv2] [D] [thread 70182] [37.0] [cxt 0] Dumping entry 1
t=0.037 sw=1 flow=1 pkt=37 | Match key:
t=0.037 sw=1 flow=1 pkt=37 | * hdr.ipv4.dstAddr    : EXACT     0a010102
t=0.037 sw=1 flow=1 pkt=37 | Action entry: MyIngress.forward - 1,
t=0.037 sw=1 flow=1 pkt=37 | [12:13:07.343] [bmv2] [D] [thread 70182] [37.0] [cxt 0] Action entry is MyIngress.forward - 1,
t=0.037 sw=1 flow=1 pkt=37 | [12:13:07.343] [bmv2] [T] [thread 70182] [37.0] [cxt 0] Action MyIngress.forward
t=0.037 sw=1 flow=1 pkt=37 | [12:13:07.343] [bmv2] [T] [thread 70182] [37.0] [cxt 0] log_probe.p4(70) Primitive standard_metadata.egress_spec = port
t=0.037 sw=1 flow=1 pkt=37 | [12:13:07.343] [bmv2] [T] [thread 70182] [37.0] [cxt 0] log_probe.p4(71) Primitive hdr.ipv4.ttl = hdr.ipv4.ttl - 1
t=0.037 sw=1 flow=1 pkt=37 | [12:13:07.343] [bmv2] [T] [thread 70182] [37.0] [cxt 0] Applying table 'tbl_log_probe95'
t=0.037 sw=1 flow=1 pkt=37 | [12:13:07.343] [bmv2] [D] [thread 70182] [37.0] [cxt 0] Looking up key:
t=0.037 sw=1 flow=1 pkt=37 | [12:13:07.343] [bmv2] [D] [thread 70182] [37.0] [cxt 0] Table 'tbl_log_probe95': miss
t=0.037 sw=1 flow=1 pkt=37 | [12:13:07.343] [bmv2] [D] [thread 70182] [37.0] [cxt 0] Action entry is log_probe95 - 
t=0.037 sw=1 flow=1 pkt=37 | [12:13:07.343] [bmv2] [T] [thread 70182] [37.0] [cxt 0] Action log_probe95
t=0.037 sw=1 flow=1 pkt=37 | [12:13:07.343] [bmv2] [T] [thread 70182] [37.0] [cxt 0] log_probe.p4(95) Primitive             log_msg(\"INGRESS decided egress_spec={}\", {standard_metadata.egress_spec});
t=0.037 sw=1 flow=1 pkt=37 | [12:13:07.343] [bmv2] [T] [thread 70182] [37.0] [cxt 0] log_probe.p4(95) Primitive             log_msg(\"INGRESS decided egress_spec={}\", {standard_metadata.egress_spec});
t=0.037 sw=1 flow=1 pkt=37 | [12:13:07.343] [bmv2] [I] [thread 70182] INGRESS decided egress_spec=1
t=0.037 sw=1 flow=1 pkt=37 | [12:13:07.343] [bmv2] [D] [thread 70182] [37.0] [cxt 0] Pipeline 'ingress': end
t=0.037 sw=1 flow=1 pkt=37 | [12:13:07.343] [bmv2] [D] [thread 70182] [37.0] [cxt 0] Pipeline 'egress': start
t=0.037 sw=1 flow=1 pkt=37 | [12:13:07.343] [bmv2] [T] [thread 70182] [37.0] [cxt 0] log_probe.p4(103) Condition "hdr.ipv4.isValid()" (node_8) is true
t=0.037 sw=1 flow=1 pkt=37 | [12:13:07.343] [bmv2] [T] [thread 70182] [37.0] [cxt 0] Applying table 'tbl_log_probe106'
t=0.037 sw=1 flow=1 pkt=37 | [12:13:07.343] [bmv2] [D] [thread 70182] [37.0] [cxt 0] Looking up key:
t=0.037 sw=1 flow=1 pkt=37 | [12:13:07.343] [bmv2] [D] [thread 70182] [37.0] [cxt 0] Table 'tbl_log_probe106': miss
t=0.037 sw=1 flow=1 pkt=37 | [12:13:07.343] [bmv2] [D] [thread 70182] [37.0] [cxt 0] Action entry is log_probe106 - 
t=0.037 sw=1 flow=1 pkt=37 | [12:13:07.343] [bmv2] [T] [thread 70182] [37.0] [cxt 0] Action log_probe106
t=0.037 sw=1 flow=1 pkt=37 | [12:13:07.343] [bmv2] [T] [thread 70182] [37.0] [cxt 0] log_probe.p4(106) Primitive shared_counters.read(n, 32w0)
t=0.037 sw=1 flow=1 pkt=37 | [12:13:07.343] [bmv2] [T] [thread 70182] [37.0] [cxt 0] Read register 'shared_counters' at index 0 read value 75
t=0.037 sw=1 flow=1 pkt=37 | [12:13:07.343] [bmv2] [T] [thread 70182] [37.0] [cxt 0] log_probe.p4(107) Primitive n + 1
t=0.037 sw=1 flow=1 pkt=37 | [12:13:07.343] [bmv2] [T] [thread 70182] [37.0] [cxt 0] log_probe.p4(107) Primitive shared_counters.write(32w0, n + 1)
t=0.037 sw=1 flow=1 pkt=37 | [12:13:07.343] [bmv2] [T] [thread 70182] [37.0] [cxt 0] Wrote register 'shared_counters' at index 0 with value 76
t=0.037 sw=1 flow=1 pkt=37 | [12:13:07.343] [bmv2] [T] [thread 70182] [37.0] [cxt 0] log_probe.p4(111) Primitive shared_counters.read(e, 32w1)
t=0.037 sw=1 flow=1 pkt=37 | [12:13:07.343] [bmv2] [T] [thread 70182] [37.0] [cxt 0] Read register 'shared_counters' at index 1 read value 37
t=0.037 sw=1 flow=1 pkt=37 | [12:13:07.343] [bmv2] [T] [thread 70182] [37.0] [cxt 0] log_probe.p4(112) Primitive e + 1
t=0.037 sw=1 flow=1 pkt=37 | [12:13:07.343] [bmv2] [T] [thread 70182] [37.0] [cxt 0] log_probe.p4(112) Primitive shared_counters.write(32w1, e + 1)
t=0.037 sw=1 flow=1 pkt=37 | [12:13:07.343] [bmv2] [T] [thread 70182] [37.0] [cxt 0] Wrote register 'shared_counters' at index 1 with value 38
t=0.037 sw=1 flow=1 pkt=37 | [12:13:07.343] [bmv2] [D] [thread 70182] [37.0] [cxt 0] Pipeline 'egress': end
t=0.037 sw=1 flow=1 pkt=37 | [12:13:07.343] [bmv2] [D] [thread 70182] [37.0] [cxt 0] Deparser 'deparser': start
t=0.037 sw=1 flow=1 pkt=37 | [12:13:07.343] [bmv2] [D] [thread 70182] [37.0] [cxt 0] Deparsing header 'ethernet'
t=0.037 sw=1 flow=1 pkt=37 | [12:13:07.343] [bmv2] [D] [thread 70182] [37.0] [cxt 0] Deparsing header 'ipv4'
t=0.037 sw=1 flow=1 pkt=37 | [12:13:07.343] [bmv2] [D] [thread 70182] [37.0] [cxt 0] Deparser 'deparser': end
t=0.038 sw=1 flow=0 pkt=38 | [12:13:07.343] [bmv2] [D] [thread 70182] [38.0] [cxt 0] Parser 'parser': start
t=0.038 sw=1 flow=0 pkt=38 | [12:13:07.343] [bmv2] [D] [thread 70182] [38.0] [cxt 0] Parser 'parser' entering state 'start'
t=0.038 sw=1 flow=0 pkt=38 | [12:13:07.343] [bmv2] [D] [thread 70182] [38.0] [cxt 0] Extracting header 'ethernet'
t=0.038 sw=1 flow=0 pkt=38 | [12:13:07.343] [bmv2] [D] [thread 70182] [38.0] [cxt 0] Parser state 'start': key is 0800
t=0.038 sw=1 flow=0 pkt=38 | [12:13:07.343] [bmv2] [T] [thread 70182] [38.0] [cxt 0] Bytes parsed: 14
t=0.038 sw=1 flow=0 pkt=38 | [12:13:07.343] [bmv2] [D] [thread 70182] [38.0] [cxt 0] Parser 'parser' entering state 'parse_ipv4'
t=0.038 sw=1 flow=0 pkt=38 | [12:13:07.343] [bmv2] [D] [thread 70182] [38.0] [cxt 0] Extracting header 'ipv4'
t=0.038 sw=1 flow=0 pkt=38 | [12:13:07.343] [bmv2] [D] [thread 70182] [38.0] [cxt 0] Parser state 'parse_ipv4' has no switch, going to default next state
t=0.038 sw=1 flow=0 pkt=38 | [12:13:07.343] [bmv2] [T] [thread 70182] [38.0] [cxt 0] Bytes parsed: 34
t=0.038 sw=1 flow=0 pkt=38 | [12:13:07.343] [bmv2] [D] [thread 70182] [38.0] [cxt 0] Parser 'parser': end
t=0.038 sw=1 flow=0 pkt=38 | [12:13:07.343] [bmv2] [D] [thread 70182] [38.0] [cxt 0] Pipeline 'ingress': start
t=0.038 sw=1 flow=0 pkt=38 | [12:13:07.343] [bmv2] [T] [thread 70182] [38.0] [cxt 0] log_probe.p4(87) Condition "hdr.ipv4.isValid()" (node_2) is true
t=0.038 sw=1 flow=0 pkt=38 | [12:13:07.343] [bmv2] [T] [thread 70182] [38.0] [cxt 0] Applying table 'tbl_log_probe89'
t=0.038 sw=1 flow=0 pkt=38 | [12:13:07.343] [bmv2] [D] [thread 70182] [38.0] [cxt 0] Looking up key:
t=0.038 sw=1 flow=0 pkt=38 | [12:13:07.343] [bmv2] [D] [thread 70182] [38.0] [cxt 0] Table 'tbl_log_probe89': miss
t=0.038 sw=1 flow=0 pkt=38 | [12:13:07.343] [bmv2] [D] [thread 70182] [38.0] [cxt 0] Action entry is log_probe89 - 
t=0.038 sw=1 flow=0 pkt=38 | [12:13:07.343] [bmv2] [T] [thread 70182] [38.0] [cxt 0] Action log_probe89
t=0.038 sw=1 flow=0 pkt=38 | [12:13:07.343] [bmv2] [T] [thread 70182] [38.0] [cxt 0] log_probe.p4(89) Primitive shared_counters.read(n, 32w0)
t=0.038 sw=1 flow=0 pkt=38 | [12:13:07.343] [bmv2] [T] [thread 70182] [38.0] [cxt 0] Read register 'shared_counters' at index 0 read value 76
t=0.038 sw=1 flow=0 pkt=38 | [12:13:07.343] [bmv2] [T] [thread 70182] [38.0] [cxt 0] log_probe.p4(90) Primitive n + 1
t=0.038 sw=1 flow=0 pkt=38 | [12:13:07.343] [bmv2] [T] [thread 70182] [38.0] [cxt 0] log_probe.p4(90) Primitive shared_counters.write(32w0, n + 1)
t=0.038 sw=1 flow=0 pkt=38 | [12:13:07.343] [bmv2] [T] [thread 70182] [38.0] [cxt 0] Wrote register 'shared_counters' at index 0 with value 77
t=0.038 sw=1 flow=0 pkt=38 | [12:13:07.343] [bmv2] [T] [thread 70182] [38.0] [cxt 0] log_probe.p4(93) Primitive hdr.ipv4.dstAddr
t=0.038 sw=1 flow=0 pkt=38 | [12:13:07.343] [bmv2] [T] [thread 70182] [38.0] [cxt 0] log_probe.p4(93) Primitive hdr.ipv4.ttl
t=0.038 sw=1 flow=0 pkt=38 | [12:13:07.343] [bmv2] [T] [thread 70182] [38.0] [cxt 0] log_probe.p4(93) Primitive n
t=0.038 sw=1 flow=0 pkt=38 | [12:13:07.343] [bmv2] [T] [thread 70182] [38.0] [cxt 0] log_probe.p4(92) Primitive             log_msg(\"INGRESS dst={} ttl={} counter={}\",
t=0.038 sw=1 flow=0 pkt=38 | [12:13:07.343] [bmv2] [I] [thread 70182] INGRESS dst=167837953 ttl=38 counter=76
t=0.038 sw=1 flow=0 pkt=38 | [12:13:07.343] [bmv2] [T] [thread 70182] [38.0] [cxt 0] Applying table 'MyIngress.ipv4_exact'
t=0.038 sw=1 flow=0 pkt=38 | [12:13:07.343] [bmv2] [D] [thread 70182] [38.0] [cxt 0] Looking up key:
t=0.038 sw=1 flow=0 pkt=38 | * hdr.ipv4.dstAddr    : 0a010101
t=0.038 sw=1 flow=0 pkt=38 | [12:13:07.344] [bmv2] [D] [thread 70182] [38.0] [cxt 0] Table 'MyIngress.ipv4_exact': hit with handle 0
t=0.038 sw=1 flow=0 pkt=38 | [12:13:07.344] [bmv2] [D] [thread 70182] [38.0] [cxt 0] Dumping entry 0
t=0.038 sw=1 flow=0 pkt=38 | Match key:
t=0.038 sw=1 flow=0 pkt=38 | * hdr.ipv4.dstAddr    : EXACT     0a010101
t=0.038 sw=1 flow=0 pkt=38 | Action entry: MyIngress.forward - 0,
t=0.038 sw=1 flow=0 pkt=38 | [12:13:07.344] [bmv2] [D] [thread 70182] [38.0] [cxt 0] Action entry is MyIngress.forward - 0,
t=0.038 sw=1 flow=0 pkt=38 | [12:13:07.344] [bmv2] [T] [thread 70182] [38.0] [cxt 0] Action MyIngress.forward
t=0.038 sw=1 flow=0 pkt=38 | [12:13:07.344] [bmv2] [T] [thread 70182] [38.0] [cxt 0] log_probe.p4(70) Primitive standard_metadata.egress_spec = port
t=0.038 sw=1 flow=0 pkt=38 | [12:13:07.344] [bmv2] [T] [thread 70182] [38.0] [cxt 0] log_probe.p4(71) Primitive hdr.ipv4.ttl = hdr.ipv4.ttl - 1
t=0.038 sw=1 flow=0 pkt=38 | [12:13:07.344] [bmv2] [T] [thread 70182] [38.0] [cxt 0] Applying table 'tbl_log_probe95'
t=0.038 sw=1 flow=0 pkt=38 | [12:13:07.344] [bmv2] [D] [thread 70182] [38.0] [cxt 0] Looking up key:
t=0.038 sw=1 flow=0 pkt=38 | [12:13:07.344] [bmv2] [D] [thread 70182] [38.0] [cxt 0] Table 'tbl_log_probe95': miss
t=0.038 sw=1 flow=0 pkt=38 | [12:13:07.344] [bmv2] [D] [thread 70182] [38.0] [cxt 0] Action entry is log_probe95 - 
t=0.038 sw=1 flow=0 pkt=38 | [12:13:07.344] [bmv2] [T] [thread 70182] [38.0] [cxt 0] Action log_probe95
t=0.038 sw=1 flow=0 pkt=38 | [12:13:07.344] [bmv2] [T] [thread 70182] [38.0] [cxt 0] log_probe.p4(95) Primitive             log_msg(\"INGRESS decided egress_spec={}\", {standard_metadata.egress_spec});
t=0.038 sw=1 flow=0 pkt=38 | [12:13:07.344] [bmv2] [T] [thread 70182] [38.0] [cxt 0] log_probe.p4(95) Primitive             log_msg(\"INGRESS decided egress_spec={}\", {standard_metadata.egress_spec});
t=0.038 sw=1 flow=0 pkt=38 | [12:13:07.344] [bmv2] [I] [thread 70182] INGRESS decided egress_spec=0
t=0.038 sw=1 flow=0 pkt=38 | [12:13:07.344] [bmv2] [D] [thread 70182] [38.0] [cxt 0] Pipeline 'ingress': end
t=0.038 sw=1 flow=0 pkt=38 | [12:13:07.344] [bmv2] [D] [thread 70182] [38.0] [cxt 0] Pipeline 'egress': start
t=0.038 sw=1 flow=0 pkt=38 | [12:13:07.344] [bmv2] [T] [thread 70182] [38.0] [cxt 0] log_probe.p4(103) Condition "hdr.ipv4.isValid()" (node_8) is true
t=0.038 sw=1 flow=0 pkt=38 | [12:13:07.344] [bmv2] [T] [thread 70182] [38.0] [cxt 0] Applying table 'tbl_log_probe106'
t=0.038 sw=1 flow=0 pkt=38 | [12:13:07.344] [bmv2] [D] [thread 70182] [38.0] [cxt 0] Looking up key:
t=0.038 sw=1 flow=0 pkt=38 | [12:13:07.344] [bmv2] [D] [thread 70182] [38.0] [cxt 0] Table 'tbl_log_probe106': miss
t=0.038 sw=1 flow=0 pkt=38 | [12:13:07.344] [bmv2] [D] [thread 70182] [38.0] [cxt 0] Action entry is log_probe106 - 
t=0.038 sw=1 flow=0 pkt=38 | [12:13:07.344] [bmv2] [T] [thread 70182] [38.0] [cxt 0] Action log_probe106
t=0.038 sw=1 flow=0 pkt=38 | [12:13:07.344] [bmv2] [T] [thread 70182] [38.0] [cxt 0] log_probe.p4(106) Primitive shared_counters.read(n, 32w0)
t=0.038 sw=1 flow=0 pkt=38 | [12:13:07.344] [bmv2] [T] [thread 70182] [38.0] [cxt 0] Read register 'shared_counters' at index 0 read value 77
t=0.038 sw=1 flow=0 pkt=38 | [12:13:07.344] [bmv2] [T] [thread 70182] [38.0] [cxt 0] log_probe.p4(107) Primitive n + 1
t=0.038 sw=1 flow=0 pkt=38 | [12:13:07.344] [bmv2] [T] [thread 70182] [38.0] [cxt 0] log_probe.p4(107) Primitive shared_counters.write(32w0, n + 1)
t=0.038 sw=1 flow=0 pkt=38 | [12:13:07.344] [bmv2] [T] [thread 70182] [38.0] [cxt 0] Wrote register 'shared_counters' at index 0 with value 78
t=0.038 sw=1 flow=0 pkt=38 | [12:13:07.344] [bmv2] [T] [thread 70182] [38.0] [cxt 0] log_probe.p4(111) Primitive shared_counters.read(e, 32w1)
t=0.038 sw=1 flow=0 pkt=38 | [12:13:07.344] [bmv2] [T] [thread 70182] [38.0] [cxt 0] Read register 'shared_counters' at index 1 read value 38
t=0.038 sw=1 flow=0 pkt=38 | [12:13:07.344] [bmv2] [T] [thread 70182] [38.0] [cxt 0] log_probe.p4(112) Primitive e + 1
t=0.038 sw=1 flow=0 pkt=38 | [12:13:07.344] [bmv2] [T] [thread 70182] [38.0] [cxt 0] log_probe.p4(112) Primitive shared_counters.write(32w1, e + 1)
t=0.038 sw=1 flow=0 pkt=38 | [12:13:07.344] [bmv2] [T] [thread 70182] [38.0] [cxt 0] Wrote register 'shared_counters' at index 1 with value 39
t=0.038 sw=1 flow=0 pkt=38 | [12:13:07.344] [bmv2] [D] [thread 70182] [38.0] [cxt 0] Pipeline 'egress': end
t=0.038 sw=1 flow=0 pkt=38 | [12:13:07.344] [bmv2] [D] [thread 70182] [38.0] [cxt 0] Deparser 'deparser': start
t=0.038 sw=1 flow=0 pkt=38 | [12:13:07.344] [bmv2] [D] [thread 70182] [38.0] [cxt 0] Deparsing header 'ethernet'
t=0.038 sw=1 flow=0 pkt=38 | [12:13:07.344] [bmv2] [D] [thread 70182] [38.0] [cxt 0] Deparsing header 'ipv4'
t=0.038 sw=1 flow=0 pkt=38 | [12:13:07.344] [bmv2] [D] [thread 70182] [38.0] [cxt 0] Deparser 'deparser': end
t=0.039 sw=1 flow=1 pkt=39 | [12:13:07.344] [bmv2] [D] [thread 70182] [39.0] [cxt 0] Parser 'parser': start
t=0.039 sw=1 flow=1 pkt=39 | [12:13:07.344] [bmv2] [D] [thread 70182] [39.0] [cxt 0] Parser 'parser' entering state 'start'
t=0.039 sw=1 flow=1 pkt=39 | [12:13:07.344] [bmv2] [D] [thread 70182] [39.0] [cxt 0] Extracting header 'ethernet'
t=0.039 sw=1 flow=1 pkt=39 | [12:13:07.344] [bmv2] [D] [thread 70182] [39.0] [cxt 0] Parser state 'start': key is 0800
t=0.039 sw=1 flow=1 pkt=39 | [12:13:07.344] [bmv2] [T] [thread 70182] [39.0] [cxt 0] Bytes parsed: 14
t=0.039 sw=1 flow=1 pkt=39 | [12:13:07.344] [bmv2] [D] [thread 70182] [39.0] [cxt 0] Parser 'parser' entering state 'parse_ipv4'
t=0.039 sw=1 flow=1 pkt=39 | [12:13:07.344] [bmv2] [D] [thread 70182] [39.0] [cxt 0] Extracting header 'ipv4'
t=0.039 sw=1 flow=1 pkt=39 | [12:13:07.344] [bmv2] [D] [thread 70182] [39.0] [cxt 0] Parser state 'parse_ipv4' has no switch, going to default next state
t=0.039 sw=1 flow=1 pkt=39 | [12:13:07.344] [bmv2] [T] [thread 70182] [39.0] [cxt 0] Bytes parsed: 34
t=0.039 sw=1 flow=1 pkt=39 | [12:13:07.344] [bmv2] [D] [thread 70182] [39.0] [cxt 0] Parser 'parser': end
t=0.039 sw=1 flow=1 pkt=39 | [12:13:07.344] [bmv2] [D] [thread 70182] [39.0] [cxt 0] Pipeline 'ingress': start
t=0.039 sw=1 flow=1 pkt=39 | [12:13:07.344] [bmv2] [T] [thread 70182] [39.0] [cxt 0] log_probe.p4(87) Condition "hdr.ipv4.isValid()" (node_2) is true
t=0.039 sw=1 flow=1 pkt=39 | [12:13:07.344] [bmv2] [T] [thread 70182] [39.0] [cxt 0] Applying table 'tbl_log_probe89'
t=0.039 sw=1 flow=1 pkt=39 | [12:13:07.344] [bmv2] [D] [thread 70182] [39.0] [cxt 0] Looking up key:
t=0.039 sw=1 flow=1 pkt=39 | [12:13:07.344] [bmv2] [D] [thread 70182] [39.0] [cxt 0] Table 'tbl_log_probe89': miss
t=0.039 sw=1 flow=1 pkt=39 | [12:13:07.344] [bmv2] [D] [thread 70182] [39.0] [cxt 0] Action entry is log_probe89 - 
t=0.039 sw=1 flow=1 pkt=39 | [12:13:07.344] [bmv2] [T] [thread 70182] [39.0] [cxt 0] Action log_probe89
t=0.039 sw=1 flow=1 pkt=39 | [12:13:07.344] [bmv2] [T] [thread 70182] [39.0] [cxt 0] log_probe.p4(89) Primitive shared_counters.read(n, 32w0)
t=0.039 sw=1 flow=1 pkt=39 | [12:13:07.344] [bmv2] [T] [thread 70182] [39.0] [cxt 0] Read register 'shared_counters' at index 0 read value 78
t=0.039 sw=1 flow=1 pkt=39 | [12:13:07.344] [bmv2] [T] [thread 70182] [39.0] [cxt 0] log_probe.p4(90) Primitive n + 1
t=0.039 sw=1 flow=1 pkt=39 | [12:13:07.344] [bmv2] [T] [thread 70182] [39.0] [cxt 0] log_probe.p4(90) Primitive shared_counters.write(32w0, n + 1)
t=0.039 sw=1 flow=1 pkt=39 | [12:13:07.344] [bmv2] [T] [thread 70182] [39.0] [cxt 0] Wrote register 'shared_counters' at index 0 with value 79
t=0.039 sw=1 flow=1 pkt=39 | [12:13:07.344] [bmv2] [T] [thread 70182] [39.0] [cxt 0] log_probe.p4(93) Primitive hdr.ipv4.dstAddr
t=0.039 sw=1 flow=1 pkt=39 | [12:13:07.344] [bmv2] [T] [thread 70182] [39.0] [cxt 0] log_probe.p4(93) Primitive hdr.ipv4.ttl
t=0.039 sw=1 flow=1 pkt=39 | [12:13:07.344] [bmv2] [T] [thread 70182] [39.0] [cxt 0] log_probe.p4(93) Primitive n
t=0.039 sw=1 flow=1 pkt=39 | [12:13:07.344] [bmv2] [T] [thread 70182] [39.0] [cxt 0] log_probe.p4(92) Primitive             log_msg(\"INGRESS dst={} ttl={} counter={}\",
t=0.039 sw=1 flow=1 pkt=39 | [12:13:07.344] [bmv2] [I] [thread 70182] INGRESS dst=167837954 ttl=39 counter=78
t=0.039 sw=1 flow=1 pkt=39 | [12:13:07.344] [bmv2] [T] [thread 70182] [39.0] [cxt 0] Applying table 'MyIngress.ipv4_exact'
t=0.039 sw=1 flow=1 pkt=39 | [12:13:07.344] [bmv2] [D] [thread 70182] [39.0] [cxt 0] Looking up key:
t=0.039 sw=1 flow=1 pkt=39 | * hdr.ipv4.dstAddr    : 0a010102
t=0.039 sw=1 flow=1 pkt=39 | [12:13:07.344] [bmv2] [D] [thread 70182] [39.0] [cxt 0] Table 'MyIngress.ipv4_exact': hit with handle 1
t=0.039 sw=1 flow=1 pkt=39 | [12:13:07.344] [bmv2] [D] [thread 70182] [39.0] [cxt 0] Dumping entry 1
t=0.039 sw=1 flow=1 pkt=39 | Match key:
t=0.039 sw=1 flow=1 pkt=39 | * hdr.ipv4.dstAddr    : EXACT     0a010102
t=0.039 sw=1 flow=1 pkt=39 | Action entry: MyIngress.forward - 1,
t=0.039 sw=1 flow=1 pkt=39 | [12:13:07.344] [bmv2] [D] [thread 70182] [39.0] [cxt 0] Action entry is MyIngress.forward - 1,
t=0.039 sw=1 flow=1 pkt=39 | [12:13:07.344] [bmv2] [T] [thread 70182] [39.0] [cxt 0] Action MyIngress.forward
t=0.039 sw=1 flow=1 pkt=39 | [12:13:07.344] [bmv2] [T] [thread 70182] [39.0] [cxt 0] log_probe.p4(70) Primitive standard_metadata.egress_spec = port
t=0.039 sw=1 flow=1 pkt=39 | [12:13:07.344] [bmv2] [T] [thread 70182] [39.0] [cxt 0] log_probe.p4(71) Primitive hdr.ipv4.ttl = hdr.ipv4.ttl - 1
t=0.039 sw=1 flow=1 pkt=39 | [12:13:07.344] [bmv2] [T] [thread 70182] [39.0] [cxt 0] Applying table 'tbl_log_probe95'
t=0.039 sw=1 flow=1 pkt=39 | [12:13:07.344] [bmv2] [D] [thread 70182] [39.0] [cxt 0] Looking up key:
t=0.039 sw=1 flow=1 pkt=39 | [12:13:07.344] [bmv2] [D] [thread 70182] [39.0] [cxt 0] Table 'tbl_log_probe95': miss
t=0.039 sw=1 flow=1 pkt=39 | [12:13:07.344] [bmv2] [D] [thread 70182] [39.0] [cxt 0] Action entry is log_probe95 - 
t=0.039 sw=1 flow=1 pkt=39 | [12:13:07.344] [bmv2] [T] [thread 70182] [39.0] [cxt 0] Action log_probe95
t=0.039 sw=1 flow=1 pkt=39 | [12:13:07.344] [bmv2] [T] [thread 70182] [39.0] [cxt 0] log_probe.p4(95) Primitive             log_msg(\"INGRESS decided egress_spec={}\", {standard_metadata.egress_spec});
t=0.039 sw=1 flow=1 pkt=39 | [12:13:07.344] [bmv2] [T] [thread 70182] [39.0] [cxt 0] log_probe.p4(95) Primitive             log_msg(\"INGRESS decided egress_spec={}\", {standard_metadata.egress_spec});
t=0.039 sw=1 flow=1 pkt=39 | [12:13:07.344] [bmv2] [I] [thread 70182] INGRESS decided egress_spec=1
t=0.039 sw=1 flow=1 pkt=39 | [12:13:07.344] [bmv2] [D] [thread 70182] [39.0] [cxt 0] Pipeline 'ingress': end
t=0.039 sw=1 flow=1 pkt=39 | [12:13:07.344] [bmv2] [D] [thread 70182] [39.0] [cxt 0] Pipeline 'egress': start
t=0.039 sw=1 flow=1 pkt=39 | [12:13:07.344] [bmv2] [T] [thread 70182] [39.0] [cxt 0] log_probe.p4(103) Condition "hdr.ipv4.isValid()" (node_8) is true
t=0.039 sw=1 flow=1 pkt=39 | [12:13:07.344] [bmv2] [T] [thread 70182] [39.0] [cxt 0] Applying table 'tbl_log_probe106'
t=0.039 sw=1 flow=1 pkt=39 | [12:13:07.344] [bmv2] [D] [thread 70182] [39.0] [cxt 0] Looking up key:
t=0.039 sw=1 flow=1 pkt=39 | [12:13:07.344] [bmv2] [D] [thread 70182] [39.0] [cxt 0] Table 'tbl_log_probe106': miss
t=0.039 sw=1 flow=1 pkt=39 | [12:13:07.344] [bmv2] [D] [thread 70182] [39.0] [cxt 0] Action entry is log_probe106 - 
t=0.039 sw=1 flow=1 pkt=39 | [12:13:07.344] [bmv2] [T] [thread 70182] [39.0] [cxt 0] Action log_probe106
t=0.039 sw=1 flow=1 pkt=39 | [12:13:07.344] [bmv2] [T] [thread 70182] [39.0] [cxt 0] log_probe.p4(106) Primitive shared_counters.read(n, 32w0)
t=0.039 sw=1 flow=1 pkt=39 | [12:13:07.344] [bmv2] [T] [thread 70182] [39.0] [cxt 0] Read register 'shared_counters' at index 0 read value 79
t=0.039 sw=1 flow=1 pkt=39 | [12:13:07.345] [bmv2] [T] [thread 70182] [39.0] [cxt 0] log_probe.p4(107) Primitive n + 1
t=0.039 sw=1 flow=1 pkt=39 | [12:13:07.345] [bmv2] [T] [thread 70182] [39.0] [cxt 0] log_probe.p4(107) Primitive shared_counters.write(32w0, n + 1)
t=0.039 sw=1 flow=1 pkt=39 | [12:13:07.345] [bmv2] [T] [thread 70182] [39.0] [cxt 0] Wrote register 'shared_counters' at index 0 with value 80
t=0.039 sw=1 flow=1 pkt=39 | [12:13:07.345] [bmv2] [T] [thread 70182] [39.0] [cxt 0] log_probe.p4(111) Primitive shared_counters.read(e, 32w1)
t=0.039 sw=1 flow=1 pkt=39 | [12:13:07.345] [bmv2] [T] [thread 70182] [39.0] [cxt 0] Read register 'shared_counters' at index 1 read value 39
t=0.039 sw=1 flow=1 pkt=39 | [12:13:07.345] [bmv2] [T] [thread 70182] [39.0] [cxt 0] log_probe.p4(112) Primitive e + 1
t=0.039 sw=1 flow=1 pkt=39 | [12:13:07.345] [bmv2] [T] [thread 70182] [39.0] [cxt 0] log_probe.p4(112) Primitive shared_counters.write(32w1, e + 1)
t=0.039 sw=1 flow=1 pkt=39 | [12:13:07.345] [bmv2] [T] [thread 70182] [39.0] [cxt 0] Wrote register 'shared_counters' at index 1 with value 40
t=0.039 sw=1 flow=1 pkt=39 | [12:13:07.345] [bmv2] [D] [thread 70182] [39.0] [cxt 0] Pipeline 'egress': end
t=0.039 sw=1 flow=1 pkt=39 | [12:13:07.345] [bmv2] [D] [thread 70182] [39.0] [cxt 0] Deparser 'deparser': start
t=0.039 sw=1 flow=1 pkt=39 | [12:13:07.345] [bmv2] [D] [thread 70182] [39.0] [cxt 0] Deparsing header 'ethernet'
t=0.039 sw=1 flow=1 pkt=39 | [12:13:07.345] [bmv2] [D] [thread 70182] [39.0] [cxt 0] Deparsing header 'ipv4'
t=0.039 sw=1 flow=1 pkt=39 | [12:13:07.345] [bmv2] [D] [thread 70182] [39.0] [cxt 0] Deparser 'deparser': end
t=0.04 sw=1 flow=0 pkt=40 | [12:13:07.345] [bmv2] [D] [thread 70182] [40.0] [cxt 0] Parser 'parser': start
t=0.04 sw=1 flow=0 pkt=40 | [12:13:07.345] [bmv2] [D] [thread 70182] [40.0] [cxt 0] Parser 'parser' entering state 'start'
t=0.04 sw=1 flow=0 pkt=40 | [12:13:07.345] [bmv2] [D] [thread 70182] [40.0] [cxt 0] Extracting header 'ethernet'
t=0.04 sw=1 flow=0 pkt=40 | [12:13:07.345] [bmv2] [D] [thread 70182] [40.0] [cxt 0] Parser state 'start': key is 0800
t=0.04 sw=1 flow=0 pkt=40 | [12:13:07.345] [bmv2] [T] [thread 70182] [40.0] [cxt 0] Bytes parsed: 14
t=0.04 sw=1 flow=0 pkt=40 | [12:13:07.345] [bmv2] [D] [thread 70182] [40.0] [cxt 0] Parser 'parser' entering state 'parse_ipv4'
t=0.04 sw=1 flow=0 pkt=40 | [12:13:07.345] [bmv2] [D] [thread 70182] [40.0] [cxt 0] Extracting header 'ipv4'
t=0.04 sw=1 flow=0 pkt=40 | [12:13:07.345] [bmv2] [D] [thread 70182] [40.0] [cxt 0] Parser state 'parse_ipv4' has no switch, going to default next state
t=0.04 sw=1 flow=0 pkt=40 | [12:13:07.345] [bmv2] [T] [thread 70182] [40.0] [cxt 0] Bytes parsed: 34
t=0.04 sw=1 flow=0 pkt=40 | [12:13:07.345] [bmv2] [D] [thread 70182] [40.0] [cxt 0] Parser 'parser': end
t=0.04 sw=1 flow=0 pkt=40 | [12:13:07.345] [bmv2] [D] [thread 70182] [40.0] [cxt 0] Pipeline 'ingress': start
t=0.04 sw=1 flow=0 pkt=40 | [12:13:07.345] [bmv2] [T] [thread 70182] [40.0] [cxt 0] log_probe.p4(87) Condition "hdr.ipv4.isValid()" (node_2) is true
t=0.04 sw=1 flow=0 pkt=40 | [12:13:07.345] [bmv2] [T] [thread 70182] [40.0] [cxt 0] Applying table 'tbl_log_probe89'
t=0.04 sw=1 flow=0 pkt=40 | [12:13:07.345] [bmv2] [D] [thread 70182] [40.0] [cxt 0] Looking up key:
t=0.04 sw=1 flow=0 pkt=40 | [12:13:07.345] [bmv2] [D] [thread 70182] [40.0] [cxt 0] Table 'tbl_log_probe89': miss
t=0.04 sw=1 flow=0 pkt=40 | [12:13:07.345] [bmv2] [D] [thread 70182] [40.0] [cxt 0] Action entry is log_probe89 - 
t=0.04 sw=1 flow=0 pkt=40 | [12:13:07.345] [bmv2] [T] [thread 70182] [40.0] [cxt 0] Action log_probe89
t=0.04 sw=1 flow=0 pkt=40 | [12:13:07.345] [bmv2] [T] [thread 70182] [40.0] [cxt 0] log_probe.p4(89) Primitive shared_counters.read(n, 32w0)
t=0.04 sw=1 flow=0 pkt=40 | [12:13:07.345] [bmv2] [T] [thread 70182] [40.0] [cxt 0] Read register 'shared_counters' at index 0 read value 80
t=0.04 sw=1 flow=0 pkt=40 | [12:13:07.345] [bmv2] [T] [thread 70182] [40.0] [cxt 0] log_probe.p4(90) Primitive n + 1
t=0.04 sw=1 flow=0 pkt=40 | [12:13:07.345] [bmv2] [T] [thread 70182] [40.0] [cxt 0] log_probe.p4(90) Primitive shared_counters.write(32w0, n + 1)
t=0.04 sw=1 flow=0 pkt=40 | [12:13:07.345] [bmv2] [T] [thread 70182] [40.0] [cxt 0] Wrote register 'shared_counters' at index 0 with value 81
t=0.04 sw=1 flow=0 pkt=40 | [12:13:07.345] [bmv2] [T] [thread 70182] [40.0] [cxt 0] log_probe.p4(93) Primitive hdr.ipv4.dstAddr
t=0.04 sw=1 flow=0 pkt=40 | [12:13:07.345] [bmv2] [T] [thread 70182] [40.0] [cxt 0] log_probe.p4(93) Primitive hdr.ipv4.ttl
t=0.04 sw=1 flow=0 pkt=40 | [12:13:07.345] [bmv2] [T] [thread 70182] [40.0] [cxt 0] log_probe.p4(93) Primitive n
t=0.04 sw=1 flow=0 pkt=40 | [12:13:07.345] [bmv2] [T] [thread 70182] [40.0] [cxt 0] log_probe.p4(92) Primitive             log_msg(\"INGRESS dst={} ttl={} counter={}\",
t=0.04 sw=1 flow=0 pkt=40 | [12:13:07.345] [bmv2] [I] [thread 70182] INGRESS dst=167837953 ttl=32 counter=80
t=0.04 sw=1 flow=0 pkt=40 | [12:13:07.345] [bmv2] [T] [thread 70182] [40.0] [cxt 0] Applying table 'MyIngress.ipv4_exact'
t=0.04 sw=1 flow=0 pkt=40 | [12:13:07.345] [bmv2] [D] [thread 70182] [40.0] [cxt 0] Looking up key:
t=0.04 sw=1 flow=0 pkt=40 | * hdr.ipv4.dstAddr    : 0a010101
t=0.04 sw=1 flow=0 pkt=40 | [12:13:07.345] [bmv2] [D] [thread 70182] [40.0] [cxt 0] Table 'MyIngress.ipv4_exact': hit with handle 0
t=0.04 sw=1 flow=0 pkt=40 | [12:13:07.345] [bmv2] [D] [thread 70182] [40.0] [cxt 0] Dumping entry 0
t=0.04 sw=1 flow=0 pkt=40 | Match key:
t=0.04 sw=1 flow=0 pkt=40 | * hdr.ipv4.dstAddr    : EXACT     0a010101
t=0.04 sw=1 flow=0 pkt=40 | Action entry: MyIngress.forward - 0,
t=0.04 sw=1 flow=0 pkt=40 | [12:13:07.345] [bmv2] [D] [thread 70182] [40.0] [cxt 0] Action entry is MyIngress.forward - 0,
t=0.04 sw=1 flow=0 pkt=40 | [12:13:07.345] [bmv2] [T] [thread 70182] [40.0] [cxt 0] Action MyIngress.forward
t=0.04 sw=1 flow=0 pkt=40 | [12:13:07.345] [bmv2] [T] [thread 70182] [40.0] [cxt 0] log_probe.p4(70) Primitive standard_metadata.egress_spec = port
t=0.04 sw=1 flow=0 pkt=40 | [12:13:07.345] [bmv2] [T] [thread 70182] [40.0] [cxt 0] log_probe.p4(71) Primitive hdr.ipv4.ttl = hdr.ipv4.ttl - 1
t=0.04 sw=1 flow=0 pkt=40 | [12:13:07.345] [bmv2] [T] [thread 70182] [40.0] [cxt 0] Applying table 'tbl_log_probe95'
t=0.04 sw=1 flow=0 pkt=40 | [12:13:07.345] [bmv2] [D] [thread 70182] [40.0] [cxt 0] Looking up key:
t=0.04 sw=1 flow=0 pkt=40 | [12:13:07.345] [bmv2] [D] [thread 70182] [40.0] [cxt 0] Table 'tbl_log_probe95': miss
t=0.04 sw=1 flow=0 pkt=40 | [12:13:07.345] [bmv2] [D] [thread 70182] [40.0] [cxt 0] Action entry is log_probe95 - 
t=0.04 sw=1 flow=0 pkt=40 | [12:13:07.345] [bmv2] [T] [thread 70182] [40.0] [cxt 0] Action log_probe95
t=0.04 sw=1 flow=0 pkt=40 | [12:13:07.345] [bmv2] [T] [thread 70182] [40.0] [cxt 0] log_probe.p4(95) Primitive             log_msg(\"INGRESS decided egress_spec={}\", {standard_metadata.egress_spec});
t=0.04 sw=1 flow=0 pkt=40 | [12:13:07.345] [bmv2] [T] [thread 70182] [40.0] [cxt 0] log_probe.p4(95) Primitive             log_msg(\"INGRESS decided egress_spec={}\", {standard_metadata.egress_spec});
t=0.04 sw=1 flow=0 pkt=40 | [12:13:07.345] [bmv2] [I] [thread 70182] INGRESS decided egress_spec=0
t=0.04 sw=1 flow=0 pkt=40 | [12:13:07.345] [bmv2] [D] [thread 70182] [40.0] [cxt 0] Pipeline 'ingress': end
t=0.04 sw=1 flow=0 pkt=40 | [12:13:07.345] [bmv2] [D] [thread 70182] [40.0] [cxt 0] Pipeline 'egress': start
t=0.04 sw=1 flow=0 pkt=40 | [12:13:07.345] [bmv2] [T] [thread 70182] [40.0] [cxt 0] log_probe.p4(103) Condition "hdr.ipv4.isValid()" (node_8) is true
t=0.04 sw=1 flow=0 pkt=40 | [12:13:07.345] [bmv2] [T] [thread 70182] [40.0] [cxt 0] Applying table 'tbl_log_probe106'
t=0.04 sw=1 flow=0 pkt=40 | [12:13:07.345] [bmv2] [D] [thread 70182] [40.0] [cxt 0] Looking up key:
t=0.04 sw=1 flow=0 pkt=40 | [12:13:07.345] [bmv2] [D] [thread 70182] [40.0] [cxt 0] Table 'tbl_log_probe106': miss
t=0.04 sw=1 flow=0 pkt=40 | [12:13:07.345] [bmv2] [D] [thread 70182] [40.0] [cxt 0] Action entry is log_probe106 - 
t=0.04 sw=1 flow=0 pkt=40 | [12:13:07.345] [bmv2] [T] [thread 70182] [40.0] [cxt 0] Action log_probe106
t=0.04 sw=1 flow=0 pkt=40 | [12:13:07.345] [bmv2] [T] [thread 70182] [40.0] [cxt 0] log_probe.p4(106) Primitive shared_counters.read(n, 32w0)
t=0.04 sw=1 flow=0 pkt=40 | [12:13:07.345] [bmv2] [T] [thread 70182] [40.0] [cxt 0] Read register 'shared_counters' at index 0 read value 81
t=0.04 sw=1 flow=0 pkt=40 | [12:13:07.345] [bmv2] [T] [thread 70182] [40.0] [cxt 0] log_probe.p4(107) Primitive n + 1
t=0.04 sw=1 flow=0 pkt=40 | [12:13:07.345] [bmv2] [T] [thread 70182] [40.0] [cxt 0] log_probe.p4(107) Primitive shared_counters.write(32w0, n + 1)
t=0.04 sw=1 flow=0 pkt=40 | [12:13:07.345] [bmv2] [T] [thread 70182] [40.0] [cxt 0] Wrote register 'shared_counters' at index 0 with value 82
t=0.04 sw=1 flow=0 pkt=40 | [12:13:07.345] [bmv2] [T] [thread 70182] [40.0] [cxt 0] log_probe.p4(111) Primitive shared_counters.read(e, 32w1)
t=0.04 sw=1 flow=0 pkt=40 | [12:13:07.345] [bmv2] [T] [thread 70182] [40.0] [cxt 0] Read register 'shared_counters' at index 1 read value 40
t=0.04 sw=1 flow=0 pkt=40 | [12:13:07.345] [bmv2] [T] [thread 70182] [40.0] [cxt 0] log_probe.p4(112) Primitive e + 1
t=0.04 sw=1 flow=0 pkt=40 | [12:13:07.345] [bmv2] [T] [thread 70182] [40.0] [cxt 0] log_probe.p4(112) Primitive shared_counters.write(32w1, e + 1)
t=0.04 sw=1 flow=0 pkt=40 | [12:13:07.345] [bmv2] [T] [thread 70182] [40.0] [cxt 0] Wrote register 'shared_counters' at index 1 with value 41
t=0.04 sw=1 flow=0 pkt=40 | [12:13:07.345] [bmv2] [D] [thread 70182] [40.0] [cxt 0] Pipeline 'egress': end
t=0.04 sw=1 flow=0 pkt=40 | [12:13:07.345] [bmv2] [D] [thread 70182] [40.0] [cxt 0] Deparser 'deparser': start
t=0.04 sw=1 flow=0 pkt=40 | [12:13:07.345] [bmv2] [D] [thread 70182] [40.0] [cxt 0] Deparsing header 'ethernet'
t=0.04 sw=1 flow=0 pkt=40 | [12:13:07.345] [bmv2] [D] [thread 70182] [40.0] [cxt 0] Deparsing header 'ipv4'
t=0.04 sw=1 flow=0 pkt=40 | [12:13:07.345] [bmv2] [D] [thread 70182] [40.0] [cxt 0] Deparser 'deparser': end
t=0.041 sw=1 flow=1 pkt=41 | [12:13:07.345] [bmv2] [D] [thread 70182] [41.0] [cxt 0] Parser 'parser': start
t=0.041 sw=1 flow=1 pkt=41 | [12:13:07.345] [bmv2] [D] [thread 70182] [41.0] [cxt 0] Parser 'parser' entering state 'start'
t=0.041 sw=1 flow=1 pkt=41 | [12:13:07.345] [bmv2] [D] [thread 70182] [41.0] [cxt 0] Extracting header 'ethernet'
t=0.041 sw=1 flow=1 pkt=41 | [12:13:07.345] [bmv2] [D] [thread 70182] [41.0] [cxt 0] Parser state 'start': key is 0800
t=0.041 sw=1 flow=1 pkt=41 | [12:13:07.345] [bmv2] [T] [thread 70182] [41.0] [cxt 0] Bytes parsed: 14
t=0.041 sw=1 flow=1 pkt=41 | [12:13:07.345] [bmv2] [D] [thread 70182] [41.0] [cxt 0] Parser 'parser' entering state 'parse_ipv4'
t=0.041 sw=1 flow=1 pkt=41 | [12:13:07.345] [bmv2] [D] [thread 70182] [41.0] [cxt 0] Extracting header 'ipv4'
t=0.041 sw=1 flow=1 pkt=41 | [12:13:07.345] [bmv2] [D] [thread 70182] [41.0] [cxt 0] Parser state 'parse_ipv4' has no switch, going to default next state
t=0.041 sw=1 flow=1 pkt=41 | [12:13:07.345] [bmv2] [T] [thread 70182] [41.0] [cxt 0] Bytes parsed: 34
t=0.041 sw=1 flow=1 pkt=41 | [12:13:07.345] [bmv2] [D] [thread 70182] [41.0] [cxt 0] Parser 'parser': end
t=0.041 sw=1 flow=1 pkt=41 | [12:13:07.345] [bmv2] [D] [thread 70182] [41.0] [cxt 0] Pipeline 'ingress': start
t=0.041 sw=1 flow=1 pkt=41 | [12:13:07.345] [bmv2] [T] [thread 70182] [41.0] [cxt 0] log_probe.p4(87) Condition "hdr.ipv4.isValid()" (node_2) is true
t=0.041 sw=1 flow=1 pkt=41 | [12:13:07.345] [bmv2] [T] [thread 70182] [41.0] [cxt 0] Applying table 'tbl_log_probe89'
t=0.041 sw=1 flow=1 pkt=41 | [12:13:07.345] [bmv2] [D] [thread 70182] [41.0] [cxt 0] Looking up key:
t=0.041 sw=1 flow=1 pkt=41 | [12:13:07.345] [bmv2] [D] [thread 70182] [41.0] [cxt 0] Table 'tbl_log_probe89': miss
t=0.041 sw=1 flow=1 pkt=41 | [12:13:07.345] [bmv2] [D] [thread 70182] [41.0] [cxt 0] Action entry is log_probe89 - 
t=0.041 sw=1 flow=1 pkt=41 | [12:13:07.345] [bmv2] [T] [thread 70182] [41.0] [cxt 0] Action log_probe89
t=0.041 sw=1 flow=1 pkt=41 | [12:13:07.346] [bmv2] [T] [thread 70182] [41.0] [cxt 0] log_probe.p4(89) Primitive shared_counters.read(n, 32w0)
t=0.041 sw=1 flow=1 pkt=41 | [12:13:07.346] [bmv2] [T] [thread 70182] [41.0] [cxt 0] Read register 'shared_counters' at index 0 read value 82
t=0.041 sw=1 flow=1 pkt=41 | [12:13:07.346] [bmv2] [T] [thread 70182] [41.0] [cxt 0] log_probe.p4(90) Primitive n + 1
t=0.041 sw=1 flow=1 pkt=41 | [12:13:07.346] [bmv2] [T] [thread 70182] [41.0] [cxt 0] log_probe.p4(90) Primitive shared_counters.write(32w0, n + 1)
t=0.041 sw=1 flow=1 pkt=41 | [12:13:07.346] [bmv2] [T] [thread 70182] [41.0] [cxt 0] Wrote register 'shared_counters' at index 0 with value 83
t=0.041 sw=1 flow=1 pkt=41 | [12:13:07.346] [bmv2] [T] [thread 70182] [41.0] [cxt 0] log_probe.p4(93) Primitive hdr.ipv4.dstAddr
t=0.041 sw=1 flow=1 pkt=41 | [12:13:07.346] [bmv2] [T] [thread 70182] [41.0] [cxt 0] log_probe.p4(93) Primitive hdr.ipv4.ttl
t=0.041 sw=1 flow=1 pkt=41 | [12:13:07.346] [bmv2] [T] [thread 70182] [41.0] [cxt 0] log_probe.p4(93) Primitive n
t=0.041 sw=1 flow=1 pkt=41 | [12:13:07.346] [bmv2] [T] [thread 70182] [41.0] [cxt 0] log_probe.p4(92) Primitive             log_msg(\"INGRESS dst={} ttl={} counter={}\",
t=0.041 sw=1 flow=1 pkt=41 | [12:13:07.346] [bmv2] [I] [thread 70182] INGRESS dst=167837954 ttl=33 counter=82
t=0.041 sw=1 flow=1 pkt=41 | [12:13:07.346] [bmv2] [T] [thread 70182] [41.0] [cxt 0] Applying table 'MyIngress.ipv4_exact'
t=0.041 sw=1 flow=1 pkt=41 | [12:13:07.346] [bmv2] [D] [thread 70182] [41.0] [cxt 0] Looking up key:
t=0.041 sw=1 flow=1 pkt=41 | * hdr.ipv4.dstAddr    : 0a010102
t=0.041 sw=1 flow=1 pkt=41 | [12:13:07.346] [bmv2] [D] [thread 70182] [41.0] [cxt 0] Table 'MyIngress.ipv4_exact': hit with handle 1
t=0.041 sw=1 flow=1 pkt=41 | [12:13:07.346] [bmv2] [D] [thread 70182] [41.0] [cxt 0] Dumping entry 1
t=0.041 sw=1 flow=1 pkt=41 | Match key:
t=0.041 sw=1 flow=1 pkt=41 | * hdr.ipv4.dstAddr    : EXACT     0a010102
t=0.041 sw=1 flow=1 pkt=41 | Action entry: MyIngress.forward - 1,
t=0.041 sw=1 flow=1 pkt=41 | [12:13:07.346] [bmv2] [D] [thread 70182] [41.0] [cxt 0] Action entry is MyIngress.forward - 1,
t=0.041 sw=1 flow=1 pkt=41 | [12:13:07.346] [bmv2] [T] [thread 70182] [41.0] [cxt 0] Action MyIngress.forward
t=0.041 sw=1 flow=1 pkt=41 | [12:13:07.346] [bmv2] [T] [thread 70182] [41.0] [cxt 0] log_probe.p4(70) Primitive standard_metadata.egress_spec = port
t=0.041 sw=1 flow=1 pkt=41 | [12:13:07.346] [bmv2] [T] [thread 70182] [41.0] [cxt 0] log_probe.p4(71) Primitive hdr.ipv4.ttl = hdr.ipv4.ttl - 1
t=0.041 sw=1 flow=1 pkt=41 | [12:13:07.346] [bmv2] [T] [thread 70182] [41.0] [cxt 0] Applying table 'tbl_log_probe95'
t=0.041 sw=1 flow=1 pkt=41 | [12:13:07.346] [bmv2] [D] [thread 70182] [41.0] [cxt 0] Looking up key:
t=0.041 sw=1 flow=1 pkt=41 | [12:13:07.346] [bmv2] [D] [thread 70182] [41.0] [cxt 0] Table 'tbl_log_probe95': miss
t=0.041 sw=1 flow=1 pkt=41 | [12:13:07.346] [bmv2] [D] [thread 70182] [41.0] [cxt 0] Action entry is log_probe95 - 
t=0.041 sw=1 flow=1 pkt=41 | [12:13:07.346] [bmv2] [T] [thread 70182] [41.0] [cxt 0] Action log_probe95
t=0.041 sw=1 flow=1 pkt=41 | [12:13:07.346] [bmv2] [T] [thread 70182] [41.0] [cxt 0] log_probe.p4(95) Primitive             log_msg(\"INGRESS decided egress_spec={}\", {standard_metadata.egress_spec});
t=0.041 sw=1 flow=1 pkt=41 | [12:13:07.346] [bmv2] [T] [thread 70182] [41.0] [cxt 0] log_probe.p4(95) Primitive             log_msg(\"INGRESS decided egress_spec={}\", {standard_metadata.egress_spec});
t=0.041 sw=1 flow=1 pkt=41 | [12:13:07.346] [bmv2] [I] [thread 70182] INGRESS decided egress_spec=1
t=0.041 sw=1 flow=1 pkt=41 | [12:13:07.346] [bmv2] [D] [thread 70182] [41.0] [cxt 0] Pipeline 'ingress': end
t=0.041 sw=1 flow=1 pkt=41 | [12:13:07.346] [bmv2] [D] [thread 70182] [41.0] [cxt 0] Pipeline 'egress': start
t=0.041 sw=1 flow=1 pkt=41 | [12:13:07.346] [bmv2] [T] [thread 70182] [41.0] [cxt 0] log_probe.p4(103) Condition "hdr.ipv4.isValid()" (node_8) is true
t=0.041 sw=1 flow=1 pkt=41 | [12:13:07.346] [bmv2] [T] [thread 70182] [41.0] [cxt 0] Applying table 'tbl_log_probe106'
t=0.041 sw=1 flow=1 pkt=41 | [12:13:07.346] [bmv2] [D] [thread 70182] [41.0] [cxt 0] Looking up key:
t=0.041 sw=1 flow=1 pkt=41 | [12:13:07.346] [bmv2] [D] [thread 70182] [41.0] [cxt 0] Table 'tbl_log_probe106': miss
t=0.041 sw=1 flow=1 pkt=41 | [12:13:07.346] [bmv2] [D] [thread 70182] [41.0] [cxt 0] Action entry is log_probe106 - 
t=0.041 sw=1 flow=1 pkt=41 | [12:13:07.346] [bmv2] [T] [thread 70182] [41.0] [cxt 0] Action log_probe106
t=0.041 sw=1 flow=1 pkt=41 | [12:13:07.346] [bmv2] [T] [thread 70182] [41.0] [cxt 0] log_probe.p4(106) Primitive shared_counters.read(n, 32w0)
t=0.041 sw=1 flow=1 pkt=41 | [12:13:07.346] [bmv2] [T] [thread 70182] [41.0] [cxt 0] Read register 'shared_counters' at index 0 read value 83
t=0.041 sw=1 flow=1 pkt=41 | [12:13:07.346] [bmv2] [T] [thread 70182] [41.0] [cxt 0] log_probe.p4(107) Primitive n + 1
t=0.041 sw=1 flow=1 pkt=41 | [12:13:07.346] [bmv2] [T] [thread 70182] [41.0] [cxt 0] log_probe.p4(107) Primitive shared_counters.write(32w0, n + 1)
t=0.041 sw=1 flow=1 pkt=41 | [12:13:07.346] [bmv2] [T] [thread 70182] [41.0] [cxt 0] Wrote register 'shared_counters' at index 0 with value 84
t=0.041 sw=1 flow=1 pkt=41 | [12:13:07.346] [bmv2] [T] [thread 70182] [41.0] [cxt 0] log_probe.p4(111) Primitive shared_counters.read(e, 32w1)
t=0.041 sw=1 flow=1 pkt=41 | [12:13:07.346] [bmv2] [T] [thread 70182] [41.0] [cxt 0] Read register 'shared_counters' at index 1 read value 41
t=0.041 sw=1 flow=1 pkt=41 | [12:13:07.346] [bmv2] [T] [thread 70182] [41.0] [cxt 0] log_probe.p4(112) Primitive e + 1
t=0.041 sw=1 flow=1 pkt=41 | [12:13:07.346] [bmv2] [T] [thread 70182] [41.0] [cxt 0] log_probe.p4(112) Primitive shared_counters.write(32w1, e + 1)
t=0.041 sw=1 flow=1 pkt=41 | [12:13:07.346] [bmv2] [T] [thread 70182] [41.0] [cxt 0] Wrote register 'shared_counters' at index 1 with value 42
t=0.041 sw=1 flow=1 pkt=41 | [12:13:07.346] [bmv2] [D] [thread 70182] [41.0] [cxt 0] Pipeline 'egress': end
t=0.041 sw=1 flow=1 pkt=41 | [12:13:07.346] [bmv2] [D] [thread 70182] [41.0] [cxt 0] Deparser 'deparser': start
t=0.041 sw=1 flow=1 pkt=41 | [12:13:07.346] [bmv2] [D] [thread 70182] [41.0] [cxt 0] Deparsing header 'ethernet'
t=0.041 sw=1 flow=1 pkt=41 | [12:13:07.346] [bmv2] [D] [thread 70182] [41.0] [cxt 0] Deparsing header 'ipv4'
t=0.041 sw=1 flow=1 pkt=41 | [12:13:07.346] [bmv2] [D] [thread 70182] [41.0] [cxt 0] Deparser 'deparser': end
t=0.042 sw=1 flow=0 pkt=42 | [12:13:07.346] [bmv2] [D] [thread 70182] [42.0] [cxt 0] Parser 'parser': start
t=0.042 sw=1 flow=0 pkt=42 | [12:13:07.346] [bmv2] [D] [thread 70182] [42.0] [cxt 0] Parser 'parser' entering state 'start'
t=0.042 sw=1 flow=0 pkt=42 | [12:13:07.346] [bmv2] [D] [thread 70182] [42.0] [cxt 0] Extracting header 'ethernet'
t=0.042 sw=1 flow=0 pkt=42 | [12:13:07.346] [bmv2] [D] [thread 70182] [42.0] [cxt 0] Parser state 'start': key is 0800
t=0.042 sw=1 flow=0 pkt=42 | [12:13:07.346] [bmv2] [T] [thread 70182] [42.0] [cxt 0] Bytes parsed: 14
t=0.042 sw=1 flow=0 pkt=42 | [12:13:07.346] [bmv2] [D] [thread 70182] [42.0] [cxt 0] Parser 'parser' entering state 'parse_ipv4'
t=0.042 sw=1 flow=0 pkt=42 | [12:13:07.346] [bmv2] [D] [thread 70182] [42.0] [cxt 0] Extracting header 'ipv4'
t=0.042 sw=1 flow=0 pkt=42 | [12:13:07.346] [bmv2] [D] [thread 70182] [42.0] [cxt 0] Parser state 'parse_ipv4' has no switch, going to default next state
t=0.042 sw=1 flow=0 pkt=42 | [12:13:07.346] [bmv2] [T] [thread 70182] [42.0] [cxt 0] Bytes parsed: 34
t=0.042 sw=1 flow=0 pkt=42 | [12:13:07.346] [bmv2] [D] [thread 70182] [42.0] [cxt 0] Parser 'parser': end
t=0.042 sw=1 flow=0 pkt=42 | [12:13:07.346] [bmv2] [D] [thread 70182] [42.0] [cxt 0] Pipeline 'ingress': start
t=0.042 sw=1 flow=0 pkt=42 | [12:13:07.346] [bmv2] [T] [thread 70182] [42.0] [cxt 0] log_probe.p4(87) Condition "hdr.ipv4.isValid()" (node_2) is true
t=0.042 sw=1 flow=0 pkt=42 | [12:13:07.346] [bmv2] [T] [thread 70182] [42.0] [cxt 0] Applying table 'tbl_log_probe89'
t=0.042 sw=1 flow=0 pkt=42 | [12:13:07.346] [bmv2] [D] [thread 70182] [42.0] [cxt 0] Looking up key:
t=0.042 sw=1 flow=0 pkt=42 | [12:13:07.346] [bmv2] [D] [thread 70182] [42.0] [cxt 0] Table 'tbl_log_probe89': miss
t=0.042 sw=1 flow=0 pkt=42 | [12:13:07.346] [bmv2] [D] [thread 70182] [42.0] [cxt 0] Action entry is log_probe89 - 
t=0.042 sw=1 flow=0 pkt=42 | [12:13:07.346] [bmv2] [T] [thread 70182] [42.0] [cxt 0] Action log_probe89
t=0.042 sw=1 flow=0 pkt=42 | [12:13:07.346] [bmv2] [T] [thread 70182] [42.0] [cxt 0] log_probe.p4(89) Primitive shared_counters.read(n, 32w0)
t=0.042 sw=1 flow=0 pkt=42 | [12:13:07.346] [bmv2] [T] [thread 70182] [42.0] [cxt 0] Read register 'shared_counters' at index 0 read value 84
t=0.042 sw=1 flow=0 pkt=42 | [12:13:07.346] [bmv2] [T] [thread 70182] [42.0] [cxt 0] log_probe.p4(90) Primitive n + 1
t=0.042 sw=1 flow=0 pkt=42 | [12:13:07.346] [bmv2] [T] [thread 70182] [42.0] [cxt 0] log_probe.p4(90) Primitive shared_counters.write(32w0, n + 1)
t=0.042 sw=1 flow=0 pkt=42 | [12:13:07.346] [bmv2] [T] [thread 70182] [42.0] [cxt 0] Wrote register 'shared_counters' at index 0 with value 85
t=0.042 sw=1 flow=0 pkt=42 | [12:13:07.346] [bmv2] [T] [thread 70182] [42.0] [cxt 0] log_probe.p4(93) Primitive hdr.ipv4.dstAddr
t=0.042 sw=1 flow=0 pkt=42 | [12:13:07.346] [bmv2] [T] [thread 70182] [42.0] [cxt 0] log_probe.p4(93) Primitive hdr.ipv4.ttl
t=0.042 sw=1 flow=0 pkt=42 | [12:13:07.346] [bmv2] [T] [thread 70182] [42.0] [cxt 0] log_probe.p4(93) Primitive n
t=0.042 sw=1 flow=0 pkt=42 | [12:13:07.346] [bmv2] [T] [thread 70182] [42.0] [cxt 0] log_probe.p4(92) Primitive             log_msg(\"INGRESS dst={} ttl={} counter={}\",
t=0.042 sw=1 flow=0 pkt=42 | [12:13:07.346] [bmv2] [I] [thread 70182] INGRESS dst=167837953 ttl=34 counter=84
t=0.042 sw=1 flow=0 pkt=42 | [12:13:07.347] [bmv2] [T] [thread 70182] [42.0] [cxt 0] Applying table 'MyIngress.ipv4_exact'
t=0.042 sw=1 flow=0 pkt=42 | [12:13:07.347] [bmv2] [D] [thread 70182] [42.0] [cxt 0] Looking up key:
t=0.042 sw=1 flow=0 pkt=42 | * hdr.ipv4.dstAddr    : 0a010101
t=0.042 sw=1 flow=0 pkt=42 | [12:13:07.347] [bmv2] [D] [thread 70182] [42.0] [cxt 0] Table 'MyIngress.ipv4_exact': hit with handle 0
t=0.042 sw=1 flow=0 pkt=42 | [12:13:07.347] [bmv2] [D] [thread 70182] [42.0] [cxt 0] Dumping entry 0
t=0.042 sw=1 flow=0 pkt=42 | Match key:
t=0.042 sw=1 flow=0 pkt=42 | * hdr.ipv4.dstAddr    : EXACT     0a010101
t=0.042 sw=1 flow=0 pkt=42 | Action entry: MyIngress.forward - 0,
t=0.042 sw=1 flow=0 pkt=42 | [12:13:07.347] [bmv2] [D] [thread 70182] [42.0] [cxt 0] Action entry is MyIngress.forward - 0,
t=0.042 sw=1 flow=0 pkt=42 | [12:13:07.347] [bmv2] [T] [thread 70182] [42.0] [cxt 0] Action MyIngress.forward
t=0.042 sw=1 flow=0 pkt=42 | [12:13:07.347] [bmv2] [T] [thread 70182] [42.0] [cxt 0] log_probe.p4(70) Primitive standard_metadata.egress_spec = port
t=0.042 sw=1 flow=0 pkt=42 | [12:13:07.347] [bmv2] [T] [thread 70182] [42.0] [cxt 0] log_probe.p4(71) Primitive hdr.ipv4.ttl = hdr.ipv4.ttl - 1
t=0.042 sw=1 flow=0 pkt=42 | [12:13:07.347] [bmv2] [T] [thread 70182] [42.0] [cxt 0] Applying table 'tbl_log_probe95'
t=0.042 sw=1 flow=0 pkt=42 | [12:13:07.347] [bmv2] [D] [thread 70182] [42.0] [cxt 0] Looking up key:
t=0.042 sw=1 flow=0 pkt=42 | [12:13:07.347] [bmv2] [D] [thread 70182] [42.0] [cxt 0] Table 'tbl_log_probe95': miss
t=0.042 sw=1 flow=0 pkt=42 | [12:13:07.347] [bmv2] [D] [thread 70182] [42.0] [cxt 0] Action entry is log_probe95 - 
t=0.042 sw=1 flow=0 pkt=42 | [12:13:07.347] [bmv2] [T] [thread 70182] [42.0] [cxt 0] Action log_probe95
t=0.042 sw=1 flow=0 pkt=42 | [12:13:07.347] [bmv2] [T] [thread 70182] [42.0] [cxt 0] log_probe.p4(95) Primitive             log_msg(\"INGRESS decided egress_spec={}\", {standard_metadata.egress_spec});
t=0.042 sw=1 flow=0 pkt=42 | [12:13:07.347] [bmv2] [T] [thread 70182] [42.0] [cxt 0] log_probe.p4(95) Primitive             log_msg(\"INGRESS decided egress_spec={}\", {standard_metadata.egress_spec});
t=0.042 sw=1 flow=0 pkt=42 | [12:13:07.347] [bmv2] [I] [thread 70182] INGRESS decided egress_spec=0
t=0.042 sw=1 flow=0 pkt=42 | [12:13:07.347] [bmv2] [D] [thread 70182] [42.0] [cxt 0] Pipeline 'ingress': end
t=0.042 sw=1 flow=0 pkt=42 | [12:13:07.347] [bmv2] [D] [thread 70182] [42.0] [cxt 0] Pipeline 'egress': start
t=0.042 sw=1 flow=0 pkt=42 | [12:13:07.347] [bmv2] [T] [thread 70182] [42.0] [cxt 0] log_probe.p4(103) Condition "hdr.ipv4.isValid()" (node_8) is true
t=0.042 sw=1 flow=0 pkt=42 | [12:13:07.347] [bmv2] [T] [thread 70182] [42.0] [cxt 0] Applying table 'tbl_log_probe106'
t=0.042 sw=1 flow=0 pkt=42 | [12:13:07.347] [bmv2] [D] [thread 70182] [42.0] [cxt 0] Looking up key:
t=0.042 sw=1 flow=0 pkt=42 | [12:13:07.347] [bmv2] [D] [thread 70182] [42.0] [cxt 0] Table 'tbl_log_probe106': miss
t=0.042 sw=1 flow=0 pkt=42 | [12:13:07.347] [bmv2] [D] [thread 70182] [42.0] [cxt 0] Action entry is log_probe106 - 
t=0.042 sw=1 flow=0 pkt=42 | [12:13:07.347] [bmv2] [T] [thread 70182] [42.0] [cxt 0] Action log_probe106
t=0.042 sw=1 flow=0 pkt=42 | [12:13:07.347] [bmv2] [T] [thread 70182] [42.0] [cxt 0] log_probe.p4(106) Primitive shared_counters.read(n, 32w0)
t=0.042 sw=1 flow=0 pkt=42 | [12:13:07.347] [bmv2] [T] [thread 70182] [42.0] [cxt 0] Read register 'shared_counters' at index 0 read value 85
t=0.042 sw=1 flow=0 pkt=42 | [12:13:07.347] [bmv2] [T] [thread 70182] [42.0] [cxt 0] log_probe.p4(107) Primitive n + 1
t=0.042 sw=1 flow=0 pkt=42 | [12:13:07.347] [bmv2] [T] [thread 70182] [42.0] [cxt 0] log_probe.p4(107) Primitive shared_counters.write(32w0, n + 1)
t=0.042 sw=1 flow=0 pkt=42 | [12:13:07.347] [bmv2] [T] [thread 70182] [42.0] [cxt 0] Wrote register 'shared_counters' at index 0 with value 86
t=0.042 sw=1 flow=0 pkt=42 | [12:13:07.347] [bmv2] [T] [thread 70182] [42.0] [cxt 0] log_probe.p4(111) Primitive shared_counters.read(e, 32w1)
t=0.042 sw=1 flow=0 pkt=42 | [12:13:07.347] [bmv2] [T] [thread 70182] [42.0] [cxt 0] Read register 'shared_counters' at index 1 read value 42
t=0.042 sw=1 flow=0 pkt=42 | [12:13:07.347] [bmv2] [T] [thread 70182] [42.0] [cxt 0] log_probe.p4(112) Primitive e + 1
t=0.042 sw=1 flow=0 pkt=42 | [12:13:07.347] [bmv2] [T] [thread 70182] [42.0] [cxt 0] log_probe.p4(112) Primitive shared_counters.write(32w1, e + 1)
t=0.042 sw=1 flow=0 pkt=42 | [12:13:07.347] [bmv2] [T] [thread 70182] [42.0] [cxt 0] Wrote register 'shared_counters' at index 1 with value 43
t=0.042 sw=1 flow=0 pkt=42 | [12:13:07.347] [bmv2] [D] [thread 70182] [42.0] [cxt 0] Pipeline 'egress': end
t=0.042 sw=1 flow=0 pkt=42 | [12:13:07.347] [bmv2] [D] [thread 70182] [42.0] [cxt 0] Deparser 'deparser': start
t=0.042 sw=1 flow=0 pkt=42 | [12:13:07.347] [bmv2] [D] [thread 70182] [42.0] [cxt 0] Deparsing header 'ethernet'
t=0.042 sw=1 flow=0 pkt=42 | [12:13:07.347] [bmv2] [D] [thread 70182] [42.0] [cxt 0] Deparsing header 'ipv4'
t=0.042 sw=1 flow=0 pkt=42 | [12:13:07.347] [bmv2] [D] [thread 70182] [42.0] [cxt 0] Deparser 'deparser': end
t=0.043 sw=1 flow=1 pkt=43 | [12:13:07.347] [bmv2] [D] [thread 70182] [43.0] [cxt 0] Parser 'parser': start
t=0.043 sw=1 flow=1 pkt=43 | [12:13:07.347] [bmv2] [D] [thread 70182] [43.0] [cxt 0] Parser 'parser' entering state 'start'
t=0.043 sw=1 flow=1 pkt=43 | [12:13:07.347] [bmv2] [D] [thread 70182] [43.0] [cxt 0] Extracting header 'ethernet'
t=0.043 sw=1 flow=1 pkt=43 | [12:13:07.347] [bmv2] [D] [thread 70182] [43.0] [cxt 0] Parser state 'start': key is 0800
t=0.043 sw=1 flow=1 pkt=43 | [12:13:07.347] [bmv2] [T] [thread 70182] [43.0] [cxt 0] Bytes parsed: 14
t=0.043 sw=1 flow=1 pkt=43 | [12:13:07.347] [bmv2] [D] [thread 70182] [43.0] [cxt 0] Parser 'parser' entering state 'parse_ipv4'
t=0.043 sw=1 flow=1 pkt=43 | [12:13:07.347] [bmv2] [D] [thread 70182] [43.0] [cxt 0] Extracting header 'ipv4'
t=0.043 sw=1 flow=1 pkt=43 | [12:13:07.347] [bmv2] [D] [thread 70182] [43.0] [cxt 0] Parser state 'parse_ipv4' has no switch, going to default next state
t=0.043 sw=1 flow=1 pkt=43 | [12:13:07.347] [bmv2] [T] [thread 70182] [43.0] [cxt 0] Bytes parsed: 34
t=0.043 sw=1 flow=1 pkt=43 | [12:13:07.347] [bmv2] [D] [thread 70182] [43.0] [cxt 0] Parser 'parser': end
t=0.043 sw=1 flow=1 pkt=43 | [12:13:07.347] [bmv2] [D] [thread 70182] [43.0] [cxt 0] Pipeline 'ingress': start
t=0.043 sw=1 flow=1 pkt=43 | [12:13:07.347] [bmv2] [T] [thread 70182] [43.0] [cxt 0] log_probe.p4(87) Condition "hdr.ipv4.isValid()" (node_2) is true
t=0.043 sw=1 flow=1 pkt=43 | [12:13:07.347] [bmv2] [T] [thread 70182] [43.0] [cxt 0] Applying table 'tbl_log_probe89'
t=0.043 sw=1 flow=1 pkt=43 | [12:13:07.347] [bmv2] [D] [thread 70182] [43.0] [cxt 0] Looking up key:
t=0.043 sw=1 flow=1 pkt=43 | [12:13:07.347] [bmv2] [D] [thread 70182] [43.0] [cxt 0] Table 'tbl_log_probe89': miss
t=0.043 sw=1 flow=1 pkt=43 | [12:13:07.347] [bmv2] [D] [thread 70182] [43.0] [cxt 0] Action entry is log_probe89 - 
t=0.043 sw=1 flow=1 pkt=43 | [12:13:07.347] [bmv2] [T] [thread 70182] [43.0] [cxt 0] Action log_probe89
t=0.043 sw=1 flow=1 pkt=43 | [12:13:07.347] [bmv2] [T] [thread 70182] [43.0] [cxt 0] log_probe.p4(89) Primitive shared_counters.read(n, 32w0)
t=0.043 sw=1 flow=1 pkt=43 | [12:13:07.347] [bmv2] [T] [thread 70182] [43.0] [cxt 0] Read register 'shared_counters' at index 0 read value 86
t=0.043 sw=1 flow=1 pkt=43 | [12:13:07.347] [bmv2] [T] [thread 70182] [43.0] [cxt 0] log_probe.p4(90) Primitive n + 1
t=0.043 sw=1 flow=1 pkt=43 | [12:13:07.347] [bmv2] [T] [thread 70182] [43.0] [cxt 0] log_probe.p4(90) Primitive shared_counters.write(32w0, n + 1)
t=0.043 sw=1 flow=1 pkt=43 | [12:13:07.347] [bmv2] [T] [thread 70182] [43.0] [cxt 0] Wrote register 'shared_counters' at index 0 with value 87
t=0.043 sw=1 flow=1 pkt=43 | [12:13:07.347] [bmv2] [T] [thread 70182] [43.0] [cxt 0] log_probe.p4(93) Primitive hdr.ipv4.dstAddr
t=0.043 sw=1 flow=1 pkt=43 | [12:13:07.347] [bmv2] [T] [thread 70182] [43.0] [cxt 0] log_probe.p4(93) Primitive hdr.ipv4.ttl
t=0.043 sw=1 flow=1 pkt=43 | [12:13:07.347] [bmv2] [T] [thread 70182] [43.0] [cxt 0] log_probe.p4(93) Primitive n
t=0.043 sw=1 flow=1 pkt=43 | [12:13:07.347] [bmv2] [T] [thread 70182] [43.0] [cxt 0] log_probe.p4(92) Primitive             log_msg(\"INGRESS dst={} ttl={} counter={}\",
t=0.043 sw=1 flow=1 pkt=43 | [12:13:07.347] [bmv2] [I] [thread 70182] INGRESS dst=167837954 ttl=35 counter=86
t=0.043 sw=1 flow=1 pkt=43 | [12:13:07.347] [bmv2] [T] [thread 70182] [43.0] [cxt 0] Applying table 'MyIngress.ipv4_exact'
t=0.043 sw=1 flow=1 pkt=43 | [12:13:07.347] [bmv2] [D] [thread 70182] [43.0] [cxt 0] Looking up key:
t=0.043 sw=1 flow=1 pkt=43 | * hdr.ipv4.dstAddr    : 0a010102
t=0.043 sw=1 flow=1 pkt=43 | [12:13:07.347] [bmv2] [D] [thread 70182] [43.0] [cxt 0] Table 'MyIngress.ipv4_exact': hit with handle 1
t=0.043 sw=1 flow=1 pkt=43 | [12:13:07.347] [bmv2] [D] [thread 70182] [43.0] [cxt 0] Dumping entry 1
t=0.043 sw=1 flow=1 pkt=43 | Match key:
t=0.043 sw=1 flow=1 pkt=43 | * hdr.ipv4.dstAddr    : EXACT     0a010102
t=0.043 sw=1 flow=1 pkt=43 | Action entry: MyIngress.forward - 1,
t=0.043 sw=1 flow=1 pkt=43 | [12:13:07.347] [bmv2] [D] [thread 70182] [43.0] [cxt 0] Action entry is MyIngress.forward - 1,
t=0.043 sw=1 flow=1 pkt=43 | [12:13:07.347] [bmv2] [T] [thread 70182] [43.0] [cxt 0] Action MyIngress.forward
t=0.043 sw=1 flow=1 pkt=43 | [12:13:07.347] [bmv2] [T] [thread 70182] [43.0] [cxt 0] log_probe.p4(70) Primitive standard_metadata.egress_spec = port
t=0.043 sw=1 flow=1 pkt=43 | [12:13:07.347] [bmv2] [T] [thread 70182] [43.0] [cxt 0] log_probe.p4(71) Primitive hdr.ipv4.ttl = hdr.ipv4.ttl - 1
t=0.043 sw=1 flow=1 pkt=43 | [12:13:07.347] [bmv2] [T] [thread 70182] [43.0] [cxt 0] Applying table 'tbl_log_probe95'
t=0.043 sw=1 flow=1 pkt=43 | [12:13:07.348] [bmv2] [D] [thread 70182] [43.0] [cxt 0] Looking up key:
t=0.043 sw=1 flow=1 pkt=43 | [12:13:07.348] [bmv2] [D] [thread 70182] [43.0] [cxt 0] Table 'tbl_log_probe95': miss
t=0.043 sw=1 flow=1 pkt=43 | [12:13:07.348] [bmv2] [D] [thread 70182] [43.0] [cxt 0] Action entry is log_probe95 - 
t=0.043 sw=1 flow=1 pkt=43 | [12:13:07.348] [bmv2] [T] [thread 70182] [43.0] [cxt 0] Action log_probe95
t=0.043 sw=1 flow=1 pkt=43 | [12:13:07.348] [bmv2] [T] [thread 70182] [43.0] [cxt 0] log_probe.p4(95) Primitive             log_msg(\"INGRESS decided egress_spec={}\", {standard_metadata.egress_spec});
t=0.043 sw=1 flow=1 pkt=43 | [12:13:07.348] [bmv2] [T] [thread 70182] [43.0] [cxt 0] log_probe.p4(95) Primitive             log_msg(\"INGRESS decided egress_spec={}\", {standard_metadata.egress_spec});
t=0.043 sw=1 flow=1 pkt=43 | [12:13:07.348] [bmv2] [I] [thread 70182] INGRESS decided egress_spec=1
t=0.043 sw=1 flow=1 pkt=43 | [12:13:07.348] [bmv2] [D] [thread 70182] [43.0] [cxt 0] Pipeline 'ingress': end
t=0.043 sw=1 flow=1 pkt=43 | [12:13:07.348] [bmv2] [D] [thread 70182] [43.0] [cxt 0] Pipeline 'egress': start
t=0.043 sw=1 flow=1 pkt=43 | [12:13:07.348] [bmv2] [T] [thread 70182] [43.0] [cxt 0] log_probe.p4(103) Condition "hdr.ipv4.isValid()" (node_8) is true
t=0.043 sw=1 flow=1 pkt=43 | [12:13:07.348] [bmv2] [T] [thread 70182] [43.0] [cxt 0] Applying table 'tbl_log_probe106'
t=0.043 sw=1 flow=1 pkt=43 | [12:13:07.348] [bmv2] [D] [thread 70182] [43.0] [cxt 0] Looking up key:
t=0.043 sw=1 flow=1 pkt=43 | [12:13:07.348] [bmv2] [D] [thread 70182] [43.0] [cxt 0] Table 'tbl_log_probe106': miss
t=0.043 sw=1 flow=1 pkt=43 | [12:13:07.348] [bmv2] [D] [thread 70182] [43.0] [cxt 0] Action entry is log_probe106 - 
t=0.043 sw=1 flow=1 pkt=43 | [12:13:07.348] [bmv2] [T] [thread 70182] [43.0] [cxt 0] Action log_probe106
t=0.043 sw=1 flow=1 pkt=43 | [12:13:07.348] [bmv2] [T] [thread 70182] [43.0] [cxt 0] log_probe.p4(106) Primitive shared_counters.read(n, 32w0)
t=0.043 sw=1 flow=1 pkt=43 | [12:13:07.348] [bmv2] [T] [thread 70182] [43.0] [cxt 0] Read register 'shared_counters' at index 0 read value 87
t=0.043 sw=1 flow=1 pkt=43 | [12:13:07.348] [bmv2] [T] [thread 70182] [43.0] [cxt 0] log_probe.p4(107) Primitive n + 1
t=0.043 sw=1 flow=1 pkt=43 | [12:13:07.348] [bmv2] [T] [thread 70182] [43.0] [cxt 0] log_probe.p4(107) Primitive shared_counters.write(32w0, n + 1)
t=0.043 sw=1 flow=1 pkt=43 | [12:13:07.348] [bmv2] [T] [thread 70182] [43.0] [cxt 0] Wrote register 'shared_counters' at index 0 with value 88
t=0.043 sw=1 flow=1 pkt=43 | [12:13:07.348] [bmv2] [T] [thread 70182] [43.0] [cxt 0] log_probe.p4(111) Primitive shared_counters.read(e, 32w1)
t=0.043 sw=1 flow=1 pkt=43 | [12:13:07.348] [bmv2] [T] [thread 70182] [43.0] [cxt 0] Read register 'shared_counters' at index 1 read value 43
t=0.043 sw=1 flow=1 pkt=43 | [12:13:07.348] [bmv2] [T] [thread 70182] [43.0] [cxt 0] log_probe.p4(112) Primitive e + 1
t=0.043 sw=1 flow=1 pkt=43 | [12:13:07.348] [bmv2] [T] [thread 70182] [43.0] [cxt 0] log_probe.p4(112) Primitive shared_counters.write(32w1, e + 1)
t=0.043 sw=1 flow=1 pkt=43 | [12:13:07.348] [bmv2] [T] [thread 70182] [43.0] [cxt 0] Wrote register 'shared_counters' at index 1 with value 44
t=0.043 sw=1 flow=1 pkt=43 | [12:13:07.348] [bmv2] [D] [thread 70182] [43.0] [cxt 0] Pipeline 'egress': end
t=0.043 sw=1 flow=1 pkt=43 | [12:13:07.348] [bmv2] [D] [thread 70182] [43.0] [cxt 0] Deparser 'deparser': start
t=0.043 sw=1 flow=1 pkt=43 | [12:13:07.348] [bmv2] [D] [thread 70182] [43.0] [cxt 0] Deparsing header 'ethernet'
t=0.043 sw=1 flow=1 pkt=43 | [12:13:07.348] [bmv2] [D] [thread 70182] [43.0] [cxt 0] Deparsing header 'ipv4'
t=0.043 sw=1 flow=1 pkt=43 | [12:13:07.348] [bmv2] [D] [thread 70182] [43.0] [cxt 0] Deparser 'deparser': end
t=0.044 sw=1 flow=0 pkt=44 | [12:13:07.348] [bmv2] [D] [thread 70182] [44.0] [cxt 0] Parser 'parser': start
t=0.044 sw=1 flow=0 pkt=44 | [12:13:07.348] [bmv2] [D] [thread 70182] [44.0] [cxt 0] Parser 'parser' entering state 'start'
t=0.044 sw=1 flow=0 pkt=44 | [12:13:07.348] [bmv2] [D] [thread 70182] [44.0] [cxt 0] Extracting header 'ethernet'
t=0.044 sw=1 flow=0 pkt=44 | [12:13:07.348] [bmv2] [D] [thread 70182] [44.0] [cxt 0] Parser state 'start': key is 0800
t=0.044 sw=1 flow=0 pkt=44 | [12:13:07.348] [bmv2] [T] [thread 70182] [44.0] [cxt 0] Bytes parsed: 14
t=0.044 sw=1 flow=0 pkt=44 | [12:13:07.348] [bmv2] [D] [thread 70182] [44.0] [cxt 0] Parser 'parser' entering state 'parse_ipv4'
t=0.044 sw=1 flow=0 pkt=44 | [12:13:07.348] [bmv2] [D] [thread 70182] [44.0] [cxt 0] Extracting header 'ipv4'
t=0.044 sw=1 flow=0 pkt=44 | [12:13:07.348] [bmv2] [D] [thread 70182] [44.0] [cxt 0] Parser state 'parse_ipv4' has no switch, going to default next state
t=0.044 sw=1 flow=0 pkt=44 | [12:13:07.348] [bmv2] [T] [thread 70182] [44.0] [cxt 0] Bytes parsed: 34
t=0.044 sw=1 flow=0 pkt=44 | [12:13:07.348] [bmv2] [D] [thread 70182] [44.0] [cxt 0] Parser 'parser': end
t=0.044 sw=1 flow=0 pkt=44 | [12:13:07.348] [bmv2] [D] [thread 70182] [44.0] [cxt 0] Pipeline 'ingress': start
t=0.044 sw=1 flow=0 pkt=44 | [12:13:07.348] [bmv2] [T] [thread 70182] [44.0] [cxt 0] log_probe.p4(87) Condition "hdr.ipv4.isValid()" (node_2) is true
t=0.044 sw=1 flow=0 pkt=44 | [12:13:07.348] [bmv2] [T] [thread 70182] [44.0] [cxt 0] Applying table 'tbl_log_probe89'
t=0.044 sw=1 flow=0 pkt=44 | [12:13:07.348] [bmv2] [D] [thread 70182] [44.0] [cxt 0] Looking up key:
t=0.044 sw=1 flow=0 pkt=44 | [12:13:07.348] [bmv2] [D] [thread 70182] [44.0] [cxt 0] Table 'tbl_log_probe89': miss
t=0.044 sw=1 flow=0 pkt=44 | [12:13:07.348] [bmv2] [D] [thread 70182] [44.0] [cxt 0] Action entry is log_probe89 - 
t=0.044 sw=1 flow=0 pkt=44 | [12:13:07.348] [bmv2] [T] [thread 70182] [44.0] [cxt 0] Action log_probe89
t=0.044 sw=1 flow=0 pkt=44 | [12:13:07.348] [bmv2] [T] [thread 70182] [44.0] [cxt 0] log_probe.p4(89) Primitive shared_counters.read(n, 32w0)
t=0.044 sw=1 flow=0 pkt=44 | [12:13:07.348] [bmv2] [T] [thread 70182] [44.0] [cxt 0] Read register 'shared_counters' at index 0 read value 88
t=0.044 sw=1 flow=0 pkt=44 | [12:13:07.348] [bmv2] [T] [thread 70182] [44.0] [cxt 0] log_probe.p4(90) Primitive n + 1
t=0.044 sw=1 flow=0 pkt=44 | [12:13:07.348] [bmv2] [T] [thread 70182] [44.0] [cxt 0] log_probe.p4(90) Primitive shared_counters.write(32w0, n + 1)
t=0.044 sw=1 flow=0 pkt=44 | [12:13:07.348] [bmv2] [T] [thread 70182] [44.0] [cxt 0] Wrote register 'shared_counters' at index 0 with value 89
t=0.044 sw=1 flow=0 pkt=44 | [12:13:07.348] [bmv2] [T] [thread 70182] [44.0] [cxt 0] log_probe.p4(93) Primitive hdr.ipv4.dstAddr
t=0.044 sw=1 flow=0 pkt=44 | [12:13:07.348] [bmv2] [T] [thread 70182] [44.0] [cxt 0] log_probe.p4(93) Primitive hdr.ipv4.ttl
t=0.044 sw=1 flow=0 pkt=44 | [12:13:07.348] [bmv2] [T] [thread 70182] [44.0] [cxt 0] log_probe.p4(93) Primitive n
t=0.044 sw=1 flow=0 pkt=44 | [12:13:07.348] [bmv2] [T] [thread 70182] [44.0] [cxt 0] log_probe.p4(92) Primitive             log_msg(\"INGRESS dst={} ttl={} counter={}\",
t=0.044 sw=1 flow=0 pkt=44 | [12:13:07.348] [bmv2] [I] [thread 70182] INGRESS dst=167837953 ttl=36 counter=88
t=0.044 sw=1 flow=0 pkt=44 | [12:13:07.348] [bmv2] [T] [thread 70182] [44.0] [cxt 0] Applying table 'MyIngress.ipv4_exact'
t=0.044 sw=1 flow=0 pkt=44 | [12:13:07.348] [bmv2] [D] [thread 70182] [44.0] [cxt 0] Looking up key:
t=0.044 sw=1 flow=0 pkt=44 | * hdr.ipv4.dstAddr    : 0a010101
t=0.044 sw=1 flow=0 pkt=44 | [12:13:07.348] [bmv2] [D] [thread 70182] [44.0] [cxt 0] Table 'MyIngress.ipv4_exact': hit with handle 0
t=0.044 sw=1 flow=0 pkt=44 | [12:13:07.348] [bmv2] [D] [thread 70182] [44.0] [cxt 0] Dumping entry 0
t=0.044 sw=1 flow=0 pkt=44 | Match key:
t=0.044 sw=1 flow=0 pkt=44 | * hdr.ipv4.dstAddr    : EXACT     0a010101
t=0.044 sw=1 flow=0 pkt=44 | Action entry: MyIngress.forward - 0,
t=0.044 sw=1 flow=0 pkt=44 | [12:13:07.348] [bmv2] [D] [thread 70182] [44.0] [cxt 0] Action entry is MyIngress.forward - 0,
t=0.044 sw=1 flow=0 pkt=44 | [12:13:07.348] [bmv2] [T] [thread 70182] [44.0] [cxt 0] Action MyIngress.forward
t=0.044 sw=1 flow=0 pkt=44 | [12:13:07.348] [bmv2] [T] [thread 70182] [44.0] [cxt 0] log_probe.p4(70) Primitive standard_metadata.egress_spec = port
t=0.044 sw=1 flow=0 pkt=44 | [12:13:07.348] [bmv2] [T] [thread 70182] [44.0] [cxt 0] log_probe.p4(71) Primitive hdr.ipv4.ttl = hdr.ipv4.ttl - 1
t=0.044 sw=1 flow=0 pkt=44 | [12:13:07.348] [bmv2] [T] [thread 70182] [44.0] [cxt 0] Applying table 'tbl_log_probe95'
t=0.044 sw=1 flow=0 pkt=44 | [12:13:07.348] [bmv2] [D] [thread 70182] [44.0] [cxt 0] Looking up key:
t=0.044 sw=1 flow=0 pkt=44 | [12:13:07.348] [bmv2] [D] [thread 70182] [44.0] [cxt 0] Table 'tbl_log_probe95': miss
t=0.044 sw=1 flow=0 pkt=44 | [12:13:07.348] [bmv2] [D] [thread 70182] [44.0] [cxt 0] Action entry is log_probe95 - 
t=0.044 sw=1 flow=0 pkt=44 | [12:13:07.348] [bmv2] [T] [thread 70182] [44.0] [cxt 0] Action log_probe95
t=0.044 sw=1 flow=0 pkt=44 | [12:13:07.348] [bmv2] [T] [thread 70182] [44.0] [cxt 0] log_probe.p4(95) Primitive             log_msg(\"INGRESS decided egress_spec={}\", {standard_metadata.egress_spec});
t=0.044 sw=1 flow=0 pkt=44 | [12:13:07.348] [bmv2] [T] [thread 70182] [44.0] [cxt 0] log_probe.p4(95) Primitive             log_msg(\"INGRESS decided egress_spec={}\", {standard_metadata.egress_spec});
t=0.044 sw=1 flow=0 pkt=44 | [12:13:07.348] [bmv2] [I] [thread 70182] INGRESS decided egress_spec=0
t=0.044 sw=1 flow=0 pkt=44 | [12:13:07.348] [bmv2] [D] [thread 70182] [44.0] [cxt 0] Pipeline 'ingress': end
t=0.044 sw=1 flow=0 pkt=44 | [12:13:07.348] [bmv2] [D] [thread 70182] [44.0] [cxt 0] Pipeline 'egress': start
t=0.044 sw=1 flow=0 pkt=44 | [12:13:07.348] [bmv2] [T] [thread 70182] [44.0] [cxt 0] log_probe.p4(103) Condition "hdr.ipv4.isValid()" (node_8) is true
t=0.044 sw=1 flow=0 pkt=44 | [12:13:07.348] [bmv2] [T] [thread 70182] [44.0] [cxt 0] Applying table 'tbl_log_probe106'
t=0.044 sw=1 flow=0 pkt=44 | [12:13:07.348] [bmv2] [D] [thread 70182] [44.0] [cxt 0] Looking up key:
t=0.044 sw=1 flow=0 pkt=44 | [12:13:07.348] [bmv2] [D] [thread 70182] [44.0] [cxt 0] Table 'tbl_log_probe106': miss
t=0.044 sw=1 flow=0 pkt=44 | [12:13:07.348] [bmv2] [D] [thread 70182] [44.0] [cxt 0] Action entry is log_probe106 - 
t=0.044 sw=1 flow=0 pkt=44 | [12:13:07.348] [bmv2] [T] [thread 70182] [44.0] [cxt 0] Action log_probe106
t=0.044 sw=1 flow=0 pkt=44 | [12:13:07.348] [bmv2] [T] [thread 70182] [44.0] [cxt 0] log_probe.p4(106) Primitive shared_counters.read(n, 32w0)
t=0.044 sw=1 flow=0 pkt=44 | [12:13:07.348] [bmv2] [T] [thread 70182] [44.0] [cxt 0] Read register 'shared_counters' at index 0 read value 89
t=0.044 sw=1 flow=0 pkt=44 | [12:13:07.348] [bmv2] [T] [thread 70182] [44.0] [cxt 0] log_probe.p4(107) Primitive n + 1
t=0.044 sw=1 flow=0 pkt=44 | [12:13:07.348] [bmv2] [T] [thread 70182] [44.0] [cxt 0] log_probe.p4(107) Primitive shared_counters.write(32w0, n + 1)
t=0.044 sw=1 flow=0 pkt=44 | [12:13:07.348] [bmv2] [T] [thread 70182] [44.0] [cxt 0] Wrote register 'shared_counters' at index 0 with value 90
t=0.044 sw=1 flow=0 pkt=44 | [12:13:07.348] [bmv2] [T] [thread 70182] [44.0] [cxt 0] log_probe.p4(111) Primitive shared_counters.read(e, 32w1)
t=0.044 sw=1 flow=0 pkt=44 | [12:13:07.348] [bmv2] [T] [thread 70182] [44.0] [cxt 0] Read register 'shared_counters' at index 1 read value 44
t=0.044 sw=1 flow=0 pkt=44 | [12:13:07.348] [bmv2] [T] [thread 70182] [44.0] [cxt 0] log_probe.p4(112) Primitive e + 1
t=0.044 sw=1 flow=0 pkt=44 | [12:13:07.348] [bmv2] [T] [thread 70182] [44.0] [cxt 0] log_probe.p4(112) Primitive shared_counters.write(32w1, e + 1)
t=0.044 sw=1 flow=0 pkt=44 | [12:13:07.348] [bmv2] [T] [thread 70182] [44.0] [cxt 0] Wrote register 'shared_counters' at index 1 with value 45
t=0.044 sw=1 flow=0 pkt=44 | [12:13:07.348] [bmv2] [D] [thread 70182] [44.0] [cxt 0] Pipeline 'egress': end
t=0.044 sw=1 flow=0 pkt=44 | [12:13:07.348] [bmv2] [D] [thread 70182] [44.0] [cxt 0] Deparser 'deparser': start
t=0.044 sw=1 flow=0 pkt=44 | [12:13:07.348] [bmv2] [D] [thread 70182] [44.0] [cxt 0] Deparsing header 'ethernet'
t=0.044 sw=1 flow=0 pkt=44 | [12:13:07.349] [bmv2] [D] [thread 70182] [44.0] [cxt 0] Deparsing header 'ipv4'
t=0.044 sw=1 flow=0 pkt=44 | [12:13:07.349] [bmv2] [D] [thread 70182] [44.0] [cxt 0] Deparser 'deparser': end
t=0.045 sw=1 flow=1 pkt=45 | [12:13:07.349] [bmv2] [D] [thread 70182] [45.0] [cxt 0] Parser 'parser': start
t=0.045 sw=1 flow=1 pkt=45 | [12:13:07.349] [bmv2] [D] [thread 70182] [45.0] [cxt 0] Parser 'parser' entering state 'start'
t=0.045 sw=1 flow=1 pkt=45 | [12:13:07.349] [bmv2] [D] [thread 70182] [45.0] [cxt 0] Extracting header 'ethernet'
t=0.045 sw=1 flow=1 pkt=45 | [12:13:07.349] [bmv2] [D] [thread 70182] [45.0] [cxt 0] Parser state 'start': key is 0800
t=0.045 sw=1 flow=1 pkt=45 | [12:13:07.349] [bmv2] [T] [thread 70182] [45.0] [cxt 0] Bytes parsed: 14
t=0.045 sw=1 flow=1 pkt=45 | [12:13:07.349] [bmv2] [D] [thread 70182] [45.0] [cxt 0] Parser 'parser' entering state 'parse_ipv4'
t=0.045 sw=1 flow=1 pkt=45 | [12:13:07.349] [bmv2] [D] [thread 70182] [45.0] [cxt 0] Extracting header 'ipv4'
t=0.045 sw=1 flow=1 pkt=45 | [12:13:07.349] [bmv2] [D] [thread 70182] [45.0] [cxt 0] Parser state 'parse_ipv4' has no switch, going to default next state
t=0.045 sw=1 flow=1 pkt=45 | [12:13:07.349] [bmv2] [T] [thread 70182] [45.0] [cxt 0] Bytes parsed: 34
t=0.045 sw=1 flow=1 pkt=45 | [12:13:07.349] [bmv2] [D] [thread 70182] [45.0] [cxt 0] Parser 'parser': end
t=0.045 sw=1 flow=1 pkt=45 | [12:13:07.349] [bmv2] [D] [thread 70182] [45.0] [cxt 0] Pipeline 'ingress': start
t=0.045 sw=1 flow=1 pkt=45 | [12:13:07.349] [bmv2] [T] [thread 70182] [45.0] [cxt 0] log_probe.p4(87) Condition "hdr.ipv4.isValid()" (node_2) is true
t=0.045 sw=1 flow=1 pkt=45 | [12:13:07.349] [bmv2] [T] [thread 70182] [45.0] [cxt 0] Applying table 'tbl_log_probe89'
t=0.045 sw=1 flow=1 pkt=45 | [12:13:07.349] [bmv2] [D] [thread 70182] [45.0] [cxt 0] Looking up key:
t=0.045 sw=1 flow=1 pkt=45 | [12:13:07.349] [bmv2] [D] [thread 70182] [45.0] [cxt 0] Table 'tbl_log_probe89': miss
t=0.045 sw=1 flow=1 pkt=45 | [12:13:07.349] [bmv2] [D] [thread 70182] [45.0] [cxt 0] Action entry is log_probe89 - 
t=0.045 sw=1 flow=1 pkt=45 | [12:13:07.349] [bmv2] [T] [thread 70182] [45.0] [cxt 0] Action log_probe89
t=0.045 sw=1 flow=1 pkt=45 | [12:13:07.349] [bmv2] [T] [thread 70182] [45.0] [cxt 0] log_probe.p4(89) Primitive shared_counters.read(n, 32w0)
t=0.045 sw=1 flow=1 pkt=45 | [12:13:07.349] [bmv2] [T] [thread 70182] [45.0] [cxt 0] Read register 'shared_counters' at index 0 read value 90
t=0.045 sw=1 flow=1 pkt=45 | [12:13:07.349] [bmv2] [T] [thread 70182] [45.0] [cxt 0] log_probe.p4(90) Primitive n + 1
t=0.045 sw=1 flow=1 pkt=45 | [12:13:07.349] [bmv2] [T] [thread 70182] [45.0] [cxt 0] log_probe.p4(90) Primitive shared_counters.write(32w0, n + 1)
t=0.045 sw=1 flow=1 pkt=45 | [12:13:07.349] [bmv2] [T] [thread 70182] [45.0] [cxt 0] Wrote register 'shared_counters' at index 0 with value 91
t=0.045 sw=1 flow=1 pkt=45 | [12:13:07.349] [bmv2] [T] [thread 70182] [45.0] [cxt 0] log_probe.p4(93) Primitive hdr.ipv4.dstAddr
t=0.045 sw=1 flow=1 pkt=45 | [12:13:07.349] [bmv2] [T] [thread 70182] [45.0] [cxt 0] log_probe.p4(93) Primitive hdr.ipv4.ttl
t=0.045 sw=1 flow=1 pkt=45 | [12:13:07.349] [bmv2] [T] [thread 70182] [45.0] [cxt 0] log_probe.p4(93) Primitive n
t=0.045 sw=1 flow=1 pkt=45 | [12:13:07.349] [bmv2] [T] [thread 70182] [45.0] [cxt 0] log_probe.p4(92) Primitive             log_msg(\"INGRESS dst={} ttl={} counter={}\",
t=0.045 sw=1 flow=1 pkt=45 | [12:13:07.349] [bmv2] [I] [thread 70182] INGRESS dst=167837954 ttl=37 counter=90
t=0.045 sw=1 flow=1 pkt=45 | [12:13:07.349] [bmv2] [T] [thread 70182] [45.0] [cxt 0] Applying table 'MyIngress.ipv4_exact'
t=0.045 sw=1 flow=1 pkt=45 | [12:13:07.349] [bmv2] [D] [thread 70182] [45.0] [cxt 0] Looking up key:
t=0.045 sw=1 flow=1 pkt=45 | * hdr.ipv4.dstAddr    : 0a010102
t=0.045 sw=1 flow=1 pkt=45 | [12:13:07.349] [bmv2] [D] [thread 70182] [45.0] [cxt 0] Table 'MyIngress.ipv4_exact': hit with handle 1
t=0.045 sw=1 flow=1 pkt=45 | [12:13:07.349] [bmv2] [D] [thread 70182] [45.0] [cxt 0] Dumping entry 1
t=0.045 sw=1 flow=1 pkt=45 | Match key:
t=0.045 sw=1 flow=1 pkt=45 | * hdr.ipv4.dstAddr    : EXACT     0a010102
t=0.045 sw=1 flow=1 pkt=45 | Action entry: MyIngress.forward - 1,
t=0.045 sw=1 flow=1 pkt=45 | [12:13:07.349] [bmv2] [D] [thread 70182] [45.0] [cxt 0] Action entry is MyIngress.forward - 1,
t=0.045 sw=1 flow=1 pkt=45 | [12:13:07.349] [bmv2] [T] [thread 70182] [45.0] [cxt 0] Action MyIngress.forward
t=0.045 sw=1 flow=1 pkt=45 | [12:13:07.349] [bmv2] [T] [thread 70182] [45.0] [cxt 0] log_probe.p4(70) Primitive standard_metadata.egress_spec = port
t=0.045 sw=1 flow=1 pkt=45 | [12:13:07.349] [bmv2] [T] [thread 70182] [45.0] [cxt 0] log_probe.p4(71) Primitive hdr.ipv4.ttl = hdr.ipv4.ttl - 1
t=0.045 sw=1 flow=1 pkt=45 | [12:13:07.349] [bmv2] [T] [thread 70182] [45.0] [cxt 0] Applying table 'tbl_log_probe95'
t=0.045 sw=1 flow=1 pkt=45 | [12:13:07.349] [bmv2] [D] [thread 70182] [45.0] [cxt 0] Looking up key:
t=0.045 sw=1 flow=1 pkt=45 | [12:13:07.349] [bmv2] [D] [thread 70182] [45.0] [cxt 0] Table 'tbl_log_probe95': miss
t=0.045 sw=1 flow=1 pkt=45 | [12:13:07.349] [bmv2] [D] [thread 70182] [45.0] [cxt 0] Action entry is log_probe95 - 
t=0.045 sw=1 flow=1 pkt=45 | [12:13:07.349] [bmv2] [T] [thread 70182] [45.0] [cxt 0] Action log_probe95
t=0.045 sw=1 flow=1 pkt=45 | [12:13:07.349] [bmv2] [T] [thread 70182] [45.0] [cxt 0] log_probe.p4(95) Primitive             log_msg(\"INGRESS decided egress_spec={}\", {standard_metadata.egress_spec});
t=0.045 sw=1 flow=1 pkt=45 | [12:13:07.349] [bmv2] [T] [thread 70182] [45.0] [cxt 0] log_probe.p4(95) Primitive             log_msg(\"INGRESS decided egress_spec={}\", {standard_metadata.egress_spec});
t=0.045 sw=1 flow=1 pkt=45 | [12:13:07.349] [bmv2] [I] [thread 70182] INGRESS decided egress_spec=1
t=0.045 sw=1 flow=1 pkt=45 | [12:13:07.349] [bmv2] [D] [thread 70182] [45.0] [cxt 0] Pipeline 'ingress': end
t=0.045 sw=1 flow=1 pkt=45 | [12:13:07.349] [bmv2] [D] [thread 70182] [45.0] [cxt 0] Pipeline 'egress': start
t=0.045 sw=1 flow=1 pkt=45 | [12:13:07.349] [bmv2] [T] [thread 70182] [45.0] [cxt 0] log_probe.p4(103) Condition "hdr.ipv4.isValid()" (node_8) is true
t=0.045 sw=1 flow=1 pkt=45 | [12:13:07.349] [bmv2] [T] [thread 70182] [45.0] [cxt 0] Applying table 'tbl_log_probe106'
t=0.045 sw=1 flow=1 pkt=45 | [12:13:07.349] [bmv2] [D] [thread 70182] [45.0] [cxt 0] Looking up key:
t=0.045 sw=1 flow=1 pkt=45 | [12:13:07.349] [bmv2] [D] [thread 70182] [45.0] [cxt 0] Table 'tbl_log_probe106': miss
t=0.045 sw=1 flow=1 pkt=45 | [12:13:07.349] [bmv2] [D] [thread 70182] [45.0] [cxt 0] Action entry is log_probe106 - 
t=0.045 sw=1 flow=1 pkt=45 | [12:13:07.349] [bmv2] [T] [thread 70182] [45.0] [cxt 0] Action log_probe106
t=0.045 sw=1 flow=1 pkt=45 | [12:13:07.349] [bmv2] [T] [thread 70182] [45.0] [cxt 0] log_probe.p4(106) Primitive shared_counters.read(n, 32w0)
t=0.045 sw=1 flow=1 pkt=45 | [12:13:07.349] [bmv2] [T] [thread 70182] [45.0] [cxt 0] Read register 'shared_counters' at index 0 read value 91
t=0.045 sw=1 flow=1 pkt=45 | [12:13:07.349] [bmv2] [T] [thread 70182] [45.0] [cxt 0] log_probe.p4(107) Primitive n + 1
t=0.045 sw=1 flow=1 pkt=45 | [12:13:07.349] [bmv2] [T] [thread 70182] [45.0] [cxt 0] log_probe.p4(107) Primitive shared_counters.write(32w0, n + 1)
t=0.045 sw=1 flow=1 pkt=45 | [12:13:07.349] [bmv2] [T] [thread 70182] [45.0] [cxt 0] Wrote register 'shared_counters' at index 0 with value 92
t=0.045 sw=1 flow=1 pkt=45 | [12:13:07.349] [bmv2] [T] [thread 70182] [45.0] [cxt 0] log_probe.p4(111) Primitive shared_counters.read(e, 32w1)
t=0.045 sw=1 flow=1 pkt=45 | [12:13:07.349] [bmv2] [T] [thread 70182] [45.0] [cxt 0] Read register 'shared_counters' at index 1 read value 45
t=0.045 sw=1 flow=1 pkt=45 | [12:13:07.349] [bmv2] [T] [thread 70182] [45.0] [cxt 0] log_probe.p4(112) Primitive e + 1
t=0.045 sw=1 flow=1 pkt=45 | [12:13:07.349] [bmv2] [T] [thread 70182] [45.0] [cxt 0] log_probe.p4(112) Primitive shared_counters.write(32w1, e + 1)
t=0.045 sw=1 flow=1 pkt=45 | [12:13:07.349] [bmv2] [T] [thread 70182] [45.0] [cxt 0] Wrote register 'shared_counters' at index 1 with value 46
t=0.045 sw=1 flow=1 pkt=45 | [12:13:07.349] [bmv2] [D] [thread 70182] [45.0] [cxt 0] Pipeline 'egress': end
t=0.045 sw=1 flow=1 pkt=45 | [12:13:07.349] [bmv2] [D] [thread 70182] [45.0] [cxt 0] Deparser 'deparser': start
t=0.045 sw=1 flow=1 pkt=45 | [12:13:07.349] [bmv2] [D] [thread 70182] [45.0] [cxt 0] Deparsing header 'ethernet'
t=0.045 sw=1 flow=1 pkt=45 | [12:13:07.349] [bmv2] [D] [thread 70182] [45.0] [cxt 0] Deparsing header 'ipv4'
t=0.045 sw=1 flow=1 pkt=45 | [12:13:07.349] [bmv2] [D] [thread 70182] [45.0] [cxt 0] Deparser 'deparser': end
t=0.046 sw=1 flow=0 pkt=46 | [12:13:07.349] [bmv2] [D] [thread 70182] [46.0] [cxt 0] Parser 'parser': start
t=0.046 sw=1 flow=0 pkt=46 | [12:13:07.349] [bmv2] [D] [thread 70182] [46.0] [cxt 0] Parser 'parser' entering state 'start'
t=0.046 sw=1 flow=0 pkt=46 | [12:13:07.349] [bmv2] [D] [thread 70182] [46.0] [cxt 0] Extracting header 'ethernet'
t=0.046 sw=1 flow=0 pkt=46 | [12:13:07.349] [bmv2] [D] [thread 70182] [46.0] [cxt 0] Parser state 'start': key is 0800
t=0.046 sw=1 flow=0 pkt=46 | [12:13:07.349] [bmv2] [T] [thread 70182] [46.0] [cxt 0] Bytes parsed: 14
t=0.046 sw=1 flow=0 pkt=46 | [12:13:07.349] [bmv2] [D] [thread 70182] [46.0] [cxt 0] Parser 'parser' entering state 'parse_ipv4'
t=0.046 sw=1 flow=0 pkt=46 | [12:13:07.349] [bmv2] [D] [thread 70182] [46.0] [cxt 0] Extracting header 'ipv4'
t=0.046 sw=1 flow=0 pkt=46 | [12:13:07.349] [bmv2] [D] [thread 70182] [46.0] [cxt 0] Parser state 'parse_ipv4' has no switch, going to default next state
t=0.046 sw=1 flow=0 pkt=46 | [12:13:07.349] [bmv2] [T] [thread 70182] [46.0] [cxt 0] Bytes parsed: 34
t=0.046 sw=1 flow=0 pkt=46 | [12:13:07.349] [bmv2] [D] [thread 70182] [46.0] [cxt 0] Parser 'parser': end
t=0.046 sw=1 flow=0 pkt=46 | [12:13:07.349] [bmv2] [D] [thread 70182] [46.0] [cxt 0] Pipeline 'ingress': start
t=0.046 sw=1 flow=0 pkt=46 | [12:13:07.349] [bmv2] [T] [thread 70182] [46.0] [cxt 0] log_probe.p4(87) Condition "hdr.ipv4.isValid()" (node_2) is true
t=0.046 sw=1 flow=0 pkt=46 | [12:13:07.349] [bmv2] [T] [thread 70182] [46.0] [cxt 0] Applying table 'tbl_log_probe89'
t=0.046 sw=1 flow=0 pkt=46 | [12:13:07.349] [bmv2] [D] [thread 70182] [46.0] [cxt 0] Looking up key:
t=0.046 sw=1 flow=0 pkt=46 | [12:13:07.349] [bmv2] [D] [thread 70182] [46.0] [cxt 0] Table 'tbl_log_probe89': miss
t=0.046 sw=1 flow=0 pkt=46 | [12:13:07.349] [bmv2] [D] [thread 70182] [46.0] [cxt 0] Action entry is log_probe89 - 
t=0.046 sw=1 flow=0 pkt=46 | [12:13:07.349] [bmv2] [T] [thread 70182] [46.0] [cxt 0] Action log_probe89
t=0.046 sw=1 flow=0 pkt=46 | [12:13:07.349] [bmv2] [T] [thread 70182] [46.0] [cxt 0] log_probe.p4(89) Primitive shared_counters.read(n, 32w0)
t=0.046 sw=1 flow=0 pkt=46 | [12:13:07.349] [bmv2] [T] [thread 70182] [46.0] [cxt 0] Read register 'shared_counters' at index 0 read value 92
t=0.046 sw=1 flow=0 pkt=46 | [12:13:07.350] [bmv2] [T] [thread 70182] [46.0] [cxt 0] log_probe.p4(90) Primitive n + 1
t=0.046 sw=1 flow=0 pkt=46 | [12:13:07.350] [bmv2] [T] [thread 70182] [46.0] [cxt 0] log_probe.p4(90) Primitive shared_counters.write(32w0, n + 1)
t=0.046 sw=1 flow=0 pkt=46 | [12:13:07.350] [bmv2] [T] [thread 70182] [46.0] [cxt 0] Wrote register 'shared_counters' at index 0 with value 93
t=0.046 sw=1 flow=0 pkt=46 | [12:13:07.350] [bmv2] [T] [thread 70182] [46.0] [cxt 0] log_probe.p4(93) Primitive hdr.ipv4.dstAddr
t=0.046 sw=1 flow=0 pkt=46 | [12:13:07.350] [bmv2] [T] [thread 70182] [46.0] [cxt 0] log_probe.p4(93) Primitive hdr.ipv4.ttl
t=0.046 sw=1 flow=0 pkt=46 | [12:13:07.350] [bmv2] [T] [thread 70182] [46.0] [cxt 0] log_probe.p4(93) Primitive n
t=0.046 sw=1 flow=0 pkt=46 | [12:13:07.350] [bmv2] [T] [thread 70182] [46.0] [cxt 0] log_probe.p4(92) Primitive             log_msg(\"INGRESS dst={} ttl={} counter={}\",
t=0.046 sw=1 flow=0 pkt=46 | [12:13:07.350] [bmv2] [I] [thread 70182] INGRESS dst=167837953 ttl=38 counter=92
t=0.046 sw=1 flow=0 pkt=46 | [12:13:07.350] [bmv2] [T] [thread 70182] [46.0] [cxt 0] Applying table 'MyIngress.ipv4_exact'
t=0.046 sw=1 flow=0 pkt=46 | [12:13:07.350] [bmv2] [D] [thread 70182] [46.0] [cxt 0] Looking up key:
t=0.046 sw=1 flow=0 pkt=46 | * hdr.ipv4.dstAddr    : 0a010101
t=0.046 sw=1 flow=0 pkt=46 | [12:13:07.350] [bmv2] [D] [thread 70182] [46.0] [cxt 0] Table 'MyIngress.ipv4_exact': hit with handle 0
t=0.046 sw=1 flow=0 pkt=46 | [12:13:07.350] [bmv2] [D] [thread 70182] [46.0] [cxt 0] Dumping entry 0
t=0.046 sw=1 flow=0 pkt=46 | Match key:
t=0.046 sw=1 flow=0 pkt=46 | * hdr.ipv4.dstAddr    : EXACT     0a010101
t=0.046 sw=1 flow=0 pkt=46 | Action entry: MyIngress.forward - 0,
t=0.046 sw=1 flow=0 pkt=46 | [12:13:07.350] [bmv2] [D] [thread 70182] [46.0] [cxt 0] Action entry is MyIngress.forward - 0,
t=0.046 sw=1 flow=0 pkt=46 | [12:13:07.350] [bmv2] [T] [thread 70182] [46.0] [cxt 0] Action MyIngress.forward
t=0.046 sw=1 flow=0 pkt=46 | [12:13:07.350] [bmv2] [T] [thread 70182] [46.0] [cxt 0] log_probe.p4(70) Primitive standard_metadata.egress_spec = port
t=0.046 sw=1 flow=0 pkt=46 | [12:13:07.350] [bmv2] [T] [thread 70182] [46.0] [cxt 0] log_probe.p4(71) Primitive hdr.ipv4.ttl = hdr.ipv4.ttl - 1
t=0.046 sw=1 flow=0 pkt=46 | [12:13:07.350] [bmv2] [T] [thread 70182] [46.0] [cxt 0] Applying table 'tbl_log_probe95'
t=0.046 sw=1 flow=0 pkt=46 | [12:13:07.350] [bmv2] [D] [thread 70182] [46.0] [cxt 0] Looking up key:
t=0.046 sw=1 flow=0 pkt=46 | [12:13:07.350] [bmv2] [D] [thread 70182] [46.0] [cxt 0] Table 'tbl_log_probe95': miss
t=0.046 sw=1 flow=0 pkt=46 | [12:13:07.350] [bmv2] [D] [thread 70182] [46.0] [cxt 0] Action entry is log_probe95 - 
t=0.046 sw=1 flow=0 pkt=46 | [12:13:07.350] [bmv2] [T] [thread 70182] [46.0] [cxt 0] Action log_probe95
t=0.046 sw=1 flow=0 pkt=46 | [12:13:07.350] [bmv2] [T] [thread 70182] [46.0] [cxt 0] log_probe.p4(95) Primitive             log_msg(\"INGRESS decided egress_spec={}\", {standard_metadata.egress_spec});
t=0.046 sw=1 flow=0 pkt=46 | [12:13:07.350] [bmv2] [T] [thread 70182] [46.0] [cxt 0] log_probe.p4(95) Primitive             log_msg(\"INGRESS decided egress_spec={}\", {standard_metadata.egress_spec});
t=0.046 sw=1 flow=0 pkt=46 | [12:13:07.350] [bmv2] [I] [thread 70182] INGRESS decided egress_spec=0
t=0.046 sw=1 flow=0 pkt=46 | [12:13:07.350] [bmv2] [D] [thread 70182] [46.0] [cxt 0] Pipeline 'ingress': end
t=0.046 sw=1 flow=0 pkt=46 | [12:13:07.350] [bmv2] [D] [thread 70182] [46.0] [cxt 0] Pipeline 'egress': start
t=0.046 sw=1 flow=0 pkt=46 | [12:13:07.350] [bmv2] [T] [thread 70182] [46.0] [cxt 0] log_probe.p4(103) Condition "hdr.ipv4.isValid()" (node_8) is true
t=0.046 sw=1 flow=0 pkt=46 | [12:13:07.350] [bmv2] [T] [thread 70182] [46.0] [cxt 0] Applying table 'tbl_log_probe106'
t=0.046 sw=1 flow=0 pkt=46 | [12:13:07.350] [bmv2] [D] [thread 70182] [46.0] [cxt 0] Looking up key:
t=0.046 sw=1 flow=0 pkt=46 | [12:13:07.350] [bmv2] [D] [thread 70182] [46.0] [cxt 0] Table 'tbl_log_probe106': miss
t=0.046 sw=1 flow=0 pkt=46 | [12:13:07.350] [bmv2] [D] [thread 70182] [46.0] [cxt 0] Action entry is log_probe106 - 
t=0.046 sw=1 flow=0 pkt=46 | [12:13:07.350] [bmv2] [T] [thread 70182] [46.0] [cxt 0] Action log_probe106
t=0.046 sw=1 flow=0 pkt=46 | [12:13:07.350] [bmv2] [T] [thread 70182] [46.0] [cxt 0] log_probe.p4(106) Primitive shared_counters.read(n, 32w0)
t=0.046 sw=1 flow=0 pkt=46 | [12:13:07.350] [bmv2] [T] [thread 70182] [46.0] [cxt 0] Read register 'shared_counters' at index 0 read value 93
t=0.046 sw=1 flow=0 pkt=46 | [12:13:07.350] [bmv2] [T] [thread 70182] [46.0] [cxt 0] log_probe.p4(107) Primitive n + 1
t=0.046 sw=1 flow=0 pkt=46 | [12:13:07.350] [bmv2] [T] [thread 70182] [46.0] [cxt 0] log_probe.p4(107) Primitive shared_counters.write(32w0, n + 1)
t=0.046 sw=1 flow=0 pkt=46 | [12:13:07.350] [bmv2] [T] [thread 70182] [46.0] [cxt 0] Wrote register 'shared_counters' at index 0 with value 94
t=0.046 sw=1 flow=0 pkt=46 | [12:13:07.350] [bmv2] [T] [thread 70182] [46.0] [cxt 0] log_probe.p4(111) Primitive shared_counters.read(e, 32w1)
t=0.046 sw=1 flow=0 pkt=46 | [12:13:07.350] [bmv2] [T] [thread 70182] [46.0] [cxt 0] Read register 'shared_counters' at index 1 read value 46
t=0.046 sw=1 flow=0 pkt=46 | [12:13:07.350] [bmv2] [T] [thread 70182] [46.0] [cxt 0] log_probe.p4(112) Primitive e + 1
t=0.046 sw=1 flow=0 pkt=46 | [12:13:07.350] [bmv2] [T] [thread 70182] [46.0] [cxt 0] log_probe.p4(112) Primitive shared_counters.write(32w1, e + 1)
t=0.046 sw=1 flow=0 pkt=46 | [12:13:07.350] [bmv2] [T] [thread 70182] [46.0] [cxt 0] Wrote register 'shared_counters' at index 1 with value 47
t=0.046 sw=1 flow=0 pkt=46 | [12:13:07.350] [bmv2] [D] [thread 70182] [46.0] [cxt 0] Pipeline 'egress': end
t=0.046 sw=1 flow=0 pkt=46 | [12:13:07.350] [bmv2] [D] [thread 70182] [46.0] [cxt 0] Deparser 'deparser': start
t=0.046 sw=1 flow=0 pkt=46 | [12:13:07.350] [bmv2] [D] [thread 70182] [46.0] [cxt 0] Deparsing header 'ethernet'
t=0.046 sw=1 flow=0 pkt=46 | [12:13:07.350] [bmv2] [D] [thread 70182] [46.0] [cxt 0] Deparsing header 'ipv4'
t=0.046 sw=1 flow=0 pkt=46 | [12:13:07.350] [bmv2] [D] [thread 70182] [46.0] [cxt 0] Deparser 'deparser': end
t=0.047 sw=1 flow=1 pkt=47 | [12:13:07.350] [bmv2] [D] [thread 70182] [47.0] [cxt 0] Parser 'parser': start
t=0.047 sw=1 flow=1 pkt=47 | [12:13:07.350] [bmv2] [D] [thread 70182] [47.0] [cxt 0] Parser 'parser' entering state 'start'
t=0.047 sw=1 flow=1 pkt=47 | [12:13:07.350] [bmv2] [D] [thread 70182] [47.0] [cxt 0] Extracting header 'ethernet'
t=0.047 sw=1 flow=1 pkt=47 | [12:13:07.350] [bmv2] [D] [thread 70182] [47.0] [cxt 0] Parser state 'start': key is 0800
t=0.047 sw=1 flow=1 pkt=47 | [12:13:07.350] [bmv2] [T] [thread 70182] [47.0] [cxt 0] Bytes parsed: 14
t=0.047 sw=1 flow=1 pkt=47 | [12:13:07.350] [bmv2] [D] [thread 70182] [47.0] [cxt 0] Parser 'parser' entering state 'parse_ipv4'
t=0.047 sw=1 flow=1 pkt=47 | [12:13:07.350] [bmv2] [D] [thread 70182] [47.0] [cxt 0] Extracting header 'ipv4'
t=0.047 sw=1 flow=1 pkt=47 | [12:13:07.350] [bmv2] [D] [thread 70182] [47.0] [cxt 0] Parser state 'parse_ipv4' has no switch, going to default next state
t=0.047 sw=1 flow=1 pkt=47 | [12:13:07.350] [bmv2] [T] [thread 70182] [47.0] [cxt 0] Bytes parsed: 34
t=0.047 sw=1 flow=1 pkt=47 | [12:13:07.350] [bmv2] [D] [thread 70182] [47.0] [cxt 0] Parser 'parser': end
t=0.047 sw=1 flow=1 pkt=47 | [12:13:07.350] [bmv2] [D] [thread 70182] [47.0] [cxt 0] Pipeline 'ingress': start
t=0.047 sw=1 flow=1 pkt=47 | [12:13:07.350] [bmv2] [T] [thread 70182] [47.0] [cxt 0] log_probe.p4(87) Condition "hdr.ipv4.isValid()" (node_2) is true
t=0.047 sw=1 flow=1 pkt=47 | [12:13:07.350] [bmv2] [T] [thread 70182] [47.0] [cxt 0] Applying table 'tbl_log_probe89'
t=0.047 sw=1 flow=1 pkt=47 | [12:13:07.350] [bmv2] [D] [thread 70182] [47.0] [cxt 0] Looking up key:
t=0.047 sw=1 flow=1 pkt=47 | [12:13:07.350] [bmv2] [D] [thread 70182] [47.0] [cxt 0] Table 'tbl_log_probe89': miss
t=0.047 sw=1 flow=1 pkt=47 | [12:13:07.350] [bmv2] [D] [thread 70182] [47.0] [cxt 0] Action entry is log_probe89 - 
t=0.047 sw=1 flow=1 pkt=47 | [12:13:07.350] [bmv2] [T] [thread 70182] [47.0] [cxt 0] Action log_probe89
t=0.047 sw=1 flow=1 pkt=47 | [12:13:07.350] [bmv2] [T] [thread 70182] [47.0] [cxt 0] log_probe.p4(89) Primitive shared_counters.read(n, 32w0)
t=0.047 sw=1 flow=1 pkt=47 | [12:13:07.350] [bmv2] [T] [thread 70182] [47.0] [cxt 0] Read register 'shared_counters' at index 0 read value 94
t=0.047 sw=1 flow=1 pkt=47 | [12:13:07.350] [bmv2] [T] [thread 70182] [47.0] [cxt 0] log_probe.p4(90) Primitive n + 1
t=0.047 sw=1 flow=1 pkt=47 | [12:13:07.350] [bmv2] [T] [thread 70182] [47.0] [cxt 0] log_probe.p4(90) Primitive shared_counters.write(32w0, n + 1)
t=0.047 sw=1 flow=1 pkt=47 | [12:13:07.350] [bmv2] [T] [thread 70182] [47.0] [cxt 0] Wrote register 'shared_counters' at index 0 with value 95
t=0.047 sw=1 flow=1 pkt=47 | [12:13:07.350] [bmv2] [T] [thread 70182] [47.0] [cxt 0] log_probe.p4(93) Primitive hdr.ipv4.dstAddr
t=0.047 sw=1 flow=1 pkt=47 | [12:13:07.350] [bmv2] [T] [thread 70182] [47.0] [cxt 0] log_probe.p4(93) Primitive hdr.ipv4.ttl
t=0.047 sw=1 flow=1 pkt=47 | [12:13:07.350] [bmv2] [T] [thread 70182] [47.0] [cxt 0] log_probe.p4(93) Primitive n
t=0.047 sw=1 flow=1 pkt=47 | [12:13:07.350] [bmv2] [T] [thread 70182] [47.0] [cxt 0] log_probe.p4(92) Primitive             log_msg(\"INGRESS dst={} ttl={} counter={}\",
t=0.047 sw=1 flow=1 pkt=47 | [12:13:07.350] [bmv2] [I] [thread 70182] INGRESS dst=167837954 ttl=39 counter=94
t=0.047 sw=1 flow=1 pkt=47 | [12:13:07.350] [bmv2] [T] [thread 70182] [47.0] [cxt 0] Applying table 'MyIngress.ipv4_exact'
t=0.047 sw=1 flow=1 pkt=47 | [12:13:07.350] [bmv2] [D] [thread 70182] [47.0] [cxt 0] Looking up key:
t=0.047 sw=1 flow=1 pkt=47 | * hdr.ipv4.dstAddr    : 0a010102
t=0.047 sw=1 flow=1 pkt=47 | [12:13:07.350] [bmv2] [D] [thread 70182] [47.0] [cxt 0] Table 'MyIngress.ipv4_exact': hit with handle 1
t=0.047 sw=1 flow=1 pkt=47 | [12:13:07.350] [bmv2] [D] [thread 70182] [47.0] [cxt 0] Dumping entry 1
t=0.047 sw=1 flow=1 pkt=47 | Match key:
t=0.047 sw=1 flow=1 pkt=47 | * hdr.ipv4.dstAddr    : EXACT     0a010102
t=0.047 sw=1 flow=1 pkt=47 | Action entry: MyIngress.forward - 1,
t=0.047 sw=1 flow=1 pkt=47 | [12:13:07.350] [bmv2] [D] [thread 70182] [47.0] [cxt 0] Action entry is MyIngress.forward - 1,
t=0.047 sw=1 flow=1 pkt=47 | [12:13:07.350] [bmv2] [T] [thread 70182] [47.0] [cxt 0] Action MyIngress.forward
t=0.047 sw=1 flow=1 pkt=47 | [12:13:07.350] [bmv2] [T] [thread 70182] [47.0] [cxt 0] log_probe.p4(70) Primitive standard_metadata.egress_spec = port
t=0.047 sw=1 flow=1 pkt=47 | [12:13:07.350] [bmv2] [T] [thread 70182] [47.0] [cxt 0] log_probe.p4(71) Primitive hdr.ipv4.ttl = hdr.ipv4.ttl - 1
t=0.047 sw=1 flow=1 pkt=47 | [12:13:07.350] [bmv2] [T] [thread 70182] [47.0] [cxt 0] Applying table 'tbl_log_probe95'
t=0.047 sw=1 flow=1 pkt=47 | [12:13:07.350] [bmv2] [D] [thread 70182] [47.0] [cxt 0] Looking up key:
t=0.047 sw=1 flow=1 pkt=47 | [12:13:07.350] [bmv2] [D] [thread 70182] [47.0] [cxt 0] Table 'tbl_log_probe95': miss
t=0.047 sw=1 flow=1 pkt=47 | [12:13:07.350] [bmv2] [D] [thread 70182] [47.0] [cxt 0] Action entry is log_probe95 - 
t=0.047 sw=1 flow=1 pkt=47 | [12:13:07.350] [bmv2] [T] [thread 70182] [47.0] [cxt 0] Action log_probe95
t=0.047 sw=1 flow=1 pkt=47 | [12:13:07.350] [bmv2] [T] [thread 70182] [47.0] [cxt 0] log_probe.p4(95) Primitive             log_msg(\"INGRESS decided egress_spec={}\", {standard_metadata.egress_spec});
t=0.047 sw=1 flow=1 pkt=47 | [12:13:07.350] [bmv2] [T] [thread 70182] [47.0] [cxt 0] log_probe.p4(95) Primitive             log_msg(\"INGRESS decided egress_spec={}\", {standard_metadata.egress_spec});
t=0.047 sw=1 flow=1 pkt=47 | [12:13:07.350] [bmv2] [I] [thread 70182] INGRESS decided egress_spec=1
t=0.047 sw=1 flow=1 pkt=47 | [12:13:07.350] [bmv2] [D] [thread 70182] [47.0] [cxt 0] Pipeline 'ingress': end
t=0.047 sw=1 flow=1 pkt=47 | [12:13:07.350] [bmv2] [D] [thread 70182] [47.0] [cxt 0] Pipeline 'egress': start
t=0.047 sw=1 flow=1 pkt=47 | [12:13:07.350] [bmv2] [T] [thread 70182] [47.0] [cxt 0] log_probe.p4(103) Condition "hdr.ipv4.isValid()" (node_8) is true
t=0.047 sw=1 flow=1 pkt=47 | [12:13:07.350] [bmv2] [T] [thread 70182] [47.0] [cxt 0] Applying table 'tbl_log_probe106'
t=0.047 sw=1 flow=1 pkt=47 | [12:13:07.350] [bmv2] [D] [thread 70182] [47.0] [cxt 0] Looking up key:
t=0.047 sw=1 flow=1 pkt=47 | [12:13:07.350] [bmv2] [D] [thread 70182] [47.0] [cxt 0] Table 'tbl_log_probe106': miss
t=0.047 sw=1 flow=1 pkt=47 | [12:13:07.350] [bmv2] [D] [thread 70182] [47.0] [cxt 0] Action entry is log_probe106 - 
t=0.047 sw=1 flow=1 pkt=47 | [12:13:07.350] [bmv2] [T] [thread 70182] [47.0] [cxt 0] Action log_probe106
t=0.047 sw=1 flow=1 pkt=47 | [12:13:07.350] [bmv2] [T] [thread 70182] [47.0] [cxt 0] log_probe.p4(106) Primitive shared_counters.read(n, 32w0)
t=0.047 sw=1 flow=1 pkt=47 | [12:13:07.350] [bmv2] [T] [thread 70182] [47.0] [cxt 0] Read register 'shared_counters' at index 0 read value 95
t=0.047 sw=1 flow=1 pkt=47 | [12:13:07.350] [bmv2] [T] [thread 70182] [47.0] [cxt 0] log_probe.p4(107) Primitive n + 1
t=0.047 sw=1 flow=1 pkt=47 | [12:13:07.350] [bmv2] [T] [thread 70182] [47.0] [cxt 0] log_probe.p4(107) Primitive shared_counters.write(32w0, n + 1)
t=0.047 sw=1 flow=1 pkt=47 | [12:13:07.350] [bmv2] [T] [thread 70182] [47.0] [cxt 0] Wrote register 'shared_counters' at index 0 with value 96
t=0.047 sw=1 flow=1 pkt=47 | [12:13:07.350] [bmv2] [T] [thread 70182] [47.0] [cxt 0] log_probe.p4(111) Primitive shared_counters.read(e, 32w1)
t=0.047 sw=1 flow=1 pkt=47 | [12:13:07.350] [bmv2] [T] [thread 70182] [47.0] [cxt 0] Read register 'shared_counters' at index 1 read value 47
t=0.047 sw=1 flow=1 pkt=47 | [12:13:07.350] [bmv2] [T] [thread 70182] [47.0] [cxt 0] log_probe.p4(112) Primitive e + 1
t=0.047 sw=1 flow=1 pkt=47 | [12:13:07.350] [bmv2] [T] [thread 70182] [47.0] [cxt 0] log_probe.p4(112) Primitive shared_counters.write(32w1, e + 1)
t=0.047 sw=1 flow=1 pkt=47 | [12:13:07.350] [bmv2] [T] [thread 70182] [47.0] [cxt 0] Wrote register 'shared_counters' at index 1 with value 48
t=0.047 sw=1 flow=1 pkt=47 | [12:13:07.350] [bmv2] [D] [thread 70182] [47.0] [cxt 0] Pipeline 'egress': end
t=0.047 sw=1 flow=1 pkt=47 | [12:13:07.350] [bmv2] [D] [thread 70182] [47.0] [cxt 0] Deparser 'deparser': start
t=0.047 sw=1 flow=1 pkt=47 | [12:13:07.350] [bmv2] [D] [thread 70182] [47.0] [cxt 0] Deparsing header 'ethernet'
t=0.047 sw=1 flow=1 pkt=47 | [12:13:07.350] [bmv2] [D] [thread 70182] [47.0] [cxt 0] Deparsing header 'ipv4'
t=0.047 sw=1 flow=1 pkt=47 | [12:13:07.350] [bmv2] [D] [thread 70182] [47.0] [cxt 0] Deparser 'deparser': end
t=0.048 sw=1 flow=0 pkt=48 | [12:13:07.350] [bmv2] [D] [thread 70182] [48.0] [cxt 0] Parser 'parser': start
t=0.048 sw=1 flow=0 pkt=48 | [12:13:07.350] [bmv2] [D] [thread 70182] [48.0] [cxt 0] Parser 'parser' entering state 'start'
t=0.048 sw=1 flow=0 pkt=48 | [12:13:07.350] [bmv2] [D] [thread 70182] [48.0] [cxt 0] Extracting header 'ethernet'
t=0.048 sw=1 flow=0 pkt=48 | [12:13:07.350] [bmv2] [D] [thread 70182] [48.0] [cxt 0] Parser state 'start': key is 0800
t=0.048 sw=1 flow=0 pkt=48 | [12:13:07.350] [bmv2] [T] [thread 70182] [48.0] [cxt 0] Bytes parsed: 14
t=0.048 sw=1 flow=0 pkt=48 | [12:13:07.350] [bmv2] [D] [thread 70182] [48.0] [cxt 0] Parser 'parser' entering state 'parse_ipv4'
t=0.048 sw=1 flow=0 pkt=48 | [12:13:07.350] [bmv2] [D] [thread 70182] [48.0] [cxt 0] Extracting header 'ipv4'
t=0.048 sw=1 flow=0 pkt=48 | [12:13:07.350] [bmv2] [D] [thread 70182] [48.0] [cxt 0] Parser state 'parse_ipv4' has no switch, going to default next state
t=0.048 sw=1 flow=0 pkt=48 | [12:13:07.350] [bmv2] [T] [thread 70182] [48.0] [cxt 0] Bytes parsed: 34
t=0.048 sw=1 flow=0 pkt=48 | [12:13:07.350] [bmv2] [D] [thread 70182] [48.0] [cxt 0] Parser 'parser': end
t=0.048 sw=1 flow=0 pkt=48 | [12:13:07.350] [bmv2] [D] [thread 70182] [48.0] [cxt 0] Pipeline 'ingress': start
t=0.048 sw=1 flow=0 pkt=48 | [12:13:07.350] [bmv2] [T] [thread 70182] [48.0] [cxt 0] log_probe.p4(87) Condition "hdr.ipv4.isValid()" (node_2) is true
t=0.048 sw=1 flow=0 pkt=48 | [12:13:07.350] [bmv2] [T] [thread 70182] [48.0] [cxt 0] Applying table 'tbl_log_probe89'
t=0.048 sw=1 flow=0 pkt=48 | [12:13:07.350] [bmv2] [D] [thread 70182] [48.0] [cxt 0] Looking up key:
t=0.048 sw=1 flow=0 pkt=48 | [12:13:07.350] [bmv2] [D] [thread 70182] [48.0] [cxt 0] Table 'tbl_log_probe89': miss
t=0.048 sw=1 flow=0 pkt=48 | [12:13:07.350] [bmv2] [D] [thread 70182] [48.0] [cxt 0] Action entry is log_probe89 - 
t=0.048 sw=1 flow=0 pkt=48 | [12:13:07.350] [bmv2] [T] [thread 70182] [48.0] [cxt 0] Action log_probe89
t=0.048 sw=1 flow=0 pkt=48 | [12:13:07.350] [bmv2] [T] [thread 70182] [48.0] [cxt 0] log_probe.p4(89) Primitive shared_counters.read(n, 32w0)
t=0.048 sw=1 flow=0 pkt=48 | [12:13:07.351] [bmv2] [T] [thread 70182] [48.0] [cxt 0] Read register 'shared_counters' at index 0 read value 96
t=0.048 sw=1 flow=0 pkt=48 | [12:13:07.351] [bmv2] [T] [thread 70182] [48.0] [cxt 0] log_probe.p4(90) Primitive n + 1
t=0.048 sw=1 flow=0 pkt=48 | [12:13:07.351] [bmv2] [T] [thread 70182] [48.0] [cxt 0] log_probe.p4(90) Primitive shared_counters.write(32w0, n + 1)
t=0.048 sw=1 flow=0 pkt=48 | [12:13:07.351] [bmv2] [T] [thread 70182] [48.0] [cxt 0] Wrote register 'shared_counters' at index 0 with value 97
t=0.048 sw=1 flow=0 pkt=48 | [12:13:07.351] [bmv2] [T] [thread 70182] [48.0] [cxt 0] log_probe.p4(93) Primitive hdr.ipv4.dstAddr
t=0.048 sw=1 flow=0 pkt=48 | [12:13:07.351] [bmv2] [T] [thread 70182] [48.0] [cxt 0] log_probe.p4(93) Primitive hdr.ipv4.ttl
t=0.048 sw=1 flow=0 pkt=48 | [12:13:07.351] [bmv2] [T] [thread 70182] [48.0] [cxt 0] log_probe.p4(93) Primitive n
t=0.048 sw=1 flow=0 pkt=48 | [12:13:07.351] [bmv2] [T] [thread 70182] [48.0] [cxt 0] log_probe.p4(92) Primitive             log_msg(\"INGRESS dst={} ttl={} counter={}\",
t=0.048 sw=1 flow=0 pkt=48 | [12:13:07.351] [bmv2] [I] [thread 70182] INGRESS dst=167837953 ttl=32 counter=96
t=0.048 sw=1 flow=0 pkt=48 | [12:13:07.351] [bmv2] [T] [thread 70182] [48.0] [cxt 0] Applying table 'MyIngress.ipv4_exact'
t=0.048 sw=1 flow=0 pkt=48 | [12:13:07.351] [bmv2] [D] [thread 70182] [48.0] [cxt 0] Looking up key:
t=0.048 sw=1 flow=0 pkt=48 | * hdr.ipv4.dstAddr    : 0a010101
t=0.048 sw=1 flow=0 pkt=48 | [12:13:07.351] [bmv2] [D] [thread 70182] [48.0] [cxt 0] Table 'MyIngress.ipv4_exact': hit with handle 0
t=0.048 sw=1 flow=0 pkt=48 | [12:13:07.351] [bmv2] [D] [thread 70182] [48.0] [cxt 0] Dumping entry 0
t=0.048 sw=1 flow=0 pkt=48 | Match key:
t=0.048 sw=1 flow=0 pkt=48 | * hdr.ipv4.dstAddr    : EXACT     0a010101
t=0.048 sw=1 flow=0 pkt=48 | Action entry: MyIngress.forward - 0,
t=0.048 sw=1 flow=0 pkt=48 | [12:13:07.351] [bmv2] [D] [thread 70182] [48.0] [cxt 0] Action entry is MyIngress.forward - 0,
t=0.048 sw=1 flow=0 pkt=48 | [12:13:07.351] [bmv2] [T] [thread 70182] [48.0] [cxt 0] Action MyIngress.forward
t=0.048 sw=1 flow=0 pkt=48 | [12:13:07.351] [bmv2] [T] [thread 70182] [48.0] [cxt 0] log_probe.p4(70) Primitive standard_metadata.egress_spec = port
t=0.048 sw=1 flow=0 pkt=48 | [12:13:07.351] [bmv2] [T] [thread 70182] [48.0] [cxt 0] log_probe.p4(71) Primitive hdr.ipv4.ttl = hdr.ipv4.ttl - 1
t=0.048 sw=1 flow=0 pkt=48 | [12:13:07.351] [bmv2] [T] [thread 70182] [48.0] [cxt 0] Applying table 'tbl_log_probe95'
t=0.048 sw=1 flow=0 pkt=48 | [12:13:07.351] [bmv2] [D] [thread 70182] [48.0] [cxt 0] Looking up key:
t=0.048 sw=1 flow=0 pkt=48 | [12:13:07.351] [bmv2] [D] [thread 70182] [48.0] [cxt 0] Table 'tbl_log_probe95': miss
t=0.048 sw=1 flow=0 pkt=48 | [12:13:07.351] [bmv2] [D] [thread 70182] [48.0] [cxt 0] Action entry is log_probe95 - 
t=0.048 sw=1 flow=0 pkt=48 | [12:13:07.351] [bmv2] [T] [thread 70182] [48.0] [cxt 0] Action log_probe95
t=0.048 sw=1 flow=0 pkt=48 | [12:13:07.351] [bmv2] [T] [thread 70182] [48.0] [cxt 0] log_probe.p4(95) Primitive             log_msg(\"INGRESS decided egress_spec={}\", {standard_metadata.egress_spec});
t=0.048 sw=1 flow=0 pkt=48 | [12:13:07.351] [bmv2] [T] [thread 70182] [48.0] [cxt 0] log_probe.p4(95) Primitive             log_msg(\"INGRESS decided egress_spec={}\", {standard_metadata.egress_spec});
t=0.048 sw=1 flow=0 pkt=48 | [12:13:07.351] [bmv2] [I] [thread 70182] INGRESS decided egress_spec=0
t=0.048 sw=1 flow=0 pkt=48 | [12:13:07.351] [bmv2] [D] [thread 70182] [48.0] [cxt 0] Pipeline 'ingress': end
t=0.048 sw=1 flow=0 pkt=48 | [12:13:07.351] [bmv2] [D] [thread 70182] [48.0] [cxt 0] Pipeline 'egress': start
t=0.048 sw=1 flow=0 pkt=48 | [12:13:07.351] [bmv2] [T] [thread 70182] [48.0] [cxt 0] log_probe.p4(103) Condition "hdr.ipv4.isValid()" (node_8) is true
t=0.048 sw=1 flow=0 pkt=48 | [12:13:07.351] [bmv2] [T] [thread 70182] [48.0] [cxt 0] Applying table 'tbl_log_probe106'
t=0.048 sw=1 flow=0 pkt=48 | [12:13:07.351] [bmv2] [D] [thread 70182] [48.0] [cxt 0] Looking up key:
t=0.048 sw=1 flow=0 pkt=48 | [12:13:07.351] [bmv2] [D] [thread 70182] [48.0] [cxt 0] Table 'tbl_log_probe106': miss
t=0.048 sw=1 flow=0 pkt=48 | [12:13:07.351] [bmv2] [D] [thread 70182] [48.0] [cxt 0] Action entry is log_probe106 - 
t=0.048 sw=1 flow=0 pkt=48 | [12:13:07.351] [bmv2] [T] [thread 70182] [48.0] [cxt 0] Action log_probe106
t=0.048 sw=1 flow=0 pkt=48 | [12:13:07.351] [bmv2] [T] [thread 70182] [48.0] [cxt 0] log_probe.p4(106) Primitive shared_counters.read(n, 32w0)
t=0.048 sw=1 flow=0 pkt=48 | [12:13:07.351] [bmv2] [T] [thread 70182] [48.0] [cxt 0] Read register 'shared_counters' at index 0 read value 97
t=0.048 sw=1 flow=0 pkt=48 | [12:13:07.351] [bmv2] [T] [thread 70182] [48.0] [cxt 0] log_probe.p4(107) Primitive n + 1
t=0.048 sw=1 flow=0 pkt=48 | [12:13:07.351] [bmv2] [T] [thread 70182] [48.0] [cxt 0] log_probe.p4(107) Primitive shared_counters.write(32w0, n + 1)
t=0.048 sw=1 flow=0 pkt=48 | [12:13:07.351] [bmv2] [T] [thread 70182] [48.0] [cxt 0] Wrote register 'shared_counters' at index 0 with value 98
t=0.048 sw=1 flow=0 pkt=48 | [12:13:07.351] [bmv2] [T] [thread 70182] [48.0] [cxt 0] log_probe.p4(111) Primitive shared_counters.read(e, 32w1)
t=0.048 sw=1 flow=0 pkt=48 | [12:13:07.351] [bmv2] [T] [thread 70182] [48.0] [cxt 0] Read register 'shared_counters' at index 1 read value 48
t=0.048 sw=1 flow=0 pkt=48 | [12:13:07.351] [bmv2] [T] [thread 70182] [48.0] [cxt 0] log_probe.p4(112) Primitive e + 1
t=0.048 sw=1 flow=0 pkt=48 | [12:13:07.351] [bmv2] [T] [thread 70182] [48.0] [cxt 0] log_probe.p4(112) Primitive shared_counters.write(32w1, e + 1)
t=0.048 sw=1 flow=0 pkt=48 | [12:13:07.351] [bmv2] [T] [thread 70182] [48.0] [cxt 0] Wrote register 'shared_counters' at index 1 with value 49
t=0.048 sw=1 flow=0 pkt=48 | [12:13:07.351] [bmv2] [D] [thread 70182] [48.0] [cxt 0] Pipeline 'egress': end
t=0.048 sw=1 flow=0 pkt=48 | [12:13:07.351] [bmv2] [D] [thread 70182] [48.0] [cxt 0] Deparser 'deparser': start
t=0.048 sw=1 flow=0 pkt=48 | [12:13:07.351] [bmv2] [D] [thread 70182] [48.0] [cxt 0] Deparsing header 'ethernet'
t=0.048 sw=1 flow=0 pkt=48 | [12:13:07.351] [bmv2] [D] [thread 70182] [48.0] [cxt 0] Deparsing header 'ipv4'
t=0.048 sw=1 flow=0 pkt=48 | [12:13:07.351] [bmv2] [D] [thread 70182] [48.0] [cxt 0] Deparser 'deparser': end
t=0.049 sw=1 flow=1 pkt=49 | [12:13:07.351] [bmv2] [D] [thread 70182] [49.0] [cxt 0] Parser 'parser': start
t=0.049 sw=1 flow=1 pkt=49 | [12:13:07.351] [bmv2] [D] [thread 70182] [49.0] [cxt 0] Parser 'parser' entering state 'start'
t=0.049 sw=1 flow=1 pkt=49 | [12:13:07.351] [bmv2] [D] [thread 70182] [49.0] [cxt 0] Extracting header 'ethernet'
t=0.049 sw=1 flow=1 pkt=49 | [12:13:07.351] [bmv2] [D] [thread 70182] [49.0] [cxt 0] Parser state 'start': key is 0800
t=0.049 sw=1 flow=1 pkt=49 | [12:13:07.351] [bmv2] [T] [thread 70182] [49.0] [cxt 0] Bytes parsed: 14
t=0.049 sw=1 flow=1 pkt=49 | [12:13:07.351] [bmv2] [D] [thread 70182] [49.0] [cxt 0] Parser 'parser' entering state 'parse_ipv4'
t=0.049 sw=1 flow=1 pkt=49 | [12:13:07.351] [bmv2] [D] [thread 70182] [49.0] [cxt 0] Extracting header 'ipv4'
t=0.049 sw=1 flow=1 pkt=49 | [12:13:07.351] [bmv2] [D] [thread 70182] [49.0] [cxt 0] Parser state 'parse_ipv4' has no switch, going to default next state
t=0.049 sw=1 flow=1 pkt=49 | [12:13:07.351] [bmv2] [T] [thread 70182] [49.0] [cxt 0] Bytes parsed: 34
t=0.049 sw=1 flow=1 pkt=49 | [12:13:07.351] [bmv2] [D] [thread 70182] [49.0] [cxt 0] Parser 'parser': end
t=0.049 sw=1 flow=1 pkt=49 | [12:13:07.351] [bmv2] [D] [thread 70182] [49.0] [cxt 0] Pipeline 'ingress': start
t=0.049 sw=1 flow=1 pkt=49 | [12:13:07.351] [bmv2] [T] [thread 70182] [49.0] [cxt 0] log_probe.p4(87) Condition "hdr.ipv4.isValid()" (node_2) is true
t=0.049 sw=1 flow=1 pkt=49 | [12:13:07.351] [bmv2] [T] [thread 70182] [49.0] [cxt 0] Applying table 'tbl_log_probe89'
t=0.049 sw=1 flow=1 pkt=49 | [12:13:07.351] [bmv2] [D] [thread 70182] [49.0] [cxt 0] Looking up key:
t=0.049 sw=1 flow=1 pkt=49 | [12:13:07.351] [bmv2] [D] [thread 70182] [49.0] [cxt 0] Table 'tbl_log_probe89': miss
t=0.049 sw=1 flow=1 pkt=49 | [12:13:07.351] [bmv2] [D] [thread 70182] [49.0] [cxt 0] Action entry is log_probe89 - 
t=0.049 sw=1 flow=1 pkt=49 | [12:13:07.351] [bmv2] [T] [thread 70182] [49.0] [cxt 0] Action log_probe89
t=0.049 sw=1 flow=1 pkt=49 | [12:13:07.351] [bmv2] [T] [thread 70182] [49.0] [cxt 0] log_probe.p4(89) Primitive shared_counters.read(n, 32w0)
t=0.049 sw=1 flow=1 pkt=49 | [12:13:07.351] [bmv2] [T] [thread 70182] [49.0] [cxt 0] Read register 'shared_counters' at index 0 read value 98
t=0.049 sw=1 flow=1 pkt=49 | [12:13:07.351] [bmv2] [T] [thread 70182] [49.0] [cxt 0] log_probe.p4(90) Primitive n + 1
t=0.049 sw=1 flow=1 pkt=49 | [12:13:07.351] [bmv2] [T] [thread 70182] [49.0] [cxt 0] log_probe.p4(90) Primitive shared_counters.write(32w0, n + 1)
t=0.049 sw=1 flow=1 pkt=49 | [12:13:07.351] [bmv2] [T] [thread 70182] [49.0] [cxt 0] Wrote register 'shared_counters' at index 0 with value 99
t=0.049 sw=1 flow=1 pkt=49 | [12:13:07.351] [bmv2] [T] [thread 70182] [49.0] [cxt 0] log_probe.p4(93) Primitive hdr.ipv4.dstAddr
t=0.049 sw=1 flow=1 pkt=49 | [12:13:07.351] [bmv2] [T] [thread 70182] [49.0] [cxt 0] log_probe.p4(93) Primitive hdr.ipv4.ttl
t=0.049 sw=1 flow=1 pkt=49 | [12:13:07.351] [bmv2] [T] [thread 70182] [49.0] [cxt 0] log_probe.p4(93) Primitive n
t=0.049 sw=1 flow=1 pkt=49 | [12:13:07.351] [bmv2] [T] [thread 70182] [49.0] [cxt 0] log_probe.p4(92) Primitive             log_msg(\"INGRESS dst={} ttl={} counter={}\",
t=0.049 sw=1 flow=1 pkt=49 | [12:13:07.351] [bmv2] [I] [thread 70182] INGRESS dst=167837954 ttl=33 counter=98
t=0.049 sw=1 flow=1 pkt=49 | [12:13:07.351] [bmv2] [T] [thread 70182] [49.0] [cxt 0] Applying table 'MyIngress.ipv4_exact'
t=0.049 sw=1 flow=1 pkt=49 | [12:13:07.351] [bmv2] [D] [thread 70182] [49.0] [cxt 0] Looking up key:
t=0.049 sw=1 flow=1 pkt=49 | * hdr.ipv4.dstAddr    : 0a010102
t=0.049 sw=1 flow=1 pkt=49 | [12:13:07.351] [bmv2] [D] [thread 70182] [49.0] [cxt 0] Table 'MyIngress.ipv4_exact': hit with handle 1
t=0.049 sw=1 flow=1 pkt=49 | [12:13:07.351] [bmv2] [D] [thread 70182] [49.0] [cxt 0] Dumping entry 1
t=0.049 sw=1 flow=1 pkt=49 | Match key:
t=0.049 sw=1 flow=1 pkt=49 | * hdr.ipv4.dstAddr    : EXACT     0a010102
t=0.049 sw=1 flow=1 pkt=49 | Action entry: MyIngress.forward - 1,
t=0.049 sw=1 flow=1 pkt=49 | [12:13:07.351] [bmv2] [D] [thread 70182] [49.0] [cxt 0] Action entry is MyIngress.forward - 1,
t=0.049 sw=1 flow=1 pkt=49 | [12:13:07.351] [bmv2] [T] [thread 70182] [49.0] [cxt 0] Action MyIngress.forward
t=0.049 sw=1 flow=1 pkt=49 | [12:13:07.351] [bmv2] [T] [thread 70182] [49.0] [cxt 0] log_probe.p4(70) Primitive standard_metadata.egress_spec = port
t=0.049 sw=1 flow=1 pkt=49 | [12:13:07.351] [bmv2] [T] [thread 70182] [49.0] [cxt 0] log_probe.p4(71) Primitive hdr.ipv4.ttl = hdr.ipv4.ttl - 1
t=0.049 sw=1 flow=1 pkt=49 | [12:13:07.351] [bmv2] [T] [thread 70182] [49.0] [cxt 0] Applying table 'tbl_log_probe95'
t=0.049 sw=1 flow=1 pkt=49 | [12:13:07.351] [bmv2] [D] [thread 70182] [49.0] [cxt 0] Looking up key:
t=0.049 sw=1 flow=1 pkt=49 | [12:13:07.351] [bmv2] [D] [thread 70182] [49.0] [cxt 0] Table 'tbl_log_probe95': miss
t=0.049 sw=1 flow=1 pkt=49 | [12:13:07.351] [bmv2] [D] [thread 70182] [49.0] [cxt 0] Action entry is log_probe95 - 
t=0.049 sw=1 flow=1 pkt=49 | [12:13:07.351] [bmv2] [T] [thread 70182] [49.0] [cxt 0] Action log_probe95
t=0.049 sw=1 flow=1 pkt=49 | [12:13:07.351] [bmv2] [T] [thread 70182] [49.0] [cxt 0] log_probe.p4(95) Primitive             log_msg(\"INGRESS decided egress_spec={}\", {standard_metadata.egress_spec});
t=0.049 sw=1 flow=1 pkt=49 | [12:13:07.351] [bmv2] [T] [thread 70182] [49.0] [cxt 0] log_probe.p4(95) Primitive             log_msg(\"INGRESS decided egress_spec={}\", {standard_metadata.egress_spec});
t=0.049 sw=1 flow=1 pkt=49 | [12:13:07.351] [bmv2] [I] [thread 70182] INGRESS decided egress_spec=1
t=0.049 sw=1 flow=1 pkt=49 | [12:13:07.351] [bmv2] [D] [thread 70182] [49.0] [cxt 0] Pipeline 'ingress': end
t=0.049 sw=1 flow=1 pkt=49 | [12:13:07.351] [bmv2] [D] [thread 70182] [49.0] [cxt 0] Pipeline 'egress': start
t=0.049 sw=1 flow=1 pkt=49 | [12:13:07.351] [bmv2] [T] [thread 70182] [49.0] [cxt 0] log_probe.p4(103) Condition "hdr.ipv4.isValid()" (node_8) is true
t=0.049 sw=1 flow=1 pkt=49 | [12:13:07.351] [bmv2] [T] [thread 70182] [49.0] [cxt 0] Applying table 'tbl_log_probe106'
t=0.049 sw=1 flow=1 pkt=49 | [12:13:07.351] [bmv2] [D] [thread 70182] [49.0] [cxt 0] Looking up key:
t=0.049 sw=1 flow=1 pkt=49 | [12:13:07.351] [bmv2] [D] [thread 70182] [49.0] [cxt 0] Table 'tbl_log_probe106': miss
t=0.049 sw=1 flow=1 pkt=49 | [12:13:07.351] [bmv2] [D] [thread 70182] [49.0] [cxt 0] Action entry is log_probe106 - 
t=0.049 sw=1 flow=1 pkt=49 | [12:13:07.351] [bmv2] [T] [thread 70182] [49.0] [cxt 0] Action log_probe106
t=0.049 sw=1 flow=1 pkt=49 | [12:13:07.351] [bmv2] [T] [thread 70182] [49.0] [cxt 0] log_probe.p4(106) Primitive shared_counters.read(n, 32w0)
t=0.049 sw=1 flow=1 pkt=49 | [12:13:07.351] [bmv2] [T] [thread 70182] [49.0] [cxt 0] Read register 'shared_counters' at index 0 read value 99
t=0.049 sw=1 flow=1 pkt=49 | [12:13:07.351] [bmv2] [T] [thread 70182] [49.0] [cxt 0] log_probe.p4(107) Primitive n + 1
t=0.049 sw=1 flow=1 pkt=49 | [12:13:07.351] [bmv2] [T] [thread 70182] [49.0] [cxt 0] log_probe.p4(107) Primitive shared_counters.write(32w0, n + 1)
t=0.049 sw=1 flow=1 pkt=49 | [12:13:07.351] [bmv2] [T] [thread 70182] [49.0] [cxt 0] Wrote register 'shared_counters' at index 0 with value 100
t=0.049 sw=1 flow=1 pkt=49 | [12:13:07.351] [bmv2] [T] [thread 70182] [49.0] [cxt 0] log_probe.p4(111) Primitive shared_counters.read(e, 32w1)
t=0.049 sw=1 flow=1 pkt=49 | [12:13:07.351] [bmv2] [T] [thread 70182] [49.0] [cxt 0] Read register 'shared_counters' at index 1 read value 49
t=0.049 sw=1 flow=1 pkt=49 | [12:13:07.351] [bmv2] [T] [thread 70182] [49.0] [cxt 0] log_probe.p4(112) Primitive e + 1
t=0.049 sw=1 flow=1 pkt=49 | [12:13:07.351] [bmv2] [T] [thread 70182] [49.0] [cxt 0] log_probe.p4(112) Primitive shared_counters.write(32w1, e + 1)
t=0.049 sw=1 flow=1 pkt=49 | [12:13:07.351] [bmv2] [T] [thread 70182] [49.0] [cxt 0] Wrote register 'shared_counters' at index 1 with value 50
t=0.049 sw=1 flow=1 pkt=49 | [12:13:07.351] [bmv2] [D] [thread 70182] [49.0] [cxt 0] Pipeline 'egress': end
t=0.049 sw=1 flow=1 pkt=49 | [12:13:07.351] [bmv2] [D] [thread 70182] [49.0] [cxt 0] Deparser 'deparser': start
t=0.049 sw=1 flow=1 pkt=49 | [12:13:07.351] [bmv2] [D] [thread 70182] [49.0] [cxt 0] Deparsing header 'ethernet'
t=0.049 sw=1 flow=1 pkt=49 | [12:13:07.351] [bmv2] [D] [thread 70182] [49.0] [cxt 0] Deparsing header 'ipv4'
t=0.049 sw=1 flow=1 pkt=49 | [12:13:07.351] [bmv2] [D] [thread 70182] [49.0] [cxt 0] Deparser 'deparser': end
